{
"type": "FeatureCollection",
"name": "Abila",
"crs": { "type": "name", "properties": { "name": "urn:ogc:def:crs:OGC:1.3:CRS84" } },
"features": [
{ "type": "Feature", "properties": { "TLID": 184632270, "FEDIRP": "N", "FENAME": "Hallanol", "FETYPE": "Dr", "FEDIRS": null, "FRADDL": null, "TOADDL": null, "FRADDR": null, "TOADDR": null }, "geometry": { "type": "LineString", "coordinates": [ [ 24.841486, 36.070512 ], [ 24.841563, 36.07042 ] ] } },
{ "type": "Feature", "properties": { "TLID": 184632283, "FEDIRP": "S", "FENAME": "Ermou", "FETYPE": "St", "FEDIRS": null, "FRADDL": null, "TOADDL": null, "FRADDR": null, "TOADDR": null }, "geometry": { "type": "LineString", "coordinates": [ [ 24.847478, 36.048091 ], [ 24.848369, 36.048074 ] ] } },
{ "type": "Feature", "properties": { "TLID": 184632377, "FEDIRP": "N", "FENAME": "Handstil", "FETYPE": "Pl", "FEDIRS": null, "FRADDL": null, "TOADDL": null, "FRADDR": null, "TOADDR": null }, "geometry": { "type": "LineString", "coordinates": [ [ 24.841563, 36.07042 ], [ 24.841963, 36.07072 ] ] } },
{ "type": "Feature", "properties": { "TLID": 184633316, "FEDIRP": null, "FENAME": null, "FETYPE": null, "FEDIRS": null, "FRADDL": null, "TOADDL": null, "FRADDR": null, "TOADDR": null }, "geometry": { "type": "LineString", "coordinates": [ [ 24.847472, 36.049127 ], [ 24.847416, 36.049127 ] ] } },
{ "type": "Feature", "properties": { "TLID": 184633423, "FEDIRP": "N", "FENAME": "Pilau", "FETYPE": "St", "FEDIRS": null, "FRADDL": 3699.0, "TOADDL": 3097.0, "FRADDR": null, "TOADDR": null }, "geometry": { "type": "LineString", "coordinates": [ [ 24.844279, 36.07631 ], [ 24.844363, 36.07622 ] ] } },
{ "type": "Feature", "properties": { "TLID": 184633684, "FEDIRP": "N", "FENAME": "Tempon", "FETYPE": "Dr", "FEDIRS": null, "FRADDL": null, "TOADDL": null, "FRADDR": null, "TOADDR": null }, "geometry": { "type": "LineString", "coordinates": [ [ 24.839163, 36.07692 ], [ 24.839091, 36.077012 ] ] } },
{ "type": "Feature", "properties": { "TLID": 184642319, "FEDIRP": null, "FENAME": "Egeou", "FETYPE": "Ave", "FEDIRS": null, "FRADDL": 5600.0, "TOADDL": 5698.0, "FRADDR": 5569.0, "TOADDR": 5585.0 }, "geometry": { "type": "LineString", "coordinates": [ [ 24.848567, 36.05032 ], [ 24.847064, 36.05032 ] ] } },
{ "type": "Feature", "properties": { "TLID": 184642322, "FEDIRP": "N", "FENAME": "Leeno", "FETYPE": "St", "FEDIRS": null, "FRADDL": 4716.0, "TOADDL": 4798.0, "FRADDR": 4763.0, "TOADDR": 4799.0 }, "geometry": { "type": "LineString", "coordinates": [ [ 24.845963, 36.08712 ], [ 24.846063, 36.08782 ] ] } },
{ "type": "Feature", "properties": { "TLID": 184642323, "FEDIRP": "N", "FENAME": "Santaroza", "FETYPE": "St", "FEDIRS": null, "FRADDL": 5598.0, "TOADDL": 5500.0, "FRADDR": 5599.0, "TOADDR": 5501.0 }, "geometry": { "type": "LineString", "coordinates": [ [ 24.845963, 36.08712 ], [ 24.847737, 36.087125 ] ] } },
{ "type": "Feature", "properties": { "TLID": 184642332, "FEDIRP": null, "FENAME": "Reto", "FETYPE": "Way", "FEDIRS": null, "FRADDL": null, "TOADDL": null, "FRADDR": null, "TOADDR": null }, "geometry": { "type": "LineString", "coordinates": [ [ 24.845463, 36.090173 ], [ 24.846357, 36.090144 ] ] } },
{ "type": "Feature", "properties": { "TLID": 184642931, "FEDIRP": "N", "FENAME": "Rosyn", "FETYPE": "Dr", "FEDIRS": null, "FRADDL": 5300.0, "TOADDL": 5308.0, "FRADDR": null, "TOADDR": null }, "geometry": { "type": "LineString", "coordinates": [ [ 24.833763, 36.09282 ], [ 24.832896, 36.093682 ], [ 24.832514, 36.093942 ], [ 24.832316, 36.094293 ], [ 24.831994, 36.094468 ], [ 24.831476, 36.09456 ], [ 24.830957, 36.094598 ], [ 24.830499, 36.094697 ], [ 24.82998, 36.094918 ] ] } },
{ "type": "Feature", "properties": { "TLID": 184642937, "FEDIRP": "N", "FENAME": "Sachtouri", "FETYPE": "Ln", "FEDIRS": null, "FRADDL": null, "TOADDL": null, "FRADDR": null, "TOADDR": null }, "geometry": { "type": "LineString", "coordinates": [ [ 24.831339, 36.091355 ], [ 24.830958, 36.091523 ] ] } },
{ "type": "Feature", "properties": { "TLID": 184642938, "FEDIRP": null, "FENAME": "Pherlau", "FETYPE": "Ln", "FEDIRS": "N", "FRADDL": 6700.0, "TOADDL": 6798.0, "FRADDR": 6701.0, "TOADDR": 6799.0 }, "geometry": { "type": "LineString", "coordinates": [ [ 24.833781, 36.091111 ], [ 24.833353, 36.091271 ], [ 24.833094, 36.091447 ], [ 24.832896, 36.091615 ], [ 24.832438, 36.091622 ], [ 24.832117, 36.091661 ], [ 24.831858, 36.091615 ], [ 24.831599, 36.091523 ], [ 24.831339, 36.091355 ] ] } },
{ "type": "Feature", "properties": { "TLID": 184642939, "FEDIRP": null, "FENAME": "Pherlau", "FETYPE": "Ln", "FEDIRS": "N", "FRADDL": null, "TOADDL": null, "FRADDR": null, "TOADDR": null }, "geometry": { "type": "LineString", "coordinates": [ [ 24.831919, 36.090692 ], [ 24.831599, 36.090829 ], [ 24.831477, 36.090959 ], [ 24.8314, 36.091096 ], [ 24.8314, 36.09118 ], [ 24.831339, 36.091355 ] ] } },
{ "type": "Feature", "properties": { "TLID": 184642940, "FEDIRP": "N", "FENAME": "Obil", "FETYPE": "St", "FEDIRS": null, "FRADDL": 5000.0, "TOADDL": 5098.0, "FRADDR": 5001.0, "TOADDR": 5099.0 }, "geometry": { "type": "LineString", "coordinates": [ [ 24.833781, 36.091111 ], [ 24.833763, 36.09282 ] ] } },
{ "type": "Feature", "properties": { "TLID": 184642941, "FEDIRP": "N", "FENAME": "Distomou", "FETYPE": "St", "FEDIRS": null, "FRADDL": 6600.0, "TOADDL": 6798.0, "FRADDR": 6521.0, "TOADDR": 6799.0 }, "geometry": { "type": "LineString", "coordinates": [ [ 24.835163, 36.09282 ], [ 24.833763, 36.09282 ] ] } },
{ "type": "Feature", "properties": { "TLID": 184642942, "FEDIRP": "N", "FENAME": "Obil", "FETYPE": "St", "FEDIRS": null, "FRADDL": 4942.0, "TOADDL": 4998.0, "FRADDR": 4941.0, "TOADDR": 4999.0 }, "geometry": { "type": "LineString", "coordinates": [ [ 24.833872, 36.090524 ], [ 24.833781, 36.091111 ] ] } },
{ "type": "Feature", "properties": { "TLID": 184642955, "FEDIRP": "N", "FENAME": "Medel", "FETYPE": "St", "FEDIRS": null, "FRADDL": 5010.0, "TOADDL": 5220.0, "FRADDR": 5001.0, "TOADDR": 5223.0 }, "geometry": { "type": "LineString", "coordinates": [ [ 24.835063, 36.09102 ], [ 24.835163, 36.09282 ] ] } },
{ "type": "Feature", "properties": { "TLID": 184642956, "FEDIRP": "N", "FENAME": "Distomou", "FETYPE": "St", "FEDIRS": null, "FRADDL": 6500.0, "TOADDL": 6598.0, "FRADDR": 6501.0, "TOADDR": 6519.0 }, "geometry": { "type": "LineString", "coordinates": [ [ 24.836463, 36.09282 ], [ 24.835163, 36.09282 ] ] } },
{ "type": "Feature", "properties": { "TLID": 184642957, "FEDIRP": "N", "FENAME": "Diogenous", "FETYPE": "St", "FEDIRS": null, "FRADDL": null, "TOADDL": null, "FRADDR": null, "TOADDR": null }, "geometry": { "type": "LineString", "coordinates": [ [ 24.833781, 36.091111 ], [ 24.834339, 36.091057 ] ] } },
{ "type": "Feature", "properties": { "TLID": 184642958, "FEDIRP": "N", "FENAME": "Diogenous", "FETYPE": "St", "FEDIRS": null, "FRADDL": null, "TOADDL": null, "FRADDR": null, "TOADDR": null }, "geometry": { "type": "LineString", "coordinates": [ [ 24.834339, 36.091057 ], [ 24.835063, 36.09102 ] ] } },
{ "type": "Feature", "properties": { "TLID": 184642960, "FEDIRP": "N", "FENAME": "Diogenous", "FETYPE": "St", "FEDIRS": null, "FRADDL": 6500.0, "TOADDL": 6598.0, "FRADDR": 6501.0, "TOADDR": 6599.0 }, "geometry": { "type": "LineString", "coordinates": [ [ 24.836363, 36.09102 ], [ 24.835063, 36.09102 ] ] } },
{ "type": "Feature", "properties": { "TLID": 184642961, "FEDIRP": "N", "FENAME": "Medel", "FETYPE": "St", "FEDIRS": null, "FRADDL": 4900.0, "TOADDL": 5008.0, "FRADDR": 4907.0, "TOADDR": 4999.0 }, "geometry": { "type": "LineString", "coordinates": [ [ 24.835063, 36.08922 ], [ 24.835063, 36.09102 ] ] } },
{ "type": "Feature", "properties": { "TLID": 184642962, "FEDIRP": "N", "FENAME": "Kakavaki", "FETYPE": "St", "FEDIRS": null, "FRADDL": 5002.0, "TOADDL": 5304.0, "FRADDR": 5009.0, "TOADDR": 5299.0 }, "geometry": { "type": "LineString", "coordinates": [ [ 24.836363, 36.09102 ], [ 24.836463, 36.09282 ] ] } },
{ "type": "Feature", "properties": { "TLID": 184642963, "FEDIRP": "N", "FENAME": "Kakavaki", "FETYPE": "St", "FEDIRS": null, "FRADDL": 4900.0, "TOADDL": 5000.0, "FRADDR": 4909.0, "TOADDR": 5007.0 }, "geometry": { "type": "LineString", "coordinates": [ [ 24.836349, 36.08984 ], [ 24.836363, 36.09102 ] ] } },
{ "type": "Feature", "properties": { "TLID": 184642964, "FEDIRP": null, "FENAME": "Pherlau", "FETYPE": "Ln", "FEDIRS": "N", "FRADDL": null, "TOADDL": null, "FRADDR": null, "TOADDR": null }, "geometry": { "type": "LineString", "coordinates": [ [ 24.832316, 36.08999 ], [ 24.831995, 36.090241 ], [ 24.831919, 36.090333 ], [ 24.831919, 36.09047 ], [ 24.831919, 36.090547 ], [ 24.831919, 36.090692 ] ] } },
{ "type": "Feature", "properties": { "TLID": 184642965, "FEDIRP": "N", "FENAME": "Pergamou", "FETYPE": "Ln", "FEDIRS": null, "FRADDL": 6700.0, "TOADDL": 6798.0, "FRADDR": 6701.0, "TOADDR": 6799.0 }, "geometry": { "type": "LineString", "coordinates": [ [ 24.833872, 36.090524 ], [ 24.833414, 36.090478 ], [ 24.833033, 36.090554 ], [ 24.832575, 36.090737 ], [ 24.832316, 36.090737 ], [ 24.832179, 36.090692 ], [ 24.831919, 36.090692 ] ] } },
{ "type": "Feature", "properties": { "TLID": 184642967, "FEDIRP": "N", "FENAME": "Obil", "FETYPE": "St", "FEDIRS": null, "FRADDL": 4900.0, "TOADDL": 4940.0, "FRADDR": 4901.0, "TOADDR": 4939.0 }, "geometry": { "type": "LineString", "coordinates": [ [ 24.833872, 36.089471 ], [ 24.833872, 36.090524 ] ] } },
{ "type": "Feature", "properties": { "TLID": 184642968, "FEDIRP": "N", "FENAME": "Desafio", "FETYPE": "St", "FEDIRS": null, "FRADDL": 6614.0, "TOADDL": 6798.0, "FRADDR": 6601.0, "TOADDR": 6709.0 }, "geometry": { "type": "LineString", "coordinates": [ [ 24.834363, 36.08922 ], [ 24.833872, 36.089471 ] ] } },
{ "type": "Feature", "properties": { "TLID": 184642972, "FEDIRP": "N", "FENAME": "Desafio", "FETYPE": "St", "FEDIRS": null, "FRADDL": 6500.0, "TOADDL": 6612.0, "FRADDR": 6577.0, "TOADDR": 6599.0 }, "geometry": { "type": "LineString", "coordinates": [ [ 24.835063, 36.08922 ], [ 24.834363, 36.08922 ] ] } },
{ "type": "Feature", "properties": { "TLID": 184642977, "FEDIRP": "N", "FENAME": "Medel", "FETYPE": "St", "FEDIRS": null, "FRADDL": 4850.0, "TOADDL": 4898.0, "FRADDR": 4851.0, "TOADDR": 4905.0 }, "geometry": { "type": "LineString", "coordinates": [ [ 24.835163, 36.08892 ], [ 24.835063, 36.08922 ] ] } },
{ "type": "Feature", "properties": { "TLID": 184642979, "FEDIRP": "N", "FENAME": "Medel", "FETYPE": "St", "FEDIRS": null, "FRADDL": 4824.0, "TOADDL": 4848.0, "FRADDR": 4815.0, "TOADDR": 4849.0 }, "geometry": { "type": "LineString", "coordinates": [ [ 24.834363, 36.08812 ], [ 24.834363, 36.08882 ] ] } },
{ "type": "Feature", "properties": { "TLID": 184642980, "FEDIRP": "N", "FENAME": "Medel", "FETYPE": "St", "FEDIRS": null, "FRADDL": 4800.0, "TOADDL": 4822.0, "FRADDR": 4801.0, "TOADDR": 4813.0 }, "geometry": { "type": "LineString", "coordinates": [ [ 24.834363, 36.08782 ], [ 24.834363, 36.08812 ] ] } },
{ "type": "Feature", "properties": { "TLID": 184642981, "FEDIRP": "N", "FENAME": "Joya", "FETYPE": "Rd", "FEDIRS": null, "FRADDL": 6400.0, "TOADDL": 6598.0, "FRADDR": 6401.0, "TOADDR": 6599.0 }, "geometry": { "type": "LineString", "coordinates": [ [ 24.835963, 36.08812 ], [ 24.834363, 36.08812 ] ] } },
{ "type": "Feature", "properties": { "TLID": 184642982, "FEDIRP": "N", "FENAME": "Derwen", "FETYPE": "St", "FEDIRS": null, "FRADDL": 6600.0, "TOADDL": 6650.0, "FRADDR": 6601.0, "TOADDR": 6649.0 }, "geometry": { "type": "LineString", "coordinates": [ [ 24.834963, 36.08772 ], [ 24.834363, 36.08782 ] ] } },
{ "type": "Feature", "properties": { "TLID": 184642984, "FEDIRP": "N", "FENAME": "Kiou", "FETYPE": "St", "FEDIRS": null, "FRADDL": 6550.0, "TOADDL": 6598.0, "FRADDR": 6551.0, "TOADDR": 6599.0 }, "geometry": { "type": "LineString", "coordinates": [ [ 24.835163, 36.08892 ], [ 24.834363, 36.08882 ] ] } },
{ "type": "Feature", "properties": { "TLID": 184642985, "FEDIRP": "N", "FENAME": "Kiou", "FETYPE": "St", "FEDIRS": null, "FRADDL": 6500.0, "TOADDL": 6548.0, "FRADDR": 6501.0, "TOADDR": 6549.0 }, "geometry": { "type": "LineString", "coordinates": [ [ 24.835763, 36.08872 ], [ 24.835163, 36.08892 ] ] } },
{ "type": "Feature", "properties": { "TLID": 184642986, "FEDIRP": "N", "FENAME": "Derwen", "FETYPE": "St", "FEDIRS": null, "FRADDL": 6500.0, "TOADDL": 6598.0, "FRADDR": 6421.0, "TOADDR": 6599.0 }, "geometry": { "type": "LineString", "coordinates": [ [ 24.836463, 36.08772 ], [ 24.834963, 36.08772 ] ] } },
{ "type": "Feature", "properties": { "TLID": 184642987, "FEDIRP": "N", "FENAME": "Medel", "FETYPE": "St", "FEDIRS": null, "FRADDL": 4600.0, "TOADDL": 4798.0, "FRADDR": 4601.0, "TOADDR": 4799.0 }, "geometry": { "type": "LineString", "coordinates": [ [ 24.835363, 36.08562 ], [ 24.834963, 36.08772 ] ] } },
{ "type": "Feature", "properties": { "TLID": 184642989, "FEDIRP": "N", "FENAME": "Kakavaki", "FETYPE": "St", "FEDIRS": null, "FRADDL": null, "TOADDL": null, "FRADDR": 4901.0, "TOADDR": 4907.0 }, "geometry": { "type": "LineString", "coordinates": [ [ 24.836363, 36.08922 ], [ 24.836349, 36.08984 ] ] } },
{ "type": "Feature", "properties": { "TLID": 184642990, "FEDIRP": "N", "FENAME": "Desafio", "FETYPE": "St", "FEDIRS": null, "FRADDL": 6400.0, "TOADDL": 6498.0, "FRADDR": 6435.0, "TOADDR": 6499.0 }, "geometry": { "type": "LineString", "coordinates": [ [ 24.837163, 36.08922 ], [ 24.836363, 36.08922 ] ] } },
{ "type": "Feature", "properties": { "TLID": 184642991, "FEDIRP": "N", "FENAME": "Joya", "FETYPE": "Rd", "FEDIRS": null, "FRADDL": 4800.0, "TOADDL": 4848.0, "FRADDR": 4801.0, "TOADDR": 4849.0 }, "geometry": { "type": "LineString", "coordinates": [ [ 24.837163, 36.08922 ], [ 24.837163, 36.08882 ] ] } },
{ "type": "Feature", "properties": { "TLID": 184642992, "FEDIRP": "N", "FENAME": "Desafio", "FETYPE": "St", "FEDIRS": null, "FRADDL": 6350.0, "TOADDL": 6398.0, "FRADDR": 6401.0, "TOADDR": 6433.0 }, "geometry": { "type": "LineString", "coordinates": [ [ 24.837563, 36.08922 ], [ 24.837163, 36.08922 ] ] } },
{ "type": "Feature", "properties": { "TLID": 184642993, "FEDIRP": "N", "FENAME": "Kakavaki", "FETYPE": "St", "FEDIRS": null, "FRADDL": 4800.0, "TOADDL": 4850.0, "FRADDR": 4801.0, "TOADDR": 4851.0 }, "geometry": { "type": "LineString", "coordinates": [ [ 24.835963, 36.08812 ], [ 24.835763, 36.08872 ] ] } },
{ "type": "Feature", "properties": { "TLID": 184642994, "FEDIRP": "N", "FENAME": "Joya", "FETYPE": "Rd", "FEDIRS": null, "FRADDL": 4850.0, "TOADDL": 6398.0, "FRADDR": 4851.0, "TOADDR": 6399.0 }, "geometry": { "type": "LineString", "coordinates": [ [ 24.837163, 36.08882 ], [ 24.835963, 36.08812 ] ] } },
{ "type": "Feature", "properties": { "TLID": 184642995, "FEDIRP": "N", "FENAME": "Kiou", "FETYPE": "St", "FEDIRS": null, "FRADDL": 6300.0, "TOADDL": 6398.0, "FRADDR": 6301.0, "TOADDR": 6399.0 }, "geometry": { "type": "LineString", "coordinates": [ [ 24.839176, 36.088751 ], [ 24.837163, 36.08882 ] ] } },
{ "type": "Feature", "properties": { "TLID": 184642996, "FEDIRP": "N", "FENAME": "Kakavaki", "FETYPE": "St", "FEDIRS": null, "FRADDL": 4650.0, "TOADDL": 4698.0, "FRADDR": 4701.0, "TOADDR": 4799.0 }, "geometry": { "type": "LineString", "coordinates": [ [ 24.836463, 36.08672 ], [ 24.836463, 36.08772 ] ] } },
{ "type": "Feature", "properties": { "TLID": 184642997, "FEDIRP": "N", "FENAME": "Derwen", "FETYPE": "St", "FEDIRS": null, "FRADDL": 6400.0, "TOADDL": 6498.0, "FRADDR": 6401.0, "TOADDR": 6419.0 }, "geometry": { "type": "LineString", "coordinates": [ [ 24.837263, 36.08752 ], [ 24.836463, 36.08772 ] ] } },
{ "type": "Feature", "properties": { "TLID": 184642999, "FEDIRP": null, "FENAME": null, "FETYPE": null, "FEDIRS": null, "FRADDL": null, "TOADDL": null, "FRADDR": null, "TOADDR": null }, "geometry": { "type": "LineString", "coordinates": [ [ 24.83465, 36.085069 ], [ 24.834696, 36.085824 ] ] } },
{ "type": "Feature", "properties": { "TLID": 184643000, "FEDIRP": null, "FENAME": "Grammou", "FETYPE": null, "FEDIRS": null, "FRADDL": null, "TOADDL": null, "FRADDR": null, "TOADDR": null }, "geometry": { "type": "LineString", "coordinates": [ [ 24.834696, 36.085824 ], [ 24.835363, 36.08562 ] ] } },
{ "type": "Feature", "properties": { "TLID": 184643001, "FEDIRP": null, "FENAME": null, "FETYPE": null, "FEDIRS": null, "FRADDL": null, "TOADDL": null, "FRADDR": null, "TOADDR": null }, "geometry": { "type": "LineString", "coordinates": [ [ 24.835863, 36.08562 ], [ 24.835363, 36.08562 ] ] } },
{ "type": "Feature", "properties": { "TLID": 184643002, "FEDIRP": "N", "FENAME": "Kakavaki", "FETYPE": "St", "FEDIRS": null, "FRADDL": 4600.0, "TOADDL": 4648.0, "FRADDR": 4601.0, "TOADDR": 4699.0 }, "geometry": { "type": "LineString", "coordinates": [ [ 24.836463, 36.08562 ], [ 24.836463, 36.08672 ] ] } },
{ "type": "Feature", "properties": { "TLID": 184643003, "FEDIRP": "N", "FENAME": "Medel", "FETYPE": "St", "FEDIRS": null, "FRADDL": 4500.0, "TOADDL": 4598.0, "FRADDR": 4501.0, "TOADDR": 4599.0 }, "geometry": { "type": "LineString", "coordinates": [ [ 24.835663, 36.08462 ], [ 24.835863, 36.08562 ] ] } },
{ "type": "Feature", "properties": { "TLID": 184643004, "FEDIRP": "N", "FENAME": "Delfon", "FETYPE": "St", "FEDIRS": null, "FRADDL": 6500.0, "TOADDL": 6614.0, "FRADDR": 6501.0, "TOADDR": 6599.0 }, "geometry": { "type": "LineString", "coordinates": [ [ 24.836463, 36.08562 ], [ 24.835863, 36.08562 ] ] } },
{ "type": "Feature", "properties": { "TLID": 184643005, "FEDIRP": "N", "FENAME": "Darluniau", "FETYPE": "St", "FEDIRS": null, "FRADDL": 6500.0, "TOADDL": 6598.0, "FRADDR": 6501.0, "TOADDR": 6599.0 }, "geometry": { "type": "LineString", "coordinates": [ [ 24.836463, 36.08462 ], [ 24.835663, 36.08462 ] ] } },
{ "type": "Feature", "properties": { "TLID": 184643006, "FEDIRP": "N", "FENAME": "Medel", "FETYPE": "St", "FEDIRS": null, "FRADDL": 4300.0, "TOADDL": 4498.0, "FRADDR": 4301.0, "TOADDR": 4499.0 }, "geometry": { "type": "LineString", "coordinates": [ [ 24.835763, 36.08282 ], [ 24.835663, 36.08462 ] ] } },
{ "type": "Feature", "properties": { "TLID": 184643007, "FEDIRP": "N", "FENAME": "Kakavaki", "FETYPE": "St", "FEDIRS": null, "FRADDL": 4500.0, "TOADDL": 4598.0, "FRADDR": 4501.0, "TOADDR": 4599.0 }, "geometry": { "type": "LineString", "coordinates": [ [ 24.836463, 36.08462 ], [ 24.836463, 36.08562 ] ] } },
{ "type": "Feature", "properties": { "TLID": 184643008, "FEDIRP": "N", "FENAME": "Delfon", "FETYPE": "St", "FEDIRS": null, "FRADDL": 6400.0, "TOADDL": 6498.0, "FRADDR": 6351.0, "TOADDR": 6499.0 }, "geometry": { "type": "LineString", "coordinates": [ [ 24.838263, 36.08562 ], [ 24.836463, 36.08562 ] ] } },
{ "type": "Feature", "properties": { "TLID": 184643009, "FEDIRP": "N", "FENAME": "Kakavaki", "FETYPE": "St", "FEDIRS": null, "FRADDL": 4300.0, "TOADDL": 4498.0, "FRADDR": 4351.0, "TOADDR": 4499.0 }, "geometry": { "type": "LineString", "coordinates": [ [ 24.836463, 36.08272 ], [ 24.836463, 36.08462 ] ] } },
{ "type": "Feature", "properties": { "TLID": 184643010, "FEDIRP": "N", "FENAME": "Darluniau", "FETYPE": "St", "FEDIRS": null, "FRADDL": 6400.0, "TOADDL": 6498.0, "FRADDR": 6401.0, "TOADDR": 6499.0 }, "geometry": { "type": "LineString", "coordinates": [ [ 24.837563, 36.08462 ], [ 24.836463, 36.08462 ] ] } },
{ "type": "Feature", "properties": { "TLID": 184643012, "FEDIRP": "N", "FENAME": "Carretera", "FETYPE": "St", "FEDIRS": null, "FRADDL": 6500.0, "TOADDL": 6598.0, "FRADDR": 6501.0, "TOADDR": 6599.0 }, "geometry": { "type": "LineString", "coordinates": [ [ 24.836463, 36.08272 ], [ 24.835763, 36.08282 ] ] } },
{ "type": "Feature", "properties": { "TLID": 184643013, "FEDIRP": "N", "FENAME": "Kakavaki", "FETYPE": "St", "FEDIRS": null, "FRADDL": 4150.0, "TOADDL": 4298.0, "FRADDR": 4201.0, "TOADDR": 4349.0 }, "geometry": { "type": "LineString", "coordinates": [ [ 24.836563, 36.08192 ], [ 24.836463, 36.08272 ] ] } },
{ "type": "Feature", "properties": { "TLID": 184643014, "FEDIRP": "N", "FENAME": "Kakavaki", "FETYPE": "St", "FEDIRS": null, "FRADDL": 4000.0, "TOADDL": 4148.0, "FRADDR": 4001.0, "TOADDR": 4199.0 }, "geometry": { "type": "LineString", "coordinates": [ [ 24.836363, 36.08002 ], [ 24.836563, 36.08192 ] ] } },
{ "type": "Feature", "properties": { "TLID": 184643015, "FEDIRP": "N", "FENAME": "Carnero", "FETYPE": "St", "FEDIRS": null, "FRADDL": 6400.0, "TOADDL": 6498.0, "FRADDR": 6401.0, "TOADDR": 6499.0 }, "geometry": { "type": "LineString", "coordinates": [ [ 24.837563, 36.08192 ], [ 24.836563, 36.08192 ] ] } },
{ "type": "Feature", "properties": { "TLID": 184643017, "FEDIRP": "N", "FENAME": "Camino", "FETYPE": "St", "FEDIRS": null, "FRADDL": 6400.0, "TOADDL": 6498.0, "FRADDR": 6401.0, "TOADDR": 6499.0 }, "geometry": { "type": "LineString", "coordinates": [ [ 24.837463, 36.08002 ], [ 24.836363, 36.08002 ] ] } },
{ "type": "Feature", "properties": { "TLID": 184643047, "FEDIRP": "N", "FENAME": "Kiprou", "FETYPE": "St", "FEDIRS": null, "FRADDL": 2000.0, "TOADDL": 2206.0, "FRADDR": 1751.0, "TOADDR": 2299.0 }, "geometry": { "type": "LineString", "coordinates": [ [ 24.824063, 36.06182 ], [ 24.824163, 36.06352 ] ] } },
{ "type": "Feature", "properties": { "TLID": 184643048, "FEDIRP": "N", "FENAME": "Anrop", "FETYPE": "St", "FEDIRS": null, "FRADDL": 7308.0, "TOADDL": 7398.0, "FRADDR": 7301.0, "TOADDR": 7313.0 }, "geometry": { "type": "LineString", "coordinates": [ [ 24.825963, 36.06352 ], [ 24.824163, 36.06352 ] ] } },
{ "type": "Feature", "properties": { "TLID": 184643053, "FEDIRP": "N", "FENAME": "Kiprou", "FETYPE": "St", "FEDIRS": null, "FRADDL": 1700.0, "TOADDL": 1998.0, "FRADDR": 1701.0, "TOADDR": 1749.0 }, "geometry": { "type": "LineString", "coordinates": [ [ 24.824163, 36.06032 ], [ 24.824063, 36.06182 ] ] } },
{ "type": "Feature", "properties": { "TLID": 184643057, "FEDIRP": "N", "FENAME": "Kiprou", "FETYPE": "St", "FEDIRS": null, "FRADDL": 1500.0, "TOADDL": 1698.0, "FRADDR": 1501.0, "TOADDR": 1699.0 }, "geometry": { "type": "LineString", "coordinates": [ [ 24.824263, 36.05852 ], [ 24.824163, 36.06032 ] ] } },
{ "type": "Feature", "properties": { "TLID": 184643058, "FEDIRP": "N", "FENAME": "Alfiou", "FETYPE": "St", "FEDIRS": null, "FRADDL": 7300.0, "TOADDL": 7398.0, "FRADDR": 7301.0, "TOADDR": 7399.0 }, "geometry": { "type": "LineString", "coordinates": [ [ 24.825663, 36.06022 ], [ 24.824163, 36.06032 ] ] } },
{ "type": "Feature", "properties": { "TLID": 184643073, "FEDIRP": "N", "FENAME": "Kiprou", "FETYPE": "St", "FEDIRS": null, "FRADDL": 1300.0, "TOADDL": 1498.0, "FRADDR": 1301.0, "TOADDR": 1499.0 }, "geometry": { "type": "LineString", "coordinates": [ [ 24.824363, 36.05662 ], [ 24.824263, 36.05852 ] ] } },
{ "type": "Feature", "properties": { "TLID": 184643074, "FEDIRP": "N", "FENAME": "Alamanas", "FETYPE": "St", "FEDIRS": null, "FRADDL": 7300.0, "TOADDL": 7398.0, "FRADDR": 7301.0, "TOADDR": 7399.0 }, "geometry": { "type": "LineString", "coordinates": [ [ 24.825663, 36.05852 ], [ 24.824263, 36.05852 ] ] } },
{ "type": "Feature", "properties": { "TLID": 184643077, "FEDIRP": null, "FENAME": "Kiprou", "FETYPE": "St", "FEDIRS": null, "FRADDL": 1100.0, "TOADDL": 1298.0, "FRADDR": 1131.0, "TOADDR": 1299.0 }, "geometry": { "type": "LineString", "coordinates": [ [ 24.824363, 36.05482 ], [ 24.824363, 36.05662 ] ] } },
{ "type": "Feature", "properties": { "TLID": 184643082, "FEDIRP": "N", "FENAME": "Achilleos", "FETYPE": "St", "FEDIRS": null, "FRADDL": 7300.0, "TOADDL": 7398.0, "FRADDR": 7301.0, "TOADDR": 7399.0 }, "geometry": { "type": "LineString", "coordinates": [ [ 24.825663, 36.05482 ], [ 24.824363, 36.05482 ] ] } },
{ "type": "Feature", "properties": { "TLID": 184643091, "FEDIRP": "N", "FENAME": "Undeg", "FETYPE": "Dr", "FEDIRS": null, "FRADDL": 2490.0, "TOADDL": 2638.0, "FRADDR": 2415.0, "TOADDR": 2501.0 }, "geometry": { "type": "LineString", "coordinates": [ [ 24.825463, 36.06502 ], [ 24.826263, 36.06622 ] ] } },
{ "type": "Feature", "properties": { "TLID": 184643092, "FEDIRP": "N", "FENAME": "Undeg", "FETYPE": "Dr", "FEDIRS": null, "FRADDL": 2640.0, "TOADDL": 2698.0, "FRADDR": 2503.0, "TOADDR": 2699.0 }, "geometry": { "type": "LineString", "coordinates": [ [ 24.826263, 36.06622 ], [ 24.826463, 36.06672 ] ] } },
{ "type": "Feature", "properties": { "TLID": 184643093, "FEDIRP": "N", "FENAME": "Arkadou", "FETYPE": "St", "FEDIRS": null, "FRADDL": 7200.0, "TOADDL": 7298.0, "FRADDR": 6901.0, "TOADDR": 7299.0 }, "geometry": { "type": "LineString", "coordinates": [ [ 24.827363, 36.06672 ], [ 24.826463, 36.06672 ] ] } },
{ "type": "Feature", "properties": { "TLID": 184643094, "FEDIRP": null, "FENAME": null, "FETYPE": null, "FEDIRS": null, "FRADDL": null, "TOADDL": null, "FRADDR": null, "TOADDR": null }, "geometry": { "type": "LineString", "coordinates": [ [ 24.826263, 36.06622 ], [ 24.826426, 36.066278 ] ] } },
{ "type": "Feature", "properties": { "TLID": 184643095, "FEDIRP": "N", "FENAME": "Arbete", "FETYPE": "St", "FEDIRS": null, "FRADDL": 7200.0, "TOADDL": 7298.0, "FRADDR": 7201.0, "TOADDR": 7299.0 }, "geometry": { "type": "LineString", "coordinates": [ [ 24.826163, 36.06522 ], [ 24.825463, 36.06502 ] ] } },
{ "type": "Feature", "properties": { "TLID": 184643096, "FEDIRP": null, "FENAME": "Karaiskaki", "FETYPE": "St", "FEDIRS": null, "FRADDL": null, "TOADDL": null, "FRADDR": null, "TOADDR": null }, "geometry": { "type": "LineString", "coordinates": [ [ 24.827363, 36.06672 ], [ 24.827341, 36.066705 ] ] } },
{ "type": "Feature", "properties": { "TLID": 184643097, "FEDIRP": null, "FENAME": "Karaiskaki", "FETYPE": "St", "FEDIRS": null, "FRADDL": 2599.0, "TOADDL": 2301.0, "FRADDR": 2598.0, "TOADDR": 2300.0 }, "geometry": { "type": "LineString", "coordinates": [ [ 24.827341, 36.066705 ], [ 24.827363, 36.06352 ] ] } },
{ "type": "Feature", "properties": { "TLID": 184643099, "FEDIRP": "N", "FENAME": "Owena", "FETYPE": "Pl", "FEDIRS": null, "FRADDL": 2958.0, "TOADDL": 3014.0, "FRADDR": 2915.0, "TOADDR": 3023.0 }, "geometry": { "type": "LineString", "coordinates": [ [ 24.828944, 36.068391 ], [ 24.828303, 36.069139 ] ] } },
{ "type": "Feature", "properties": { "TLID": 184643100, "FEDIRP": "N", "FENAME": "Gata", "FETYPE": "Ln", "FEDIRS": null, "FRADDL": 6999.0, "TOADDL": 6901.0, "FRADDR": 6998.0, "TOADDR": 6900.0 }, "geometry": { "type": "LineString", "coordinates": [ [ 24.828944, 36.068391 ], [ 24.82812, 36.067819 ] ] } },
{ "type": "Feature", "properties": { "TLID": 184643101, "FEDIRP": "N", "FENAME": "Owena", "FETYPE": "Pl", "FEDIRS": null, "FRADDL": 2912.0, "TOADDL": 2956.0, "FRADDR": 2823.0, "TOADDR": 2913.0 }, "geometry": { "type": "LineString", "coordinates": [ [ 24.829981, 36.068162 ], [ 24.828944, 36.068391 ] ] } },
{ "type": "Feature", "properties": { "TLID": 184643103, "FEDIRP": "N", "FENAME": "Gawenoliau", "FETYPE": "Dr", "FEDIRS": null, "FRADDL": 2500.0, "TOADDL": 2698.0, "FRADDR": 2401.0, "TOADDR": 2699.0 }, "geometry": { "type": "LineString", "coordinates": [ [ 24.828263, 36.06482 ], [ 24.828663, 36.06592 ], [ 24.828863, 36.06682 ] ] } },
{ "type": "Feature", "properties": { "TLID": 184643104, "FEDIRP": "N", "FENAME": "Arkadou", "FETYPE": "St", "FEDIRS": null, "FRADDL": 7000.0, "TOADDL": 7098.0, "FRADDR": 7001.0, "TOADDR": 7099.0 }, "geometry": { "type": "LineString", "coordinates": [ [ 24.829263, 36.06692 ], [ 24.828863, 36.06682 ] ] } },
{ "type": "Feature", "properties": { "TLID": 184643105, "FEDIRP": null, "FENAME": "Ious", "FETYPE": "Cir", "FEDIRS": "N", "FRADDL": 2600.0, "TOADDL": 2698.0, "FRADDR": 2601.0, "TOADDR": 2699.0 }, "geometry": { "type": "LineString", "coordinates": [ [ 24.829263, 36.06642 ], [ 24.829263, 36.06692 ] ] } },
{ "type": "Feature", "properties": { "TLID": 184643107, "FEDIRP": "N", "FENAME": "Oveja", "FETYPE": "Ln", "FEDIRS": null, "FRADDL": 6900.0, "TOADDL": 6998.0, "FRADDR": 6901.0, "TOADDR": 6999.0 }, "geometry": { "type": "LineString", "coordinates": [ [ 24.829539, 36.067727 ], [ 24.829981, 36.068162 ] ] } },
{ "type": "Feature", "properties": { "TLID": 184643111, "FEDIRP": "N", "FENAME": "Narkissou", "FETYPE": "St", "FEDIRS": null, "FRADDL": 6500.0, "TOADDL": 6598.0, "FRADDR": 6501.0, "TOADDR": 6599.0 }, "geometry": { "type": "LineString", "coordinates": [ [ 24.835363, 36.07562 ], [ 24.834863, 36.07552 ] ] } },
{ "type": "Feature", "properties": { "TLID": 184643112, "FEDIRP": "N", "FENAME": "Narkissou", "FETYPE": "St", "FEDIRS": null, "FRADDL": 6600.0, "TOADDL": 6698.0, "FRADDR": 6601.0, "TOADDR": 6699.0 }, "geometry": { "type": "LineString", "coordinates": [ [ 24.834863, 36.07552 ], [ 24.833463, 36.07532 ] ] } },
{ "type": "Feature", "properties": { "TLID": 184643113, "FEDIRP": "N", "FENAME": "Owena", "FETYPE": "Pl", "FEDIRS": null, "FRADDL": 2800.0, "TOADDL": 2830.0, "FRADDR": 2601.0, "TOADDR": 2661.0 }, "geometry": { "type": "LineString", "coordinates": [ [ 24.831063, 36.06672 ], [ 24.831156, 36.067231 ] ] } },
{ "type": "Feature", "properties": { "TLID": 184643114, "FEDIRP": "N", "FENAME": "Artakis", "FETYPE": "St", "FEDIRS": null, "FRADDL": 6700.0, "TOADDL": 6898.0, "FRADDR": 6701.0, "TOADDR": 6899.0 }, "geometry": { "type": "LineString", "coordinates": [ [ 24.833216, 36.067201 ], [ 24.831156, 36.067231 ] ] } },
{ "type": "Feature", "properties": { "TLID": 184643119, "FEDIRP": "N", "FENAME": "Opalante", "FETYPE": "Dr", "FEDIRS": null, "FRADDL": 2800.0, "TOADDL": 2998.0, "FRADDR": 2801.0, "TOADDR": 2999.0 }, "geometry": { "type": "LineString", "coordinates": [ [ 24.836329, 36.067063 ], [ 24.83639, 36.068826 ] ] } },
{ "type": "Feature", "properties": { "TLID": 184643121, "FEDIRP": "N", "FENAME": "Opalante", "FETYPE": "Dr", "FEDIRS": null, "FRADDL": null, "TOADDL": null, "FRADDR": null, "TOADDR": null }, "geometry": { "type": "LineString", "coordinates": [ [ 24.836253, 36.066896 ], [ 24.836329, 36.067063 ] ] } },
{ "type": "Feature", "properties": { "TLID": 184643125, "FEDIRP": "N", "FENAME": "Arkadiou", "FETYPE": "St", "FEDIRS": null, "FRADDL": 6499.0, "TOADDL": 6301.0, "FRADDR": 6498.0, "TOADDR": 6300.0 }, "geometry": { "type": "LineString", "coordinates": [ [ 24.836253, 36.066896 ], [ 24.839263, 36.06602 ] ] } },
{ "type": "Feature", "properties": { "TLID": 184643127, "FEDIRP": "N", "FENAME": "Kiprou", "FETYPE": "St", "FEDIRS": null, "FRADDL": 2208.0, "TOADDL": 2398.0, "FRADDR": 2301.0, "TOADDR": 2399.0 }, "geometry": { "type": "LineString", "coordinates": [ [ 24.824163, 36.06352 ], [ 24.824663, 36.06442 ] ] } },
{ "type": "Feature", "properties": { "TLID": 184643128, "FEDIRP": "N", "FENAME": "Undeg", "FETYPE": "Dr", "FEDIRS": null, "FRADDL": 2442.0, "TOADDL": 2488.0, "FRADDR": 2387.0, "TOADDR": 2413.0 }, "geometry": { "type": "LineString", "coordinates": [ [ 24.825724, 36.064645 ], [ 24.825463, 36.06502 ] ] } },
{ "type": "Feature", "properties": { "TLID": 184643131, "FEDIRP": "N", "FENAME": "Kanari", "FETYPE": "Cir", "FEDIRS": null, "FRADDL": 2000.0, "TOADDL": 2098.0, "FRADDR": 2001.0, "TOADDR": 2099.0 }, "geometry": { "type": "LineString", "coordinates": [ [ 24.825363, 36.06262 ], [ 24.824963, 36.06282 ] ] } },
{ "type": "Feature", "properties": { "TLID": 184643132, "FEDIRP": "N", "FENAME": "Karaiskaki", "FETYPE": "St", "FEDIRS": null, "FRADDL": 2000.0, "TOADDL": 2248.0, "FRADDR": 2001.0, "TOADDR": 2249.0 }, "geometry": { "type": "LineString", "coordinates": [ [ 24.824063, 36.06182 ], [ 24.825363, 36.06262 ] ] } },
{ "type": "Feature", "properties": { "TLID": 184643133, "FEDIRP": null, "FENAME": null, "FETYPE": null, "FEDIRS": null, "FRADDL": null, "TOADDL": null, "FRADDR": null, "TOADDR": null }, "geometry": { "type": "LineString", "coordinates": [ [ 24.825724, 36.064645 ], [ 24.826044, 36.064744 ] ] } },
{ "type": "Feature", "properties": { "TLID": 184643134, "FEDIRP": "N", "FENAME": "Anrop", "FETYPE": "St", "FEDIRS": null, "FRADDL": 7214.0, "TOADDL": 7306.0, "FRADDR": 7251.0, "TOADDR": 7299.0 }, "geometry": { "type": "LineString", "coordinates": [ [ 24.826563, 36.06362 ], [ 24.825963, 36.06352 ] ] } },
{ "type": "Feature", "properties": { "TLID": 184643135, "FEDIRP": "N", "FENAME": "Karaiskaki", "FETYPE": "St", "FEDIRS": null, "FRADDL": 2250.0, "TOADDL": 2398.0, "FRADDR": 2251.0, "TOADDR": 2399.0 }, "geometry": { "type": "LineString", "coordinates": [ [ 24.825363, 36.06262 ], [ 24.826563, 36.06362 ] ] } },
{ "type": "Feature", "properties": { "TLID": 184643136, "FEDIRP": "N", "FENAME": "Anrop", "FETYPE": "St", "FEDIRS": null, "FRADDL": 7200.0, "TOADDL": 7212.0, "FRADDR": 7201.0, "TOADDR": 7249.0 }, "geometry": { "type": "LineString", "coordinates": [ [ 24.827363, 36.06352 ], [ 24.826563, 36.06362 ] ] } },
{ "type": "Feature", "properties": { "TLID": 184643137, "FEDIRP": "N", "FENAME": "Anrop", "FETYPE": "St", "FEDIRS": null, "FRADDL": 7100.0, "TOADDL": 7198.0, "FRADDR": 7151.0, "TOADDR": 7199.0 }, "geometry": { "type": "LineString", "coordinates": [ [ 24.827763, 36.06352 ], [ 24.827363, 36.06352 ] ] } },
{ "type": "Feature", "properties": { "TLID": 184643138, "FEDIRP": "N", "FENAME": "Opalante", "FETYPE": "Dr", "FEDIRS": null, "FRADDL": 1700.0, "TOADDL": 2248.0, "FRADDR": 1701.0, "TOADDR": 2249.0 }, "geometry": { "type": "LineString", "coordinates": [ [ 24.824163, 36.06032 ], [ 24.827263, 36.06292 ] ] } },
{ "type": "Feature", "properties": { "TLID": 184643139, "FEDIRP": "N", "FENAME": "Gawenoliau", "FETYPE": "Dr", "FEDIRS": null, "FRADDL": 1742.0, "TOADDL": 1782.0, "FRADDR": 1745.0, "TOADDR": 1775.0 }, "geometry": { "type": "LineString", "coordinates": [ [ 24.828263, 36.06162 ], [ 24.827263, 36.06292 ] ] } },
{ "type": "Feature", "properties": { "TLID": 184643140, "FEDIRP": null, "FENAME": "Lonn", "FETYPE": "St", "FEDIRS": null, "FRADDL": 1500.0, "TOADDL": 1698.0, "FRADDR": 1501.0, "TOADDR": 1699.0 }, "geometry": { "type": "LineString", "coordinates": [ [ 24.825663, 36.05852 ], [ 24.825663, 36.06022 ] ] } },
{ "type": "Feature", "properties": { "TLID": 184643141, "FEDIRP": null, "FENAME": "Korai", "FETYPE": "Cir", "FEDIRS": null, "FRADDL": 1300.0, "TOADDL": 1398.0, "FRADDR": 1301.0, "TOADDR": 1399.0 }, "geometry": { "type": "LineString", "coordinates": [ [ 24.826963, 36.05912 ], [ 24.826363, 36.05962 ] ] } },
{ "type": "Feature", "properties": { "TLID": 184643142, "FEDIRP": "N", "FENAME": "Antoniadou", "FETYPE": "St", "FEDIRS": null, "FRADDL": 7050.0, "TOADDL": 7098.0, "FRADDR": 7051.0, "TOADDR": 7099.0 }, "geometry": { "type": "LineString", "coordinates": [ [ 24.828863, 36.06462 ], [ 24.828263, 36.06482 ] ] } },
{ "type": "Feature", "properties": { "TLID": 184643143, "FEDIRP": "N", "FENAME": "Opalante", "FETYPE": "Dr", "FEDIRS": null, "FRADDL": 2300.0, "TOADDL": 2398.0, "FRADDR": 2301.0, "TOADDR": 2399.0 }, "geometry": { "type": "LineString", "coordinates": [ [ 24.827763, 36.06352 ], [ 24.828863, 36.06462 ] ] } },
{ "type": "Feature", "properties": { "TLID": 184643144, "FEDIRP": "N", "FENAME": "Antoniadou", "FETYPE": "St", "FEDIRS": null, "FRADDL": 7000.0, "TOADDL": 7048.0, "FRADDR": 6913.0, "TOADDR": 7049.0 }, "geometry": { "type": "LineString", "coordinates": [ [ 24.830363, 36.06422 ], [ 24.828863, 36.06462 ] ] } },
{ "type": "Feature", "properties": { "TLID": 184643145, "FEDIRP": "N", "FENAME": "Opalante", "FETYPE": "Dr", "FEDIRS": null, "FRADDL": 2250.0, "TOADDL": 2298.0, "FRADDR": 2251.0, "TOADDR": 2299.0 }, "geometry": { "type": "LineString", "coordinates": [ [ 24.827263, 36.06292 ], [ 24.827763, 36.06352 ] ] } },
{ "type": "Feature", "properties": { "TLID": 184643146, "FEDIRP": "N", "FENAME": "Antoniadou", "FETYPE": "St", "FEDIRS": null, "FRADDL": 6900.0, "TOADDL": 6998.0, "FRADDR": 6901.0, "TOADDR": 6911.0 }, "geometry": { "type": "LineString", "coordinates": [ [ 24.831163, 36.06412 ], [ 24.830363, 36.06422 ] ] } },
{ "type": "Feature", "properties": { "TLID": 184643147, "FEDIRP": null, "FENAME": "Seranti", "FETYPE": "Dr", "FEDIRS": null, "FRADDL": 1702.0, "TOADDL": 2398.0, "FRADDR": 1801.0, "TOADDR": 2399.0 }, "geometry": { "type": "LineString", "coordinates": [ [ 24.830063, 36.06082 ], [ 24.829663, 36.06322 ], [ 24.830363, 36.06422 ] ] } },
{ "type": "Feature", "properties": { "TLID": 184643148, "FEDIRP": "N", "FENAME": "Lonn", "FETYPE": "St", "FEDIRS": null, "FRADDL": 1700.0, "TOADDL": 1798.0, "FRADDR": 1701.0, "TOADDR": 1799.0 }, "geometry": { "type": "LineString", "coordinates": [ [ 24.825663, 36.06022 ], [ 24.828263, 36.06162 ] ] } },
{ "type": "Feature", "properties": { "TLID": 184643149, "FEDIRP": "N", "FENAME": "Gawenoliau", "FETYPE": "Dr", "FEDIRS": null, "FRADDL": 1700.0, "TOADDL": 1740.0, "FRADDR": 1701.0, "TOADDR": 1743.0 }, "geometry": { "type": "LineString", "coordinates": [ [ 24.828363, 36.06032 ], [ 24.828263, 36.06162 ] ] } },
{ "type": "Feature", "properties": { "TLID": 184643150, "FEDIRP": "N", "FENAME": "Alfiou", "FETYPE": "St", "FEDIRS": null, "FRADDL": 7100.0, "TOADDL": 7298.0, "FRADDR": 7101.0, "TOADDR": 7299.0 }, "geometry": { "type": "LineString", "coordinates": [ [ 24.828363, 36.06032 ], [ 24.825663, 36.06022 ] ] } },
{ "type": "Feature", "properties": { "TLID": 184643151, "FEDIRP": null, "FENAME": "Gawenoliau", "FETYPE": "Dr", "FEDIRS": null, "FRADDL": 1600.0, "TOADDL": 1698.0, "FRADDR": 1601.0, "TOADDR": 1699.0 }, "geometry": { "type": "LineString", "coordinates": [ [ 24.828263, 36.05912 ], [ 24.828363, 36.06032 ] ] } },
{ "type": "Feature", "properties": { "TLID": 184643152, "FEDIRP": "N", "FENAME": "Alfiou", "FETYPE": "St", "FEDIRS": null, "FRADDL": 7000.0, "TOADDL": 7098.0, "FRADDR": 7001.0, "TOADDR": 7099.0 }, "geometry": { "type": "LineString", "coordinates": [ [ 24.830163, 36.06032 ], [ 24.828363, 36.06032 ] ] } },
{ "type": "Feature", "properties": { "TLID": 184643153, "FEDIRP": null, "FENAME": "Kozanis", "FETYPE": null, "FEDIRS": null, "FRADDL": 1364.0, "TOADDL": 1398.0, "FRADDR": 1365.0, "TOADDR": 1399.0 }, "geometry": { "type": "LineString", "coordinates": [ [ 24.826963, 36.05912 ], [ 24.828263, 36.05912 ] ] } },
{ "type": "Feature", "properties": { "TLID": 184643154, "FEDIRP": "N", "FENAME": "Gawenoliau", "FETYPE": "Dr", "FEDIRS": null, "FRADDL": 1300.0, "TOADDL": 1598.0, "FRADDR": 1301.0, "TOADDR": 1343.0 }, "geometry": { "type": "LineString", "coordinates": [ [ 24.827563, 36.05702 ], [ 24.828263, 36.05912 ] ] } },
{ "type": "Feature", "properties": { "TLID": 184643155, "FEDIRP": null, "FENAME": "Korbana", "FETYPE": null, "FEDIRS": null, "FRADDL": 1300.0, "TOADDL": 1398.0, "FRADDR": 1301.0, "TOADDR": 1399.0 }, "geometry": { "type": "LineString", "coordinates": [ [ 24.828963, 36.05742 ], [ 24.828263, 36.05912 ] ] } },
{ "type": "Feature", "properties": { "TLID": 184643156, "FEDIRP": "N", "FENAME": "Alm", "FETYPE": "St", "FEDIRS": null, "FRADDL": 6900.0, "TOADDL": 6998.0, "FRADDR": 6901.0, "TOADDR": 6999.0 }, "geometry": { "type": "LineString", "coordinates": [ [ 24.830763, 36.06122 ], [ 24.830063, 36.06082 ] ] } },
{ "type": "Feature", "properties": { "TLID": 184643157, "FEDIRP": "N", "FENAME": "Alm", "FETYPE": "St", "FEDIRS": null, "FRADDL": 6800.0, "TOADDL": 6898.0, "FRADDR": 6801.0, "TOADDR": 6899.0 }, "geometry": { "type": "LineString", "coordinates": [ [ 24.832163, 36.06122 ], [ 24.830763, 36.06122 ] ] } },
{ "type": "Feature", "properties": { "TLID": 184643158, "FEDIRP": null, "FENAME": "Seranti", "FETYPE": "Dr", "FEDIRS": null, "FRADDL": null, "TOADDL": null, "FRADDR": 1701.0, "TOADDR": 1799.0 }, "geometry": { "type": "LineString", "coordinates": [ [ 24.830163, 36.06032 ], [ 24.830063, 36.06082 ] ] } },
{ "type": "Feature", "properties": { "TLID": 184643159, "FEDIRP": "N", "FENAME": "Alfiou", "FETYPE": "St", "FEDIRS": null, "FRADDL": 6900.0, "TOADDL": 6998.0, "FRADDR": 6851.0, "TOADDR": 6999.0 }, "geometry": { "type": "LineString", "coordinates": [ [ 24.832063, 36.06032 ], [ 24.830163, 36.06032 ] ] } },
{ "type": "Feature", "properties": { "TLID": 184643160, "FEDIRP": null, "FENAME": "Lonn", "FETYPE": "St", "FEDIRS": null, "FRADDL": 1300.0, "TOADDL": 1498.0, "FRADDR": 1301.0, "TOADDR": 1499.0 }, "geometry": { "type": "LineString", "coordinates": [ [ 24.825663, 36.05672 ], [ 24.825663, 36.05852 ] ] } },
{ "type": "Feature", "properties": { "TLID": 184643161, "FEDIRP": "N", "FENAME": "Agiasou", "FETYPE": "St", "FEDIRS": null, "FRADDL": 7300.0, "TOADDL": 7398.0, "FRADDR": 7301.0, "TOADDR": 7399.0 }, "geometry": { "type": "LineString", "coordinates": [ [ 24.825663, 36.05672 ], [ 24.824363, 36.05662 ] ] } },
{ "type": "Feature", "properties": { "TLID": 184643162, "FEDIRP": "N", "FENAME": "Agiasou", "FETYPE": "St", "FEDIRS": null, "FRADDL": 7200.0, "TOADDL": 7298.0, "FRADDR": 7201.0, "TOADDR": 7299.0 }, "geometry": { "type": "LineString", "coordinates": [ [ 24.826663, 36.05662 ], [ 24.825663, 36.05672 ] ] } },
{ "type": "Feature", "properties": { "TLID": 184643163, "FEDIRP": null, "FENAME": "Lonn", "FETYPE": "St", "FEDIRS": null, "FRADDL": 1140.0, "TOADDL": 1298.0, "FRADDR": 1127.0, "TOADDR": 1299.0 }, "geometry": { "type": "LineString", "coordinates": [ [ 24.825663, 36.05482 ], [ 24.825663, 36.05672 ] ] } },
{ "type": "Feature", "properties": { "TLID": 184643164, "FEDIRP": null, "FENAME": "Kozanis", "FETYPE": null, "FEDIRS": null, "FRADDL": 1300.0, "TOADDL": 1362.0, "FRADDR": 1301.0, "TOADDR": 1363.0 }, "geometry": { "type": "LineString", "coordinates": [ [ 24.826863, 36.05722 ], [ 24.826363, 36.05762 ], [ 24.826963, 36.05912 ] ] } },
{ "type": "Feature", "properties": { "TLID": 184643165, "FEDIRP": null, "FENAME": "Kozanis", "FETYPE": null, "FEDIRS": null, "FRADDL": 1154.0, "TOADDL": 1298.0, "FRADDR": 1155.0, "TOADDR": 1299.0 }, "geometry": { "type": "LineString", "coordinates": [ [ 24.826663, 36.05662 ], [ 24.826863, 36.05722 ] ] } },
{ "type": "Feature", "properties": { "TLID": 184643166, "FEDIRP": "N", "FENAME": "Agiasou", "FETYPE": "St", "FEDIRS": null, "FRADDL": 7100.0, "TOADDL": 7198.0, "FRADDR": 7101.0, "TOADDR": 7199.0 }, "geometry": { "type": "LineString", "coordinates": [ [ 24.827563, 36.05702 ], [ 24.826863, 36.05722 ] ] } },
{ "type": "Feature", "properties": { "TLID": 184643167, "FEDIRP": null, "FENAME": "Kozanis", "FETYPE": null, "FEDIRS": null, "FRADDL": 900.0, "TOADDL": 1152.0, "FRADDR": 901.0, "TOADDR": 1153.0 }, "geometry": { "type": "LineString", "coordinates": [ [ 24.826663, 36.05552 ], [ 24.826663, 36.05662 ] ] } },
{ "type": "Feature", "properties": { "TLID": 184643168, "FEDIRP": null, "FENAME": "Gawenoliau", "FETYPE": "Dr", "FEDIRS": null, "FRADDL": 1100.0, "TOADDL": 1298.0, "FRADDR": 1101.0, "TOADDR": 1299.0 }, "geometry": { "type": "LineString", "coordinates": [ [ 24.827763, 36.05532 ], [ 24.827563, 36.05702 ] ] } },
{ "type": "Feature", "properties": { "TLID": 184643169, "FEDIRP": "N", "FENAME": "Lonn", "FETYPE": "St", "FEDIRS": null, "FRADDL": 900.0, "TOADDL": 912.0, "FRADDR": 901.0, "TOADDR": 913.0 }, "geometry": { "type": "LineString", "coordinates": [ [ 24.825763, 36.05302 ], [ 24.825756, 36.053151 ] ] } },
{ "type": "Feature", "properties": { "TLID": 184643170, "FEDIRP": null, "FENAME": "Sfaktirias", "FETYPE": "Ln", "FEDIRS": "N", "FRADDL": 7322.0, "TOADDL": 7328.0, "FRADDR": 901.0, "TOADDR": 929.0 }, "geometry": { "type": "LineString", "coordinates": [ [ 24.825763, 36.05302 ], [ 24.825413, 36.053166 ] ] } },
{ "type": "Feature", "properties": { "TLID": 184643171, "FEDIRP": "N", "FENAME": "Sialens", "FETYPE": "Pl", "FEDIRS": null, "FRADDL": 7301.0, "TOADDL": 7307.0, "FRADDR": 7300.0, "TOADDR": 7306.0 }, "geometry": { "type": "LineString", "coordinates": [ [ 24.827738, 36.051583 ], [ 24.826777, 36.05198 ], [ 24.826579, 36.052041 ], [ 24.826319, 36.051988 ], [ 24.82635, 36.051934 ] ] } },
{ "type": "Feature", "properties": { "TLID": 184643174, "FEDIRP": null, "FENAME": "Sfaktirias", "FETYPE": "Ln", "FEDIRS": "N", "FRADDL": 900.0, "TOADDL": 928.0, "FRADDR": 7301.0, "TOADDR": 7321.0 }, "geometry": { "type": "LineString", "coordinates": [ [ 24.827738, 36.051583 ], [ 24.827738, 36.052201 ], [ 24.827677, 36.052438 ], [ 24.827479, 36.052644 ], [ 24.82696, 36.05288 ], [ 24.826579, 36.052575 ], [ 24.825763, 36.05302 ] ] } },
{ "type": "Feature", "properties": { "TLID": 184643175, "FEDIRP": null, "FENAME": null, "FETYPE": null, "FEDIRS": null, "FRADDL": null, "TOADDL": null, "FRADDR": null, "TOADDR": null }, "geometry": { "type": "LineString", "coordinates": [ [ 24.826663, 36.05552 ], [ 24.826441, 36.054933 ] ] } },
{ "type": "Feature", "properties": { "TLID": 184643176, "FEDIRP": null, "FENAME": null, "FETYPE": null, "FEDIRS": null, "FRADDL": null, "TOADDL": null, "FRADDR": null, "TOADDR": null }, "geometry": { "type": "LineString", "coordinates": [ [ 24.82606, 36.054833 ], [ 24.826441, 36.054933 ] ] } },
{ "type": "Feature", "properties": { "TLID": 184643177, "FEDIRP": null, "FENAME": null, "FETYPE": null, "FEDIRS": null, "FRADDL": null, "TOADDL": null, "FRADDR": null, "TOADDR": null }, "geometry": { "type": "LineString", "coordinates": [ [ 24.826441, 36.054933 ], [ 24.827036, 36.054933 ] ] } },
{ "type": "Feature", "properties": { "TLID": 184643178, "FEDIRP": "N", "FENAME": "Agiasou", "FETYPE": "St", "FEDIRS": null, "FRADDL": 7006.0, "TOADDL": 7098.0, "FRADDR": 7005.0, "TOADDR": 7099.0 }, "geometry": { "type": "LineString", "coordinates": [ [ 24.828963, 36.05742 ], [ 24.827563, 36.05702 ] ] } },
{ "type": "Feature", "properties": { "TLID": 184643179, "FEDIRP": "N", "FENAME": "Agiasou", "FETYPE": "St", "FEDIRS": null, "FRADDL": 7000.0, "TOADDL": 7004.0, "FRADDR": 7001.0, "TOADDR": 7003.0 }, "geometry": { "type": "LineString", "coordinates": [ [ 24.829663, 36.05722 ], [ 24.828963, 36.05742 ] ] } },
{ "type": "Feature", "properties": { "TLID": 184643180, "FEDIRP": null, "FENAME": "Seranti", "FETYPE": "Dr", "FEDIRS": null, "FRADDL": 1100.0, "TOADDL": 1298.0, "FRADDR": 1101.0, "TOADDR": 1299.0 }, "geometry": { "type": "LineString", "coordinates": [ [ 24.828863, 36.05522 ], [ 24.829663, 36.05722 ] ] } },
{ "type": "Feature", "properties": { "TLID": 184643181, "FEDIRP": "N", "FENAME": "Agiasou", "FETYPE": "St", "FEDIRS": null, "FRADDL": 6900.0, "TOADDL": 6998.0, "FRADDR": 6901.0, "TOADDR": 6999.0 }, "geometry": { "type": "LineString", "coordinates": [ [ 24.830863, 36.05682 ], [ 24.829663, 36.05722 ] ] } },
{ "type": "Feature", "properties": { "TLID": 184643182, "FEDIRP": null, "FENAME": "Seranti", "FETYPE": "Dr", "FEDIRS": null, "FRADDL": 1300.0, "TOADDL": 1698.0, "FRADDR": 1301.0, "TOADDR": 1699.0 }, "geometry": { "type": "LineString", "coordinates": [ [ 24.829663, 36.05722 ], [ 24.830163, 36.05782 ], [ 24.830163, 36.06032 ] ] } },
{ "type": "Feature", "properties": { "TLID": 184643183, "FEDIRP": "N", "FENAME": "Achilleos", "FETYPE": "St", "FEDIRS": null, "FRADDL": 7000.0, "TOADDL": 7098.0, "FRADDR": 7001.0, "TOADDR": 7099.0 }, "geometry": { "type": "LineString", "coordinates": [ [ 24.828863, 36.05522 ], [ 24.827763, 36.05532 ] ] } },
{ "type": "Feature", "properties": { "TLID": 184643185, "FEDIRP": "N", "FENAME": "Achilleos", "FETYPE": "St", "FEDIRS": null, "FRADDL": 6858.0, "TOADDL": 6998.0, "FRADDR": 6901.0, "TOADDR": 6999.0 }, "geometry": { "type": "LineString", "coordinates": [ [ 24.830163, 36.05522 ], [ 24.828863, 36.05522 ] ] } },
{ "type": "Feature", "properties": { "TLID": 184643186, "FEDIRP": "N", "FENAME": "Ermou", "FETYPE": "St", "FEDIRS": null, "FRADDL": 7000.0, "TOADDL": 7098.0, "FRADDR": null, "TOADDR": null }, "geometry": { "type": "LineString", "coordinates": [ [ 24.830163, 36.05292 ], [ 24.828763, 36.05292 ] ] } },
{ "type": "Feature", "properties": { "TLID": 184643187, "FEDIRP": "N", "FENAME": "Seranti", "FETYPE": "Dr", "FEDIRS": null, "FRADDL": 630.0, "TOADDL": 698.0, "FRADDR": 639.0, "TOADDR": 699.0 }, "geometry": { "type": "LineString", "coordinates": [ [ 24.828654, 36.051591 ], [ 24.828763, 36.05292 ] ] } },
{ "type": "Feature", "properties": { "TLID": 184643188, "FEDIRP": "N", "FENAME": "Achilleos", "FETYPE": "St", "FEDIRS": null, "FRADDL": 6848.0, "TOADDL": 6856.0, "FRADDR": 6827.0, "TOADDR": 6899.0 }, "geometry": { "type": "LineString", "coordinates": [ [ 24.831863, 36.05522 ], [ 24.830163, 36.05522 ] ] } },
{ "type": "Feature", "properties": { "TLID": 184643189, "FEDIRP": "N", "FENAME": "Lefkados", "FETYPE": "St", "FEDIRS": null, "FRADDL": 600.0, "TOADDL": 898.0, "FRADDR": 601.0, "TOADDR": 899.0 }, "geometry": { "type": "LineString", "coordinates": [ [ 24.830163, 36.05042 ], [ 24.830163, 36.05292 ] ] } },
{ "type": "Feature", "properties": { "TLID": 184643190, "FEDIRP": "N", "FENAME": "Mavromichali", "FETYPE": "Dr", "FEDIRS": null, "FRADDL": 2400.0, "TOADDL": 2498.0, "FRADDR": 2401.0, "TOADDR": 2499.0 }, "geometry": { "type": "LineString", "coordinates": [ [ 24.831163, 36.06412 ], [ 24.831163, 36.06482 ], [ 24.833063, 36.06522 ] ] } },
{ "type": "Feature", "properties": { "TLID": 184643191, "FEDIRP": "N", "FENAME": "Antoniadou", "FETYPE": "St", "FEDIRS": null, "FRADDL": 6800.0, "TOADDL": 6898.0, "FRADDR": 6801.0, "TOADDR": 6899.0 }, "geometry": { "type": "LineString", "coordinates": [ [ 24.832263, 36.06432 ], [ 24.831163, 36.06412 ] ] } },
{ "type": "Feature", "properties": { "TLID": 184643192, "FEDIRP": "N", "FENAME": "Antoniadou", "FETYPE": "St", "FEDIRS": null, "FRADDL": 6700.0, "TOADDL": 6798.0, "FRADDR": 6701.0, "TOADDR": 6799.0 }, "geometry": { "type": "LineString", "coordinates": [ [ 24.833663, 36.06422 ], [ 24.832263, 36.06432 ] ] } },
{ "type": "Feature", "properties": { "TLID": 184643193, "FEDIRP": "N", "FENAME": "Mavromichali", "FETYPE": "Dr", "FEDIRS": null, "FRADDL": 1800.0, "TOADDL": 2398.0, "FRADDR": 1801.0, "TOADDR": 2399.0 }, "geometry": { "type": "LineString", "coordinates": [ [ 24.830763, 36.06122 ], [ 24.830863, 36.06312 ], [ 24.831163, 36.06412 ] ] } },
{ "type": "Feature", "properties": { "TLID": 184643194, "FEDIRP": "N", "FENAME": "Komminon", "FETYPE": "Dr", "FEDIRS": null, "FRADDL": 1800.0, "TOADDL": 2398.0, "FRADDR": 1801.0, "TOADDR": 2399.0 }, "geometry": { "type": "LineString", "coordinates": [ [ 24.832163, 36.06122 ], [ 24.832363, 36.06352 ], [ 24.832263, 36.06432 ] ] } },
{ "type": "Feature", "properties": { "TLID": 184643195, "FEDIRP": "N", "FENAME": "Obil", "FETYPE": "St", "FEDIRS": null, "FRADDL": 2130.0, "TOADDL": 2398.0, "FRADDR": 2301.0, "TOADDR": 2399.0 }, "geometry": { "type": "LineString", "coordinates": [ [ 24.833663, 36.06342 ], [ 24.833663, 36.06422 ] ] } },
{ "type": "Feature", "properties": { "TLID": 184643196, "FEDIRP": "N", "FENAME": "Obil", "FETYPE": "St", "FEDIRS": null, "FRADDL": 1700.0, "TOADDL": 2128.0, "FRADDR": 1701.0, "TOADDR": 2299.0 }, "geometry": { "type": "LineString", "coordinates": [ [ 24.833663, 36.06032 ], [ 24.833663, 36.06342 ] ] } },
{ "type": "Feature", "properties": { "TLID": 184643197, "FEDIRP": "N", "FENAME": "Anrop", "FETYPE": "St", "FEDIRS": null, "FRADDL": 6600.0, "TOADDL": 6698.0, "FRADDR": 6601.0, "TOADDR": 6699.0 }, "geometry": { "type": "LineString", "coordinates": [ [ 24.834963, 36.06342 ], [ 24.833663, 36.06342 ] ] } },
{ "type": "Feature", "properties": { "TLID": 184643198, "FEDIRP": null, "FENAME": "Mavromichali", "FETYPE": "Dr", "FEDIRS": null, "FRADDL": 1300.0, "TOADDL": 1374.0, "FRADDR": 1301.0, "TOADDR": 1399.0 }, "geometry": { "type": "LineString", "coordinates": [ [ 24.830863, 36.05682 ], [ 24.831963, 36.05972 ] ] } },
{ "type": "Feature", "properties": { "TLID": 184643199, "FEDIRP": null, "FENAME": "Mavromichali", "FETYPE": "Dr", "FEDIRS": null, "FRADDL": 1376.0, "TOADDL": 1698.0, "FRADDR": 1401.0, "TOADDR": 1699.0 }, "geometry": { "type": "LineString", "coordinates": [ [ 24.831963, 36.05972 ], [ 24.832063, 36.06032 ] ] } },
{ "type": "Feature", "properties": { "TLID": 184643200, "FEDIRP": "N", "FENAME": "Alfiou", "FETYPE": "St", "FEDIRS": null, "FRADDL": 6700.0, "TOADDL": 6898.0, "FRADDR": 6701.0, "TOADDR": 6849.0 }, "geometry": { "type": "LineString", "coordinates": [ [ 24.833663, 36.06032 ], [ 24.832063, 36.06032 ] ] } },
{ "type": "Feature", "properties": { "TLID": 184643201, "FEDIRP": "N", "FENAME": "Konitsis", "FETYPE": "St", "FEDIRS": null, "FRADDL": 1300.0, "TOADDL": 1398.0, "FRADDR": 1201.0, "TOADDR": 1399.0 }, "geometry": { "type": "LineString", "coordinates": [ [ 24.832963, 36.05662 ], [ 24.832663, 36.05962 ], [ 24.831963, 36.05972 ] ] } },
{ "type": "Feature", "properties": { "TLID": 184643202, "FEDIRP": "N", "FENAME": "Medel", "FETYPE": "St", "FEDIRS": null, "FRADDL": 1700.0, "TOADDL": 2298.0, "FRADDR": 1701.0, "TOADDR": 2299.0 }, "geometry": { "type": "LineString", "coordinates": [ [ 24.834963, 36.06052 ], [ 24.834963, 36.06342 ] ] } },
{ "type": "Feature", "properties": { "TLID": 184643203, "FEDIRP": "N", "FENAME": "Anrop", "FETYPE": "St", "FEDIRS": null, "FRADDL": 6500.0, "TOADDL": 6598.0, "FRADDR": 6501.0, "TOADDR": 6599.0 }, "geometry": { "type": "LineString", "coordinates": [ [ 24.836263, 36.06352 ], [ 24.834963, 36.06342 ] ] } },
{ "type": "Feature", "properties": { "TLID": 184643204, "FEDIRP": "N", "FENAME": "Kakavaki", "FETYPE": "St", "FEDIRS": null, "FRADDL": 1700.0, "TOADDL": 2298.0, "FRADDR": 1701.0, "TOADDR": 2299.0 }, "geometry": { "type": "LineString", "coordinates": [ [ 24.836363, 36.06072 ], [ 24.836263, 36.06352 ] ] } },
{ "type": "Feature", "properties": { "TLID": 184643205, "FEDIRP": "N", "FENAME": "Anrop", "FETYPE": "St", "FEDIRS": null, "FRADDL": 6400.0, "TOADDL": 6498.0, "FRADDR": 6401.0, "TOADDR": 6499.0 }, "geometry": { "type": "LineString", "coordinates": [ [ 24.837563, 36.06352 ], [ 24.836263, 36.06352 ] ] } },
{ "type": "Feature", "properties": { "TLID": 184643206, "FEDIRP": "N", "FENAME": "Velestinou", "FETYPE": "Blvd", "FEDIRS": null, "FRADDL": 6600.0, "TOADDL": 6698.0, "FRADDR": 6601.0, "TOADDR": 6699.0 }, "geometry": { "type": "LineString", "coordinates": [ [ 24.834963, 36.06052 ], [ 24.833663, 36.06032 ] ] } },
{ "type": "Feature", "properties": { "TLID": 184643207, "FEDIRP": "N", "FENAME": "Velestinou", "FETYPE": "Blvd", "FEDIRS": null, "FRADDL": 6576.0, "TOADDL": 6598.0, "FRADDR": 6575.0, "TOADDR": 6599.0 }, "geometry": { "type": "LineString", "coordinates": [ [ 24.835463, 36.06062 ], [ 24.834963, 36.06052 ] ] } },
{ "type": "Feature", "properties": { "TLID": 184643208, "FEDIRP": "N", "FENAME": "Lakendra", "FETYPE": "Pky", "FEDIRS": null, "FRADDL": 1650.0, "TOADDL": 1698.0, "FRADDR": 1313.0, "TOADDR": 1699.0 }, "geometry": { "type": "LineString", "coordinates": [ [ 24.835663, 36.05982 ], [ 24.835463, 36.06062 ] ] } },
{ "type": "Feature", "properties": { "TLID": 184643209, "FEDIRP": null, "FENAME": "Filota", "FETYPE": "Rd", "FEDIRS": null, "FRADDL": 1300.0, "TOADDL": 1398.0, "FRADDR": 1301.0, "TOADDR": 1399.0 }, "geometry": { "type": "LineString", "coordinates": [ [ 24.834563, 36.05722 ], [ 24.834063, 36.05922 ], [ 24.835663, 36.05982 ] ] } },
{ "type": "Feature", "properties": { "TLID": 184643210, "FEDIRP": "N", "FENAME": "Velestinou", "FETYPE": "Blvd", "FEDIRS": null, "FRADDL": 6500.0, "TOADDL": 6574.0, "FRADDR": 6501.0, "TOADDR": 6573.0 }, "geometry": { "type": "LineString", "coordinates": [ [ 24.836363, 36.06072 ], [ 24.835463, 36.06062 ] ] } },
{ "type": "Feature", "properties": { "TLID": 184643211, "FEDIRP": "N", "FENAME": "Lakendra", "FETYPE": "Pky", "FEDIRS": null, "FRADDL": 1600.0, "TOADDL": 1648.0, "FRADDR": null, "TOADDR": null }, "geometry": { "type": "LineString", "coordinates": [ [ 24.835963, 36.05952 ], [ 24.835663, 36.05982 ] ] } },
{ "type": "Feature", "properties": { "TLID": 184643213, "FEDIRP": "N", "FENAME": "Filippou", "FETYPE": "Pl", "FEDIRS": null, "FRADDL": 6300.0, "TOADDL": 6398.0, "FRADDR": 6301.0, "TOADDR": 6399.0 }, "geometry": { "type": "LineString", "coordinates": [ [ 24.838163, 36.05982 ], [ 24.837063, 36.05982 ], [ 24.835963, 36.05952 ] ] } },
{ "type": "Feature", "properties": { "TLID": 184643214, "FEDIRP": null, "FENAME": "Mavromichali", "FETYPE": "Dr", "FEDIRS": null, "FRADDL": 1100.0, "TOADDL": 1298.0, "FRADDR": 1101.0, "TOADDR": 1299.0 }, "geometry": { "type": "LineString", "coordinates": [ [ 24.830163, 36.05522 ], [ 24.830863, 36.05682 ] ] } },
{ "type": "Feature", "properties": { "TLID": 184643215, "FEDIRP": "N", "FENAME": "Agiasou", "FETYPE": "St", "FEDIRS": null, "FRADDL": 6822.0, "TOADDL": 6898.0, "FRADDR": 6851.0, "TOADDR": 6899.0 }, "geometry": { "type": "LineString", "coordinates": [ [ 24.831763, 36.05652 ], [ 24.830863, 36.05682 ] ] } },
{ "type": "Feature", "properties": { "TLID": 184643216, "FEDIRP": null, "FENAME": "Rambla", "FETYPE": "Ln", "FEDIRS": null, "FRADDL": 1100.0, "TOADDL": 1298.0, "FRADDR": 1101.0, "TOADDR": 1299.0 }, "geometry": { "type": "LineString", "coordinates": [ [ 24.831863, 36.05522 ], [ 24.831763, 36.05652 ] ] } },
{ "type": "Feature", "properties": { "TLID": 184643217, "FEDIRP": "N", "FENAME": "Agiasou", "FETYPE": "St", "FEDIRS": null, "FRADDL": 6800.0, "TOADDL": 6820.0, "FRADDR": 6801.0, "TOADDR": 6849.0 }, "geometry": { "type": "LineString", "coordinates": [ [ 24.832963, 36.05662 ], [ 24.831763, 36.05652 ] ] } },
{ "type": "Feature", "properties": { "TLID": 184643218, "FEDIRP": "N", "FENAME": "Konitsis", "FETYPE": "St", "FEDIRS": null, "FRADDL": 1100.0, "TOADDL": 1298.0, "FRADDR": 1101.0, "TOADDR": 1199.0 }, "geometry": { "type": "LineString", "coordinates": [ [ 24.832963, 36.05522 ], [ 24.832963, 36.05662 ] ] } },
{ "type": "Feature", "properties": { "TLID": 184643220, "FEDIRP": "N", "FENAME": "Achilleos", "FETYPE": "St", "FEDIRS": null, "FRADDL": 6810.0, "TOADDL": 6846.0, "FRADDR": 6809.0, "TOADDR": 6825.0 }, "geometry": { "type": "LineString", "coordinates": [ [ 24.832963, 36.05522 ], [ 24.831863, 36.05522 ] ] } },
{ "type": "Feature", "properties": { "TLID": 184643221, "FEDIRP": "N", "FENAME": "Ermou", "FETYPE": "St", "FEDIRS": null, "FRADDL": 6900.0, "TOADDL": 6998.0, "FRADDR": null, "TOADDR": null }, "geometry": { "type": "LineString", "coordinates": [ [ 24.831663, 36.05302 ], [ 24.830163, 36.05292 ] ] } },
{ "type": "Feature", "properties": { "TLID": 184643222, "FEDIRP": "N", "FENAME": "Ermou", "FETYPE": "St", "FEDIRS": null, "FRADDL": null, "TOADDL": null, "FRADDR": null, "TOADDR": null }, "geometry": { "type": "LineString", "coordinates": [ [ 24.832963, 36.05302 ], [ 24.831663, 36.05302 ] ] } },
{ "type": "Feature", "properties": { "TLID": 184643223, "FEDIRP": "N", "FENAME": "Ptotagora", "FETYPE": "St", "FEDIRS": null, "FRADDL": 600.0, "TOADDL": 898.0, "FRADDR": 601.0, "TOADDR": 899.0 }, "geometry": { "type": "LineString", "coordinates": [ [ 24.831463, 36.05042 ], [ 24.831663, 36.05302 ] ] } },
{ "type": "Feature", "properties": { "TLID": 184643224, "FEDIRP": "N", "FENAME": "Achilleos", "FETYPE": "St", "FEDIRS": null, "FRADDL": null, "TOADDL": null, "FRADDR": 6701.0, "TOADDR": 6749.0 }, "geometry": { "type": "LineString", "coordinates": [ [ 24.833763, 36.05472 ], [ 24.833541, 36.054859 ] ] } },
{ "type": "Feature", "properties": { "TLID": 184643225, "FEDIRP": "N", "FENAME": "Ermou", "FETYPE": "St", "FEDIRS": null, "FRADDL": 6700.0, "TOADDL": 6798.0, "FRADDR": 6701.0, "TOADDR": 6799.0 }, "geometry": { "type": "LineString", "coordinates": [ [ 24.833763, 36.05302 ], [ 24.832963, 36.05302 ] ] } },
{ "type": "Feature", "properties": { "TLID": 184643226, "FEDIRP": "N", "FENAME": "Konitsis", "FETYPE": "St", "FEDIRS": null, "FRADDL": 600.0, "TOADDL": 698.0, "FRADDR": 601.0, "TOADDR": 699.0 }, "geometry": { "type": "LineString", "coordinates": [ [ 24.832964, 36.05042 ], [ 24.832963, 36.05302 ] ] } },
{ "type": "Feature", "properties": { "TLID": 184643228, "FEDIRP": "N", "FENAME": "Obil", "FETYPE": "St", "FEDIRS": null, "FRADDL": 600.0, "TOADDL": 898.0, "FRADDR": 601.0, "TOADDR": 899.0 }, "geometry": { "type": "LineString", "coordinates": [ [ 24.833964, 36.05032 ], [ 24.833763, 36.05302 ] ] } },
{ "type": "Feature", "properties": { "TLID": 184643230, "FEDIRP": "N", "FENAME": "Ermou", "FETYPE": "St", "FEDIRS": null, "FRADDL": 5900.0, "TOADDL": 6698.0, "FRADDR": 5901.0, "TOADDR": 6699.0 }, "geometry": { "type": "LineString", "coordinates": [ [ 24.844036, 36.052201 ], [ 24.843464, 36.052209 ], [ 24.843213, 36.052226 ], [ 24.842761, 36.052328 ], [ 24.842585, 36.052447 ], [ 24.842259, 36.052515 ], [ 24.833763, 36.05302 ] ] } },
{ "type": "Feature", "properties": { "TLID": 184643232, "FEDIRP": null, "FENAME": "Padarn", "FETYPE": "St", "FEDIRS": null, "FRADDL": 901.0, "TOADDL": 999.0, "FRADDR": 900.0, "TOADDR": 1132.0 }, "geometry": { "type": "LineString", "coordinates": [ [ 24.834589, 36.054009 ], [ 24.834467, 36.055505 ], [ 24.834467, 36.055772 ], [ 24.834666, 36.055894 ], [ 24.834788, 36.056001 ], [ 24.835108, 36.056039 ], [ 24.835505, 36.055993 ] ] } },
{ "type": "Feature", "properties": { "TLID": 184643233, "FEDIRP": null, "FENAME": "Kakavaki", "FETYPE": "St", "FEDIRS": null, "FRADDL": 1000.0, "TOADDL": 1198.0, "FRADDR": 1001.0, "TOADDR": 1199.0 }, "geometry": { "type": "LineString", "coordinates": [ [ 24.836086, 36.054811 ], [ 24.835764, 36.055383 ], [ 24.835566, 36.055512 ], [ 24.835505, 36.055589 ], [ 24.835429, 36.055779 ], [ 24.835505, 36.055993 ] ] } },
{ "type": "Feature", "properties": { "TLID": 184643234, "FEDIRP": null, "FENAME": "Gkonas", "FETYPE": "Ln", "FEDIRS": null, "FRADDL": 6500.0, "TOADDL": 6598.0, "FRADDR": 6501.0, "TOADDR": 6599.0 }, "geometry": { "type": "LineString", "coordinates": [ [ 24.837163, 36.05752 ], [ 24.835863, 36.05772 ], [ 24.835263, 36.05842 ] ] } },
{ "type": "Feature", "properties": { "TLID": 184643236, "FEDIRP": "N", "FENAME": "Lakendra", "FETYPE": "Pky", "FEDIRS": null, "FRADDL": 1300.0, "TOADDL": 1306.0, "FRADDR": 1301.0, "TOADDR": 1307.0 }, "geometry": { "type": "LineString", "coordinates": [ [ 24.837163, 36.05752 ], [ 24.836863, 36.057923 ] ] } },
{ "type": "Feature", "properties": { "TLID": 184643238, "FEDIRP": null, "FENAME": "Padarn", "FETYPE": "St", "FEDIRS": null, "FRADDL": 1001.0, "TOADDL": 1099.0, "FRADDR": null, "TOADDR": null }, "geometry": { "type": "LineString", "coordinates": [ [ 24.835505, 36.055993 ], [ 24.835886, 36.056039 ], [ 24.836207, 36.056092 ] ] } },
{ "type": "Feature", "properties": { "TLID": 184643239, "FEDIRP": null, "FENAME": "Wenna", "FETYPE": "St", "FEDIRS": null, "FRADDL": 1000.0, "TOADDL": 1148.0, "FRADDR": 1001.0, "TOADDR": 1199.0 }, "geometry": { "type": "LineString", "coordinates": [ [ 24.836086, 36.054811 ], [ 24.836727, 36.055146 ], [ 24.836727, 36.055291 ], [ 24.836605, 36.055459 ], [ 24.836406, 36.055589 ], [ 24.836207, 36.056092 ] ] } },
{ "type": "Feature", "properties": { "TLID": 184643241, "FEDIRP": null, "FENAME": "Kakavaki", "FETYPE": "St", "FEDIRS": null, "FRADDL": 900.0, "TOADDL": 998.0, "FRADDR": 901.0, "TOADDR": 999.0 }, "geometry": { "type": "LineString", "coordinates": [ [ 24.837566, 36.054406 ], [ 24.837047, 36.054215 ], [ 24.836788, 36.054223 ], [ 24.836345, 36.054223 ], [ 24.836086, 36.054811 ] ] } },
{ "type": "Feature", "properties": { "TLID": 184643296, "FEDIRP": "N", "FENAME": "Noost", "FETYPE": "St", "FEDIRS": null, "FRADDL": 600.0, "TOADDL": 698.0, "FRADDR": 601.0, "TOADDR": 699.0 }, "geometry": { "type": "LineString", "coordinates": [ [ 24.825963, 36.05042 ], [ 24.825863, 36.05092 ] ] } },
{ "type": "Feature", "properties": { "TLID": 184643297, "FEDIRP": null, "FENAME": "Egeou", "FETYPE": "Ave", "FEDIRS": null, "FRADDL": 7200.0, "TOADDL": 7298.0, "FRADDR": 7201.0, "TOADDR": 7299.0 }, "geometry": { "type": "LineString", "coordinates": [ [ 24.827461, 36.050435 ], [ 24.825963, 36.05042 ] ] } },
{ "type": "Feature", "properties": { "TLID": 184643298, "FEDIRP": "S", "FENAME": "Noost", "FETYPE": "St", "FEDIRS": null, "FRADDL": 601.0, "TOADDL": 799.0, "FRADDR": 600.0, "TOADDR": 798.0 }, "geometry": { "type": "LineString", "coordinates": [ [ 24.825963, 36.05042 ], [ 24.826063, 36.04842 ] ] } },
{ "type": "Feature", "properties": { "TLID": 184643299, "FEDIRP": null, "FENAME": "Sialens", "FETYPE": "Pl", "FEDIRS": null, "FRADDL": null, "TOADDL": null, "FRADDR": 7300.0, "TOADDR": 7398.0 }, "geometry": { "type": "LineString", "coordinates": [ [ 24.827738, 36.051583 ], [ 24.827296, 36.051461 ], [ 24.826899, 36.051507 ], [ 24.82635, 36.051805 ] ] } },
{ "type": "Feature", "properties": { "TLID": 184643302, "FEDIRP": "S", "FENAME": "Mewnol", "FETYPE": "St", "FEDIRS": null, "FRADDL": 601.0, "TOADDL": 799.0, "FRADDR": 600.0, "TOADDR": 798.0 }, "geometry": { "type": "LineString", "coordinates": [ [ 24.827461, 36.050435 ], [ 24.827463, 36.04842 ] ] } },
{ "type": "Feature", "properties": { "TLID": 184643303, "FEDIRP": "S", "FENAME": "Kassou", "FETYPE": "St", "FEDIRS": null, "FRADDL": 801.0, "TOADDL": 999.0, "FRADDR": 800.0, "TOADDR": 998.0 }, "geometry": { "type": "LineString", "coordinates": [ [ 24.824963, 36.04842 ], [ 24.824963, 36.04662 ] ] } },
{ "type": "Feature", "properties": { "TLID": 184643304, "FEDIRP": "S", "FENAME": "Els", "FETYPE": "St", "FEDIRS": null, "FRADDL": 7300.0, "TOADDL": 7398.0, "FRADDR": 7301.0, "TOADDR": 7349.0 }, "geometry": { "type": "LineString", "coordinates": [ [ 24.826063, 36.04842 ], [ 24.824963, 36.04842 ] ] } },
{ "type": "Feature", "properties": { "TLID": 184643305, "FEDIRP": "S", "FENAME": "Acera", "FETYPE": "St", "FEDIRS": null, "FRADDL": 7400.0, "TOADDL": 7450.0, "FRADDR": 7401.0, "TOADDR": 7451.0 }, "geometry": { "type": "LineString", "coordinates": [ [ 24.824963, 36.04662 ], [ 24.824563, 36.04662 ] ] } },
{ "type": "Feature", "properties": { "TLID": 184643306, "FEDIRP": "S", "FENAME": "Acera", "FETYPE": "St", "FEDIRS": null, "FRADDL": 7300.0, "TOADDL": 7398.0, "FRADDR": 7301.0, "TOADDR": 7399.0 }, "geometry": { "type": "LineString", "coordinates": [ [ 24.826163, 36.04662 ], [ 24.824963, 36.04662 ] ] } },
{ "type": "Feature", "properties": { "TLID": 184643308, "FEDIRP": "S", "FENAME": "Els", "FETYPE": "St", "FEDIRS": null, "FRADDL": 7200.0, "TOADDL": 7298.0, "FRADDR": 7201.0, "TOADDR": 7299.0 }, "geometry": { "type": "LineString", "coordinates": [ [ 24.827463, 36.04842 ], [ 24.826063, 36.04842 ] ] } },
{ "type": "Feature", "properties": { "TLID": 184643309, "FEDIRP": "S", "FENAME": "Noost", "FETYPE": "St", "FEDIRS": null, "FRADDL": 801.0, "TOADDL": 999.0, "FRADDR": 800.0, "TOADDR": 998.0 }, "geometry": { "type": "LineString", "coordinates": [ [ 24.826063, 36.04842 ], [ 24.826163, 36.04662 ] ] } },
{ "type": "Feature", "properties": { "TLID": 184643310, "FEDIRP": "S", "FENAME": "Mewnol", "FETYPE": "St", "FEDIRS": null, "FRADDL": 801.0, "TOADDL": 999.0, "FRADDR": 800.0, "TOADDR": 998.0 }, "geometry": { "type": "LineString", "coordinates": [ [ 24.827463, 36.04842 ], [ 24.827463, 36.04662 ] ] } },
{ "type": "Feature", "properties": { "TLID": 184643311, "FEDIRP": "S", "FENAME": "Els", "FETYPE": "St", "FEDIRS": null, "FRADDL": 7100.0, "TOADDL": 7198.0, "FRADDR": 7101.0, "TOADDR": 7199.0 }, "geometry": { "type": "LineString", "coordinates": [ [ 24.828863, 36.04842 ], [ 24.827463, 36.04842 ] ] } },
{ "type": "Feature", "properties": { "TLID": 184643312, "FEDIRP": "S", "FENAME": "Acera", "FETYPE": "St", "FEDIRS": null, "FRADDL": 7200.0, "TOADDL": 7298.0, "FRADDR": 7201.0, "TOADDR": 7299.0 }, "geometry": { "type": "LineString", "coordinates": [ [ 24.827463, 36.04662 ], [ 24.826163, 36.04662 ] ] } },
{ "type": "Feature", "properties": { "TLID": 184643314, "FEDIRP": "S", "FENAME": "Acera", "FETYPE": "St", "FEDIRS": null, "FRADDL": 7100.0, "TOADDL": 7198.0, "FRADDR": 7101.0, "TOADDR": 7199.0 }, "geometry": { "type": "LineString", "coordinates": [ [ 24.828963, 36.04662 ], [ 24.827463, 36.04662 ] ] } },
{ "type": "Feature", "properties": { "TLID": 184643316, "FEDIRP": "N", "FENAME": "Elefsinos", "FETYPE": "Ave", "FEDIRS": null, "FRADDL": null, "TOADDL": null, "FRADDR": null, "TOADDR": null }, "geometry": { "type": "LineString", "coordinates": [ [ 24.828654, 36.051591 ], [ 24.827738, 36.051583 ] ] } },
{ "type": "Feature", "properties": { "TLID": 184643317, "FEDIRP": "N", "FENAME": "Seranti", "FETYPE": "Dr", "FEDIRS": null, "FRADDL": 620.0, "TOADDL": 628.0, "FRADDR": 619.0, "TOADDR": 637.0 }, "geometry": { "type": "LineString", "coordinates": [ [ 24.828763, 36.05062 ], [ 24.828654, 36.051591 ] ] } },
{ "type": "Feature", "properties": { "TLID": 184643323, "FEDIRP": "N", "FENAME": "Seranti", "FETYPE": "Dr", "FEDIRS": null, "FRADDL": 600.0, "TOADDL": 618.0, "FRADDR": 601.0, "TOADDR": 617.0 }, "geometry": { "type": "LineString", "coordinates": [ [ 24.828805, 36.050428 ], [ 24.828763, 36.05062 ] ] } },
{ "type": "Feature", "properties": { "TLID": 184643325, "FEDIRP": "S", "FENAME": "Parlante", "FETYPE": "St", "FEDIRS": null, "FRADDL": 601.0, "TOADDL": 799.0, "FRADDR": 600.0, "TOADDR": 798.0 }, "geometry": { "type": "LineString", "coordinates": [ [ 24.828805, 36.050428 ], [ 24.828863, 36.04842 ] ] } },
{ "type": "Feature", "properties": { "TLID": 184643326, "FEDIRP": null, "FENAME": "Egeou", "FETYPE": "Ave", "FEDIRS": null, "FRADDL": 7000.0, "TOADDL": 7098.0, "FRADDR": 7001.0, "TOADDR": 7099.0 }, "geometry": { "type": "LineString", "coordinates": [ [ 24.830163, 36.05042 ], [ 24.828805, 36.050428 ] ] } },
{ "type": "Feature", "properties": { "TLID": 184643327, "FEDIRP": "S", "FENAME": "Lefkados", "FETYPE": "St", "FEDIRS": null, "FRADDL": 601.0, "TOADDL": 799.0, "FRADDR": 600.0, "TOADDR": 798.0 }, "geometry": { "type": "LineString", "coordinates": [ [ 24.830163, 36.05042 ], [ 24.830263, 36.04842 ] ] } },
{ "type": "Feature", "properties": { "TLID": 184643328, "FEDIRP": null, "FENAME": "Egeou", "FETYPE": "Ave", "FEDIRS": null, "FRADDL": 6900.0, "TOADDL": 6998.0, "FRADDR": 6901.0, "TOADDR": 6999.0 }, "geometry": { "type": "LineString", "coordinates": [ [ 24.831463, 36.05042 ], [ 24.830163, 36.05042 ] ] } },
{ "type": "Feature", "properties": { "TLID": 184643329, "FEDIRP": "S", "FENAME": "Parlante", "FETYPE": "St", "FEDIRS": null, "FRADDL": 801.0, "TOADDL": 999.0, "FRADDR": 800.0, "TOADDR": 998.0 }, "geometry": { "type": "LineString", "coordinates": [ [ 24.828863, 36.04842 ], [ 24.828963, 36.04662 ] ] } },
{ "type": "Feature", "properties": { "TLID": 184643330, "FEDIRP": "S", "FENAME": "Els", "FETYPE": "St", "FEDIRS": null, "FRADDL": 7000.0, "TOADDL": 7098.0, "FRADDR": 7001.0, "TOADDR": 7099.0 }, "geometry": { "type": "LineString", "coordinates": [ [ 24.830263, 36.04842 ], [ 24.828863, 36.04842 ] ] } },
{ "type": "Feature", "properties": { "TLID": 184643332, "FEDIRP": "S", "FENAME": "Lefkados", "FETYPE": "St", "FEDIRS": null, "FRADDL": 801.0, "TOADDL": 999.0, "FRADDR": 800.0, "TOADDR": 998.0 }, "geometry": { "type": "LineString", "coordinates": [ [ 24.830263, 36.04842 ], [ 24.830264, 36.04672 ] ] } },
{ "type": "Feature", "properties": { "TLID": 184643333, "FEDIRP": "S", "FENAME": "Els", "FETYPE": "St", "FEDIRS": null, "FRADDL": 6900.0, "TOADDL": 6998.0, "FRADDR": 6901.0, "TOADDR": 6999.0 }, "geometry": { "type": "LineString", "coordinates": [ [ 24.831664, 36.04842 ], [ 24.830263, 36.04842 ] ] } },
{ "type": "Feature", "properties": { "TLID": 184643334, "FEDIRP": "S", "FENAME": "Acera", "FETYPE": "St", "FEDIRS": null, "FRADDL": 7000.0, "TOADDL": 7098.0, "FRADDR": 7001.0, "TOADDR": 7099.0 }, "geometry": { "type": "LineString", "coordinates": [ [ 24.830264, 36.04672 ], [ 24.828963, 36.04662 ] ] } },
{ "type": "Feature", "properties": { "TLID": 184643336, "FEDIRP": "S", "FENAME": "Acera", "FETYPE": "St", "FEDIRS": null, "FRADDL": 6900.0, "TOADDL": 6998.0, "FRADDR": 6901.0, "TOADDR": 6999.0 }, "geometry": { "type": "LineString", "coordinates": [ [ 24.831664, 36.04662 ], [ 24.830264, 36.04672 ] ] } },
{ "type": "Feature", "properties": { "TLID": 184643337, "FEDIRP": null, "FENAME": "Egeou", "FETYPE": "Ave", "FEDIRS": null, "FRADDL": 6800.0, "TOADDL": 6898.0, "FRADDR": 6801.0, "TOADDR": 6899.0 }, "geometry": { "type": "LineString", "coordinates": [ [ 24.832964, 36.05042 ], [ 24.831463, 36.05042 ] ] } },
{ "type": "Feature", "properties": { "TLID": 184643338, "FEDIRP": "S", "FENAME": "Ptotagora", "FETYPE": "St", "FEDIRS": null, "FRADDL": 601.0, "TOADDL": 799.0, "FRADDR": 600.0, "TOADDR": 798.0 }, "geometry": { "type": "LineString", "coordinates": [ [ 24.831463, 36.05042 ], [ 24.831664, 36.04842 ] ] } },
{ "type": "Feature", "properties": { "TLID": 184643339, "FEDIRP": null, "FENAME": "Egeou", "FETYPE": "Ave", "FEDIRS": null, "FRADDL": 6700.0, "TOADDL": 6798.0, "FRADDR": 6701.0, "TOADDR": 6799.0 }, "geometry": { "type": "LineString", "coordinates": [ [ 24.833964, 36.05032 ], [ 24.832964, 36.05042 ] ] } },
{ "type": "Feature", "properties": { "TLID": 184643340, "FEDIRP": "S", "FENAME": "Konitsis", "FETYPE": "St", "FEDIRS": null, "FRADDL": 601.0, "TOADDL": 799.0, "FRADDR": 600.0, "TOADDR": 798.0 }, "geometry": { "type": "LineString", "coordinates": [ [ 24.832964, 36.05042 ], [ 24.832964, 36.04842 ] ] } },
{ "type": "Feature", "properties": { "TLID": 184643341, "FEDIRP": "S", "FENAME": "Obil", "FETYPE": "St", "FEDIRS": null, "FRADDL": 601.0, "TOADDL": 645.0, "FRADDR": 600.0, "TOADDR": 798.0 }, "geometry": { "type": "LineString", "coordinates": [ [ 24.833964, 36.05032 ], [ 24.833864, 36.04842 ] ] } },
{ "type": "Feature", "properties": { "TLID": 184643342, "FEDIRP": null, "FENAME": "Egeou", "FETYPE": "Ave", "FEDIRS": null, "FRADDL": 5900.0, "TOADDL": 6698.0, "FRADDR": 5901.0, "TOADDR": 6699.0 }, "geometry": { "type": "LineString", "coordinates": [ [ 24.844264, 36.05032 ], [ 24.833964, 36.05032 ] ] } },
{ "type": "Feature", "properties": { "TLID": 184643343, "FEDIRP": "S", "FENAME": "Ptotagora", "FETYPE": "St", "FEDIRS": null, "FRADDL": 801.0, "TOADDL": 999.0, "FRADDR": 800.0, "TOADDR": 998.0 }, "geometry": { "type": "LineString", "coordinates": [ [ 24.831664, 36.04842 ], [ 24.831664, 36.04662 ] ] } },
{ "type": "Feature", "properties": { "TLID": 184643344, "FEDIRP": "S", "FENAME": "Els", "FETYPE": "St", "FEDIRS": null, "FRADDL": 6800.0, "TOADDL": 6898.0, "FRADDR": 6801.0, "TOADDR": 6899.0 }, "geometry": { "type": "LineString", "coordinates": [ [ 24.832964, 36.04842 ], [ 24.831664, 36.04842 ] ] } },
{ "type": "Feature", "properties": { "TLID": 184643345, "FEDIRP": "S", "FENAME": "Acera", "FETYPE": "St", "FEDIRS": null, "FRADDL": 6800.0, "TOADDL": 6898.0, "FRADDR": 6801.0, "TOADDR": 6899.0 }, "geometry": { "type": "LineString", "coordinates": [ [ 24.832964, 36.04662 ], [ 24.831664, 36.04662 ] ] } },
{ "type": "Feature", "properties": { "TLID": 184643347, "FEDIRP": "S", "FENAME": "Els", "FETYPE": "St", "FEDIRS": null, "FRADDL": 6700.0, "TOADDL": 6798.0, "FRADDR": 6701.0, "TOADDR": 6799.0 }, "geometry": { "type": "LineString", "coordinates": [ [ 24.833864, 36.04842 ], [ 24.832964, 36.04842 ] ] } },
{ "type": "Feature", "properties": { "TLID": 184643348, "FEDIRP": "S", "FENAME": "Konitsis", "FETYPE": "St", "FEDIRS": null, "FRADDL": 801.0, "TOADDL": 999.0, "FRADDR": 800.0, "TOADDR": 998.0 }, "geometry": { "type": "LineString", "coordinates": [ [ 24.832964, 36.04842 ], [ 24.832964, 36.04662 ] ] } },
{ "type": "Feature", "properties": { "TLID": 184643349, "FEDIRP": "S", "FENAME": "Obil", "FETYPE": "St", "FEDIRS": null, "FRADDL": 647.0, "TOADDL": 999.0, "FRADDR": 800.0, "TOADDR": 998.0 }, "geometry": { "type": "LineString", "coordinates": [ [ 24.833864, 36.04842 ], [ 24.833964, 36.04662 ] ] } },
{ "type": "Feature", "properties": { "TLID": 184643350, "FEDIRP": "S", "FENAME": "Els", "FETYPE": "St", "FEDIRS": null, "FRADDL": 6300.0, "TOADDL": 6698.0, "FRADDR": 6301.0, "TOADDR": 6699.0 }, "geometry": { "type": "LineString", "coordinates": [ [ 24.837364, 36.04842 ], [ 24.833864, 36.04842 ] ] } },
{ "type": "Feature", "properties": { "TLID": 184643351, "FEDIRP": "S", "FENAME": "Acera", "FETYPE": "St", "FEDIRS": null, "FRADDL": 6700.0, "TOADDL": 6798.0, "FRADDR": 6701.0, "TOADDR": 6799.0 }, "geometry": { "type": "LineString", "coordinates": [ [ 24.833964, 36.04662 ], [ 24.832964, 36.04662 ] ] } },
{ "type": "Feature", "properties": { "TLID": 184643354, "FEDIRP": "S", "FENAME": "Acera", "FETYPE": "St", "FEDIRS": null, "FRADDL": 6400.0, "TOADDL": 6698.0, "FRADDR": 6501.0, "TOADDR": 6699.0 }, "geometry": { "type": "LineString", "coordinates": [ [ 24.837764, 36.04662 ], [ 24.833964, 36.04662 ] ] } },
{ "type": "Feature", "properties": { "TLID": 184643355, "FEDIRP": null, "FENAME": null, "FETYPE": null, "FEDIRS": null, "FRADDL": null, "TOADDL": null, "FRADDR": null, "TOADDR": null }, "geometry": { "type": "LineString", "coordinates": [ [ 24.835964, 36.045075 ], [ 24.835903, 36.045503 ], [ 24.835887, 36.045686 ], [ 24.835826, 36.045823 ], [ 24.835567, 36.046174 ] ] } },
{ "type": "Feature", "properties": { "TLID": 184643356, "FEDIRP": null, "FENAME": null, "FETYPE": null, "FEDIRS": null, "FRADDL": null, "TOADDL": null, "FRADDR": null, "TOADDR": null }, "geometry": { "type": "LineString", "coordinates": [ [ 24.835964, 36.045075 ], [ 24.835048, 36.045068 ] ] } },
{ "type": "Feature", "properties": { "TLID": 184643369, "FEDIRP": "N", "FENAME": "Wenna", "FETYPE": "St", "FEDIRS": null, "FRADDL": 4936.0, "TOADDL": 4948.0, "FRADDR": 4933.0, "TOADDR": 4945.0 }, "geometry": { "type": "LineString", "coordinates": [ [ 24.837495, 36.09031 ], [ 24.837463, 36.09082 ] ] } },
{ "type": "Feature", "properties": { "TLID": 184643380, "FEDIRP": "N", "FENAME": "Distomou", "FETYPE": "St", "FEDIRS": null, "FRADDL": 6499.0, "TOADDL": 6461.0, "FRADDR": 6498.0, "TOADDR": 6400.0 }, "geometry": { "type": "LineString", "coordinates": [ [ 24.836463, 36.09282 ], [ 24.837504, 36.09298 ] ] } },
{ "type": "Feature", "properties": { "TLID": 184643382, "FEDIRP": "N", "FENAME": "Distomou", "FETYPE": "St", "FEDIRS": null, "FRADDL": 6459.0, "TOADDL": 6401.0, "FRADDR": 6398.0, "TOADDR": 6300.0 }, "geometry": { "type": "LineString", "coordinates": [ [ 24.837504, 36.09298 ], [ 24.839163, 36.09282 ] ] } },
{ "type": "Feature", "properties": { "TLID": 184643384, "FEDIRP": "N", "FENAME": "Diogenous", "FETYPE": "St", "FEDIRS": null, "FRADDL": 6400.0, "TOADDL": 6498.0, "FRADDR": 6401.0, "TOADDR": 6499.0 }, "geometry": { "type": "LineString", "coordinates": [ [ 24.837463, 36.09112 ], [ 24.836363, 36.09102 ] ] } },
{ "type": "Feature", "properties": { "TLID": 184643385, "FEDIRP": "N", "FENAME": "Wenna", "FETYPE": "St", "FEDIRS": null, "FRADDL": 4950.0, "TOADDL": 4998.0, "FRADDR": 4947.0, "TOADDR": 4999.0 }, "geometry": { "type": "LineString", "coordinates": [ [ 24.837463, 36.09082 ], [ 24.837463, 36.09112 ] ] } },
{ "type": "Feature", "properties": { "TLID": 184643386, "FEDIRP": "N", "FENAME": "Diogenous", "FETYPE": "St", "FEDIRS": null, "FRADDL": 6302.0, "TOADDL": 6350.0, "FRADDR": 6317.0, "TOADDR": 6351.0 }, "geometry": { "type": "LineString", "coordinates": [ [ 24.839163, 36.09082 ], [ 24.838827, 36.09082 ] ] } },
{ "type": "Feature", "properties": { "TLID": 184643387, "FEDIRP": "N", "FENAME": "Wenna", "FETYPE": "St", "FEDIRS": null, "FRADDL": 4900.0, "TOADDL": 4934.0, "FRADDR": 4901.0, "TOADDR": 4931.0 }, "geometry": { "type": "LineString", "coordinates": [ [ 24.837563, 36.08922 ], [ 24.837495, 36.09031 ] ] } },
{ "type": "Feature", "properties": { "TLID": 184643388, "FEDIRP": "N", "FENAME": "Thermopilon", "FETYPE": "St", "FEDIRS": null, "FRADDL": 5100.0, "TOADDL": 5198.0, "FRADDR": 5101.0, "TOADDR": 5199.0 }, "geometry": { "type": "LineString", "coordinates": [ [ 24.839163, 36.09282 ], [ 24.839163, 36.09332 ] ] } },
{ "type": "Feature", "properties": { "TLID": 184643389, "FEDIRP": "N", "FENAME": "Thermopilon", "FETYPE": "St", "FEDIRS": null, "FRADDL": 5000.0, "TOADDL": 5098.0, "FRADDR": 5001.0, "TOADDR": 5099.0 }, "geometry": { "type": "LineString", "coordinates": [ [ 24.839163, 36.09132 ], [ 24.839163, 36.09282 ] ] } },
{ "type": "Feature", "properties": { "TLID": 184643390, "FEDIRP": "N", "FENAME": "Distomou", "FETYPE": "St", "FEDIRS": null, "FRADDL": 6200.0, "TOADDL": 6298.0, "FRADDR": 6203.0, "TOADDR": 6299.0 }, "geometry": { "type": "LineString", "coordinates": [ [ 24.840463, 36.09282 ], [ 24.839163, 36.09282 ] ] } },
{ "type": "Feature", "properties": { "TLID": 184643391, "FEDIRP": "N", "FENAME": "Diogenous", "FETYPE": "St", "FEDIRS": null, "FRADDL": 6222.0, "TOADDL": 6298.0, "FRADDR": 6217.0, "TOADDR": 6299.0 }, "geometry": { "type": "LineString", "coordinates": [ [ 24.839163, 36.09132 ], [ 24.837463, 36.09112 ] ] } },
{ "type": "Feature", "properties": { "TLID": 184643392, "FEDIRP": "N", "FENAME": "Thermopilon", "FETYPE": "St", "FEDIRS": null, "FRADDL": null, "TOADDL": null, "FRADDR": 4943.0, "TOADDR": 4959.0 }, "geometry": { "type": "LineString", "coordinates": [ [ 24.839163, 36.09082 ], [ 24.839163, 36.090977 ] ] } },
{ "type": "Feature", "properties": { "TLID": 184643393, "FEDIRP": "N", "FENAME": "Diogenous", "FETYPE": "St", "FEDIRS": null, "FRADDL": 6200.0, "TOADDL": 6202.0, "FRADDR": 6201.0, "TOADDR": 6203.0 }, "geometry": { "type": "LineString", "coordinates": [ [ 24.840363, 36.09132 ], [ 24.840044, 36.09132 ] ] } },
{ "type": "Feature", "properties": { "TLID": 184643394, "FEDIRP": "N", "FENAME": "Diogenous", "FETYPE": "St", "FEDIRS": null, "FRADDL": null, "TOADDL": null, "FRADDR": 6301.0, "TOADDR": 6311.0 }, "geometry": { "type": "LineString", "coordinates": [ [ 24.840363, 36.09082 ], [ 24.839163, 36.09082 ] ] } },
{ "type": "Feature", "properties": { "TLID": 184643395, "FEDIRP": "N", "FENAME": "Thermopilon", "FETYPE": "St", "FEDIRS": null, "FRADDL": 4900.0, "TOADDL": 4942.0, "FRADDR": 4901.0, "TOADDR": 4941.0 }, "geometry": { "type": "LineString", "coordinates": [ [ 24.839163, 36.08922 ], [ 24.839163, 36.09082 ] ] } },
{ "type": "Feature", "properties": { "TLID": 184643396, "FEDIRP": "N", "FENAME": "Gerantoni", "FETYPE": "St", "FEDIRS": null, "FRADDL": 4972.0, "TOADDL": 4998.0, "FRADDR": 5001.0, "TOADDR": 5005.0 }, "geometry": { "type": "LineString", "coordinates": [ [ 24.840463, 36.09102 ], [ 24.840363, 36.09132 ] ] } },
{ "type": "Feature", "properties": { "TLID": 184643397, "FEDIRP": "N", "FENAME": "Gerantoni", "FETYPE": "St", "FEDIRS": null, "FRADDL": 4900.0, "TOADDL": 4940.0, "FRADDR": 4901.0, "TOADDR": 4949.0 }, "geometry": { "type": "LineString", "coordinates": [ [ 24.840463, 36.08912 ], [ 24.840363, 36.09082 ] ] } },
{ "type": "Feature", "properties": { "TLID": 184643399, "FEDIRP": "N", "FENAME": "Peque", "FETYPE": "Way", "FEDIRS": null, "FRADDL": 6200.0, "TOADDL": 6298.0, "FRADDR": 6201.0, "TOADDR": 6299.0 }, "geometry": { "type": "LineString", "coordinates": [ [ 24.840463, 36.09432 ], [ 24.839163, 36.09332 ] ] } },
{ "type": "Feature", "properties": { "TLID": 184643400, "FEDIRP": "N", "FENAME": "Peque", "FETYPE": "Way", "FEDIRS": null, "FRADDL": 6100.0, "TOADDL": 6198.0, "FRADDR": 6101.0, "TOADDR": 6199.0 }, "geometry": { "type": "LineString", "coordinates": [ [ 24.841763, 36.09482 ], [ 24.840463, 36.09432 ] ] } },
{ "type": "Feature", "properties": { "TLID": 184643401, "FEDIRP": "N", "FENAME": "Ionnanon", "FETYPE": "St", "FEDIRS": null, "FRADDL": 5100.0, "TOADDL": 5298.0, "FRADDR": 5101.0, "TOADDR": 5299.0 }, "geometry": { "type": "LineString", "coordinates": [ [ 24.841763, 36.09282 ], [ 24.841763, 36.09482 ] ] } },
{ "type": "Feature", "properties": { "TLID": 184643409, "FEDIRP": "N", "FENAME": "Gerantoni", "FETYPE": "St", "FEDIRS": null, "FRADDL": 5000.0, "TOADDL": 5004.0, "FRADDR": 5007.0, "TOADDR": 5011.0 }, "geometry": { "type": "LineString", "coordinates": [ [ 24.840363, 36.09132 ], [ 24.840373, 36.091464 ] ] } },
{ "type": "Feature", "properties": { "TLID": 184643410, "FEDIRP": "N", "FENAME": "Distomou", "FETYPE": "St", "FEDIRS": null, "FRADDL": 6100.0, "TOADDL": 6198.0, "FRADDR": 6101.0, "TOADDR": 6201.0 }, "geometry": { "type": "LineString", "coordinates": [ [ 24.841763, 36.09282 ], [ 24.840463, 36.09282 ] ] } },
{ "type": "Feature", "properties": { "TLID": 184643411, "FEDIRP": "N", "FENAME": "Ionnanon", "FETYPE": "St", "FEDIRS": null, "FRADDL": 5000.0, "TOADDL": 5018.0, "FRADDR": 5001.0, "TOADDR": 5017.0 }, "geometry": { "type": "LineString", "coordinates": [ [ 24.841663, 36.09092 ], [ 24.841711, 36.091833 ] ] } },
{ "type": "Feature", "properties": { "TLID": 184643412, "FEDIRP": "N", "FENAME": "Distomou", "FETYPE": "St", "FEDIRS": null, "FRADDL": 6000.0, "TOADDL": 6098.0, "FRADDR": 6001.0, "TOADDR": 6099.0 }, "geometry": { "type": "LineString", "coordinates": [ [ 24.843063, 36.09282 ], [ 24.841763, 36.09282 ] ] } },
{ "type": "Feature", "properties": { "TLID": 184643413, "FEDIRP": "N", "FENAME": "Gerantoni", "FETYPE": "St", "FEDIRS": null, "FRADDL": 4942.0, "TOADDL": 4970.0, "FRADDR": 4951.0, "TOADDR": 4999.0 }, "geometry": { "type": "LineString", "coordinates": [ [ 24.840363, 36.09082 ], [ 24.840463, 36.09102 ] ] } },
{ "type": "Feature", "properties": { "TLID": 184643414, "FEDIRP": "N", "FENAME": "Diogenous", "FETYPE": "St", "FEDIRS": null, "FRADDL": 6100.0, "TOADDL": 6198.0, "FRADDR": 6101.0, "TOADDR": 6199.0 }, "geometry": { "type": "LineString", "coordinates": [ [ 24.841663, 36.09092 ], [ 24.840463, 36.09102 ] ] } },
{ "type": "Feature", "properties": { "TLID": 184643415, "FEDIRP": "N", "FENAME": "Diogenous", "FETYPE": "St", "FEDIRS": null, "FRADDL": 6000.0, "TOADDL": 6098.0, "FRADDR": 6001.0, "TOADDR": 6099.0 }, "geometry": { "type": "LineString", "coordinates": [ [ 24.843063, 36.09092 ], [ 24.841663, 36.09092 ] ] } },
{ "type": "Feature", "properties": { "TLID": 184643416, "FEDIRP": "N", "FENAME": "Ionnanon", "FETYPE": "St", "FEDIRS": null, "FRADDL": 4900.0, "TOADDL": 4998.0, "FRADDR": 4901.0, "TOADDR": 4999.0 }, "geometry": { "type": "LineString", "coordinates": [ [ 24.841663, 36.08912 ], [ 24.841663, 36.09092 ] ] } },
{ "type": "Feature", "properties": { "TLID": 184643417, "FEDIRP": "N", "FENAME": "Tzavella", "FETYPE": "St", "FEDIRS": null, "FRADDL": 5000.0, "TOADDL": 5030.0, "FRADDR": 5001.0, "TOADDR": 5029.0 }, "geometry": { "type": "LineString", "coordinates": [ [ 24.843063, 36.09092 ], [ 24.843063, 36.092166 ] ] } },
{ "type": "Feature", "properties": { "TLID": 184643418, "FEDIRP": "N", "FENAME": "Distomou", "FETYPE": "St", "FEDIRS": null, "FRADDL": 5900.0, "TOADDL": 5998.0, "FRADDR": 5901.0, "TOADDR": 5999.0 }, "geometry": { "type": "LineString", "coordinates": [ [ 24.844463, 36.09282 ], [ 24.843063, 36.09282 ] ] } },
{ "type": "Feature", "properties": { "TLID": 184643419, "FEDIRP": "N", "FENAME": "Tzavella", "FETYPE": "St", "FEDIRS": null, "FRADDL": 4900.0, "TOADDL": 4998.0, "FRADDR": 4901.0, "TOADDR": 4999.0 }, "geometry": { "type": "LineString", "coordinates": [ [ 24.843063, 36.08912 ], [ 24.843063, 36.09092 ] ] } },
{ "type": "Feature", "properties": { "TLID": 184643440, "FEDIRP": "N", "FENAME": "Dodonis", "FETYPE": "St", "FEDIRS": null, "FRADDL": 5800.0, "TOADDL": 5898.0, "FRADDR": 5801.0, "TOADDR": 5899.0 }, "geometry": { "type": "LineString", "coordinates": [ [ 24.845763, 36.09402 ], [ 24.844463, 36.09402 ] ] } },
{ "type": "Feature", "properties": { "TLID": 184643441, "FEDIRP": "N", "FENAME": "Pilau", "FETYPE": "St", "FEDIRS": null, "FRADDL": 5100.0, "TOADDL": 5198.0, "FRADDR": 5101.0, "TOADDR": 5199.0 }, "geometry": { "type": "LineString", "coordinates": [ [ 24.844463, 36.09282 ], [ 24.844463, 36.09402 ] ] } },
{ "type": "Feature", "properties": { "TLID": 184643446, "FEDIRP": "N", "FENAME": "Leeno", "FETYPE": "St", "FEDIRS": null, "FRADDL": 5100.0, "TOADDL": 5198.0, "FRADDR": 5101.0, "TOADDR": 5199.0 }, "geometry": { "type": "LineString", "coordinates": [ [ 24.845721, 36.092837 ], [ 24.845763, 36.09402 ] ] } },
{ "type": "Feature", "properties": { "TLID": 184643447, "FEDIRP": "N", "FENAME": "Dodonis", "FETYPE": "St", "FEDIRS": null, "FRADDL": 5600.0, "TOADDL": 5798.0, "FRADDR": 5601.0, "TOADDR": 5799.0 }, "geometry": { "type": "LineString", "coordinates": [ [ 24.847103, 36.094016 ], [ 24.845763, 36.09402 ] ] } },
{ "type": "Feature", "properties": { "TLID": 184643448, "FEDIRP": "N", "FENAME": "Leeno", "FETYPE": "St", "FEDIRS": null, "FRADDL": 4976.0, "TOADDL": 4998.0, "FRADDR": 4977.0, "TOADDR": 4999.0 }, "geometry": { "type": "LineString", "coordinates": [ [ 24.845463, 36.090173 ], [ 24.845463, 36.09092 ] ] } },
{ "type": "Feature", "properties": { "TLID": 184643449, "FEDIRP": "N", "FENAME": "Distomou", "FETYPE": "St", "FEDIRS": null, "FRADDL": 5800.0, "TOADDL": 5898.0, "FRADDR": 5801.0, "TOADDR": 5899.0 }, "geometry": { "type": "LineString", "coordinates": [ [ 24.845721, 36.092837 ], [ 24.844463, 36.09282 ] ] } },
{ "type": "Feature", "properties": { "TLID": 184643450, "FEDIRP": "N", "FENAME": "Pilau", "FETYPE": "St", "FEDIRS": null, "FRADDL": 5000.0, "TOADDL": 5026.0, "FRADDR": 5001.0, "TOADDR": 5015.0 }, "geometry": { "type": "LineString", "coordinates": [ [ 24.844486, 36.090919 ], [ 24.844447, 36.092324 ] ] } },
{ "type": "Feature", "properties": { "TLID": 184643451, "FEDIRP": "N", "FENAME": "Diogenous", "FETYPE": "St", "FEDIRS": null, "FRADDL": 5900.0, "TOADDL": 5998.0, "FRADDR": 5901.0, "TOADDR": 5999.0 }, "geometry": { "type": "LineString", "coordinates": [ [ 24.844486, 36.090919 ], [ 24.843063, 36.09092 ] ] } },
{ "type": "Feature", "properties": { "TLID": 184643452, "FEDIRP": "N", "FENAME": "Diogenous", "FETYPE": "St", "FEDIRS": null, "FRADDL": 5800.0, "TOADDL": 5898.0, "FRADDR": 5801.0, "TOADDR": 5899.0 }, "geometry": { "type": "LineString", "coordinates": [ [ 24.845463, 36.09092 ], [ 24.844486, 36.090919 ] ] } },
{ "type": "Feature", "properties": { "TLID": 184643453, "FEDIRP": "N", "FENAME": "Pilau", "FETYPE": "St", "FEDIRS": null, "FRADDL": 4916.0, "TOADDL": 4998.0, "FRADDR": 4919.0, "TOADDR": 4999.0 }, "geometry": { "type": "LineString", "coordinates": [ [ 24.844447, 36.090163 ], [ 24.844486, 36.090919 ] ] } },
{ "type": "Feature", "properties": { "TLID": 184643454, "FEDIRP": "N", "FENAME": "Leeno", "FETYPE": "St", "FEDIRS": null, "FRADDL": 5000.0, "TOADDL": 5036.0, "FRADDR": 5001.0, "TOADDR": 5025.0 }, "geometry": { "type": "LineString", "coordinates": [ [ 24.845681, 36.090919 ], [ 24.845741, 36.092391 ] ] } },
{ "type": "Feature", "properties": { "TLID": 184643455, "FEDIRP": "N", "FENAME": "Distomou", "FETYPE": "St", "FEDIRS": null, "FRADDL": 5600.0, "TOADDL": 5798.0, "FRADDR": 5601.0, "TOADDR": 5799.0 }, "geometry": { "type": "LineString", "coordinates": [ [ 24.847063, 36.09282 ], [ 24.845721, 36.092837 ] ] } },
{ "type": "Feature", "properties": { "TLID": 184643457, "FEDIRP": "N", "FENAME": "Diogenous", "FETYPE": "St", "FEDIRS": null, "FRADDL": 5682.0, "TOADDL": 5798.0, "FRADDR": 5701.0, "TOADDR": 5799.0 }, "geometry": { "type": "LineString", "coordinates": [ [ 24.845681, 36.090919 ], [ 24.845463, 36.09092 ] ] } },
{ "type": "Feature", "properties": { "TLID": 184643458, "FEDIRP": "N", "FENAME": "Diogenous", "FETYPE": "St", "FEDIRS": null, "FRADDL": 5656.0, "TOADDL": 5680.0, "FRADDR": 5651.0, "TOADDR": 5699.0 }, "geometry": { "type": "LineString", "coordinates": [ [ 24.846263, 36.09092 ], [ 24.845681, 36.090919 ] ] } },
{ "type": "Feature", "properties": { "TLID": 184643459, "FEDIRP": "N", "FENAME": "Diogenous", "FETYPE": "St", "FEDIRS": null, "FRADDL": 5600.0, "TOADDL": 5654.0, "FRADDR": 5601.0, "TOADDR": 5649.0 }, "geometry": { "type": "LineString", "coordinates": [ [ 24.846963, 36.09092 ], [ 24.846263, 36.09092 ] ] } },
{ "type": "Feature", "properties": { "TLID": 184643460, "FEDIRP": "N", "FENAME": "Yinn", "FETYPE": "Pl", "FEDIRS": null, "FRADDL": 4900.0, "TOADDL": 4998.0, "FRADDR": 4901.0, "TOADDR": 4999.0 }, "geometry": { "type": "LineString", "coordinates": [ [ 24.846363, 36.09032 ], [ 24.846263, 36.09092 ] ] } },
{ "type": "Feature", "properties": { "TLID": 184643464, "FEDIRP": "N", "FENAME": "Dodonis", "FETYPE": "St", "FEDIRS": null, "FRADDL": 5500.0, "TOADDL": 5598.0, "FRADDR": 5501.0, "TOADDR": 5599.0 }, "geometry": { "type": "LineString", "coordinates": [ [ 24.848463, 36.09402 ], [ 24.847103, 36.094016 ] ] } },
{ "type": "Feature", "properties": { "TLID": 184643465, "FEDIRP": "N", "FENAME": "Yonille", "FETYPE": "St", "FEDIRS": null, "FRADDL": 5100.0, "TOADDL": 5198.0, "FRADDR": 5101.0, "TOADDR": 5199.0 }, "geometry": { "type": "LineString", "coordinates": [ [ 24.847063, 36.09282 ], [ 24.847103, 36.094016 ] ] } },
{ "type": "Feature", "properties": { "TLID": 184643472, "FEDIRP": "N", "FENAME": "Dodonis", "FETYPE": "St", "FEDIRS": null, "FRADDL": 5400.0, "TOADDL": 5498.0, "FRADDR": 5401.0, "TOADDR": 5499.0 }, "geometry": { "type": "LineString", "coordinates": [ [ 24.849863, 36.09402 ], [ 24.848463, 36.09402 ] ] } },
{ "type": "Feature", "properties": { "TLID": 184643473, "FEDIRP": "N", "FENAME": "Scarkeme", "FETYPE": "St", "FEDIRS": null, "FRADDL": 5100.0, "TOADDL": 5198.0, "FRADDR": 5101.0, "TOADDR": 5199.0 }, "geometry": { "type": "LineString", "coordinates": [ [ 24.84843, 36.092985 ], [ 24.848463, 36.09402 ] ] } },
{ "type": "Feature", "properties": { "TLID": 184643475, "FEDIRP": "N", "FENAME": "Finiatur", "FETYPE": "St", "FEDIRS": null, "FRADDL": 5100.0, "TOADDL": 5198.0, "FRADDR": 5101.0, "TOADDR": 5199.0 }, "geometry": { "type": "LineString", "coordinates": [ [ 24.849824, 36.092985 ], [ 24.849863, 36.09402 ] ] } },
{ "type": "Feature", "properties": { "TLID": 184643476, "FEDIRP": "N", "FENAME": "Dodonis", "FETYPE": "St", "FEDIRS": null, "FRADDL": 5300.0, "TOADDL": 5398.0, "FRADDR": 5301.0, "TOADDR": 5399.0 }, "geometry": { "type": "LineString", "coordinates": [ [ 24.851836, 36.093863 ], [ 24.849863, 36.09402 ] ] } },
{ "type": "Feature", "properties": { "TLID": 184643477, "FEDIRP": "N", "FENAME": "Yonille", "FETYPE": "St", "FEDIRS": null, "FRADDL": 5050.0, "TOADDL": 5082.0, "FRADDR": 5001.0, "TOADDR": 5069.0 }, "geometry": { "type": "LineString", "coordinates": [ [ 24.846963, 36.09142 ], [ 24.847035, 36.09243 ] ] } },
{ "type": "Feature", "properties": { "TLID": 184643479, "FEDIRP": "N", "FENAME": "Distomou", "FETYPE": "St", "FEDIRS": null, "FRADDL": 5400.0, "TOADDL": 5498.0, "FRADDR": 5401.0, "TOADDR": 5499.0 }, "geometry": { "type": "LineString", "coordinates": [ [ 24.849824, 36.092985 ], [ 24.84843, 36.092985 ] ] } },
{ "type": "Feature", "properties": { "TLID": 184643480, "FEDIRP": "N", "FENAME": "Yonille", "FETYPE": "St", "FEDIRS": null, "FRADDL": 5000.0, "TOADDL": 5048.0, "FRADDR": null, "TOADDR": null }, "geometry": { "type": "LineString", "coordinates": [ [ 24.846963, 36.09092 ], [ 24.846963, 36.09142 ] ] } },
{ "type": "Feature", "properties": { "TLID": 184643481, "FEDIRP": "N", "FENAME": "Helice", "FETYPE": "St", "FEDIRS": null, "FRADDL": 5420.0, "TOADDL": 5598.0, "FRADDR": 5421.0, "TOADDR": 5599.0 }, "geometry": { "type": "LineString", "coordinates": [ [ 24.849963, 36.09142 ], [ 24.846963, 36.09142 ] ] } },
{ "type": "Feature", "properties": { "TLID": 184643482, "FEDIRP": "N", "FENAME": "Yonille", "FETYPE": "St", "FEDIRS": null, "FRADDL": 4944.0, "TOADDL": 4998.0, "FRADDR": 4945.0, "TOADDR": 4999.0 }, "geometry": { "type": "LineString", "coordinates": [ [ 24.846936, 36.090123 ], [ 24.846963, 36.09092 ] ] } },
{ "type": "Feature", "properties": { "TLID": 184643483, "FEDIRP": "N", "FENAME": "Desafio", "FETYPE": "St", "FEDIRS": null, "FRADDL": 6300.0, "TOADDL": 6348.0, "FRADDR": 6301.0, "TOADDR": 6399.0 }, "geometry": { "type": "LineString", "coordinates": [ [ 24.839163, 36.08922 ], [ 24.837563, 36.08922 ] ] } },
{ "type": "Feature", "properties": { "TLID": 184643484, "FEDIRP": "N", "FENAME": "Thermopilon", "FETYPE": "St", "FEDIRS": null, "FRADDL": 4830.0, "TOADDL": 4898.0, "FRADDR": 4831.0, "TOADDR": 4899.0 }, "geometry": { "type": "LineString", "coordinates": [ [ 24.839176, 36.088751 ], [ 24.839163, 36.08922 ] ] } },
{ "type": "Feature", "properties": { "TLID": 184643485, "FEDIRP": "N", "FENAME": "Desafio", "FETYPE": "St", "FEDIRS": null, "FRADDL": 6200.0, "TOADDL": 6298.0, "FRADDR": 6201.0, "TOADDR": 6299.0 }, "geometry": { "type": "LineString", "coordinates": [ [ 24.840463, 36.08912 ], [ 24.839163, 36.08922 ] ] } },
{ "type": "Feature", "properties": { "TLID": 184643486, "FEDIRP": "N", "FENAME": "Thermopilon", "FETYPE": "St", "FEDIRS": null, "FRADDL": 4800.0, "TOADDL": 4828.0, "FRADDR": 4801.0, "TOADDR": 4829.0 }, "geometry": { "type": "LineString", "coordinates": [ [ 24.839163, 36.08782 ], [ 24.839176, 36.088751 ] ] } },
{ "type": "Feature", "properties": { "TLID": 184643487, "FEDIRP": "N", "FENAME": "Derwen", "FETYPE": "St", "FEDIRS": null, "FRADDL": 6200.0, "TOADDL": 6298.0, "FRADDR": 6201.0, "TOADDR": 6299.0 }, "geometry": { "type": "LineString", "coordinates": [ [ 24.840363, 36.08782 ], [ 24.839163, 36.08782 ] ] } },
{ "type": "Feature", "properties": { "TLID": 184643488, "FEDIRP": "N", "FENAME": "Thermopilon", "FETYPE": "St", "FEDIRS": null, "FRADDL": 4600.0, "TOADDL": 4798.0, "FRADDR": 4601.0, "TOADDR": 4799.0 }, "geometry": { "type": "LineString", "coordinates": [ [ 24.839063, 36.08562 ], [ 24.839163, 36.08782 ] ] } },
{ "type": "Feature", "properties": { "TLID": 184643489, "FEDIRP": "N", "FENAME": "Gerantoni", "FETYPE": "St", "FEDIRS": null, "FRADDL": 4600.0, "TOADDL": 4798.0, "FRADDR": 4601.0, "TOADDR": 4799.0 }, "geometry": { "type": "LineString", "coordinates": [ [ 24.840363, 36.08562 ], [ 24.840363, 36.08782 ] ] } },
{ "type": "Feature", "properties": { "TLID": 184643490, "FEDIRP": "N", "FENAME": "Derwen", "FETYPE": "St", "FEDIRS": null, "FRADDL": 6100.0, "TOADDL": 6198.0, "FRADDR": 6101.0, "TOADDR": 6199.0 }, "geometry": { "type": "LineString", "coordinates": [ [ 24.841663, 36.08782 ], [ 24.840363, 36.08782 ] ] } },
{ "type": "Feature", "properties": { "TLID": 184643491, "FEDIRP": "N", "FENAME": "Inuti", "FETYPE": "Dr", "FEDIRS": null, "FRADDL": 4600.0, "TOADDL": 4640.0, "FRADDR": 4601.0, "TOADDR": 4641.0 }, "geometry": { "type": "LineString", "coordinates": [ [ 24.838263, 36.08562 ], [ 24.838263, 36.08672 ], [ 24.837263, 36.08672 ] ] } },
{ "type": "Feature", "properties": { "TLID": 184643492, "FEDIRP": "N", "FENAME": "Darluniau", "FETYPE": "St", "FEDIRS": null, "FRADDL": 6300.0, "TOADDL": 6398.0, "FRADDR": 6301.0, "TOADDR": 6399.0 }, "geometry": { "type": "LineString", "coordinates": [ [ 24.839063, 36.08462 ], [ 24.837563, 36.08462 ] ] } },
{ "type": "Feature", "properties": { "TLID": 184643493, "FEDIRP": "N", "FENAME": "Wenna", "FETYPE": "St", "FEDIRS": null, "FRADDL": 4200.0, "TOADDL": 4498.0, "FRADDR": 4201.0, "TOADDR": 4499.0 }, "geometry": { "type": "LineString", "coordinates": [ [ 24.837563, 36.08192 ], [ 24.837563, 36.08462 ] ] } },
{ "type": "Feature", "properties": { "TLID": 184643494, "FEDIRP": "N", "FENAME": "Delfon", "FETYPE": "St", "FEDIRS": null, "FRADDL": 6300.0, "TOADDL": 6398.0, "FRADDR": 6301.0, "TOADDR": 6349.0 }, "geometry": { "type": "LineString", "coordinates": [ [ 24.839063, 36.08562 ], [ 24.838263, 36.08562 ] ] } },
{ "type": "Feature", "properties": { "TLID": 184643495, "FEDIRP": "N", "FENAME": "Thermopilon", "FETYPE": "St", "FEDIRS": null, "FRADDL": 4500.0, "TOADDL": 4598.0, "FRADDR": 4501.0, "TOADDR": 4599.0 }, "geometry": { "type": "LineString", "coordinates": [ [ 24.839063, 36.08462 ], [ 24.839063, 36.08562 ] ] } },
{ "type": "Feature", "properties": { "TLID": 184643496, "FEDIRP": "N", "FENAME": "Delfon", "FETYPE": "St", "FEDIRS": null, "FRADDL": 6200.0, "TOADDL": 6298.0, "FRADDR": 6201.0, "TOADDR": 6299.0 }, "geometry": { "type": "LineString", "coordinates": [ [ 24.840363, 36.08562 ], [ 24.839063, 36.08562 ] ] } },
{ "type": "Feature", "properties": { "TLID": 184643497, "FEDIRP": "N", "FENAME": "Darluniau", "FETYPE": "St", "FEDIRS": null, "FRADDL": 6200.0, "TOADDL": 6298.0, "FRADDR": 6201.0, "TOADDR": 6299.0 }, "geometry": { "type": "LineString", "coordinates": [ [ 24.840363, 36.08462 ], [ 24.839063, 36.08462 ] ] } },
{ "type": "Feature", "properties": { "TLID": 184643498, "FEDIRP": "N", "FENAME": "Thermopilon", "FETYPE": "St", "FEDIRS": null, "FRADDL": 4200.0, "TOADDL": 4498.0, "FRADDR": 4201.0, "TOADDR": 4499.0 }, "geometry": { "type": "LineString", "coordinates": [ [ 24.839063, 36.08192 ], [ 24.839063, 36.08462 ] ] } },
{ "type": "Feature", "properties": { "TLID": 184643499, "FEDIRP": "N", "FENAME": "Gerantoni", "FETYPE": "St", "FEDIRS": null, "FRADDL": 4500.0, "TOADDL": 4598.0, "FRADDR": 4501.0, "TOADDR": 4599.0 }, "geometry": { "type": "LineString", "coordinates": [ [ 24.840363, 36.08462 ], [ 24.840363, 36.08562 ] ] } },
{ "type": "Feature", "properties": { "TLID": 184643500, "FEDIRP": "N", "FENAME": "Delfon", "FETYPE": "St", "FEDIRS": null, "FRADDL": 6100.0, "TOADDL": 6106.0, "FRADDR": 6101.0, "TOADDR": 6107.0 }, "geometry": { "type": "LineString", "coordinates": [ [ 24.841563, 36.08562 ], [ 24.841463, 36.08562 ] ] } },
{ "type": "Feature", "properties": { "TLID": 184643501, "FEDIRP": "N", "FENAME": "Darluniau", "FETYPE": "St", "FEDIRS": null, "FRADDL": 5916.0, "TOADDL": 6198.0, "FRADDR": 6101.0, "TOADDR": 6199.0 }, "geometry": { "type": "LineString", "coordinates": [ [ 24.841463, 36.08462 ], [ 24.840363, 36.08462 ] ] } },
{ "type": "Feature", "properties": { "TLID": 184643502, "FEDIRP": "N", "FENAME": "Gerantoni", "FETYPE": "St", "FEDIRS": null, "FRADDL": 4200.0, "TOADDL": 4498.0, "FRADDR": 4201.0, "TOADDR": 4499.0 }, "geometry": { "type": "LineString", "coordinates": [ [ 24.840263, 36.08192 ], [ 24.840363, 36.08462 ] ] } },
{ "type": "Feature", "properties": { "TLID": 184643503, "FEDIRP": "N", "FENAME": "Gerantoni", "FETYPE": "St", "FEDIRS": null, "FRADDL": 4800.0, "TOADDL": 4898.0, "FRADDR": 4801.0, "TOADDR": 4899.0 }, "geometry": { "type": "LineString", "coordinates": [ [ 24.840363, 36.08782 ], [ 24.840463, 36.08912 ] ] } },
{ "type": "Feature", "properties": { "TLID": 184643504, "FEDIRP": "N", "FENAME": "Desafio", "FETYPE": "St", "FEDIRS": null, "FRADDL": 6100.0, "TOADDL": 6198.0, "FRADDR": 6101.0, "TOADDR": 6199.0 }, "geometry": { "type": "LineString", "coordinates": [ [ 24.841663, 36.08912 ], [ 24.840463, 36.08912 ] ] } },
{ "type": "Feature", "properties": { "TLID": 184643505, "FEDIRP": "N", "FENAME": "Ionnanon", "FETYPE": "St", "FEDIRS": null, "FRADDL": 4800.0, "TOADDL": 4898.0, "FRADDR": 4801.0, "TOADDR": 4899.0 }, "geometry": { "type": "LineString", "coordinates": [ [ 24.841663, 36.08782 ], [ 24.841663, 36.08912 ] ] } },
{ "type": "Feature", "properties": { "TLID": 184643506, "FEDIRP": "N", "FENAME": "Desafio", "FETYPE": "St", "FEDIRS": null, "FRADDL": 6000.0, "TOADDL": 6098.0, "FRADDR": 6001.0, "TOADDR": 6099.0 }, "geometry": { "type": "LineString", "coordinates": [ [ 24.843063, 36.08912 ], [ 24.841663, 36.08912 ] ] } },
{ "type": "Feature", "properties": { "TLID": 184643507, "FEDIRP": "N", "FENAME": "Derwen", "FETYPE": "St", "FEDIRS": null, "FRADDL": 6000.0, "TOADDL": 6098.0, "FRADDR": 6001.0, "TOADDR": 6099.0 }, "geometry": { "type": "LineString", "coordinates": [ [ 24.843063, 36.08782 ], [ 24.841663, 36.08782 ] ] } },
{ "type": "Feature", "properties": { "TLID": 184643508, "FEDIRP": "N", "FENAME": "Ionnanon", "FETYPE": "St", "FEDIRS": null, "FRADDL": 4600.0, "TOADDL": 4798.0, "FRADDR": 4601.0, "TOADDR": 4799.0 }, "geometry": { "type": "LineString", "coordinates": [ [ 24.841563, 36.08562 ], [ 24.841663, 36.08782 ] ] } },
{ "type": "Feature", "properties": { "TLID": 184643509, "FEDIRP": "N", "FENAME": "Tzavella", "FETYPE": "St", "FEDIRS": null, "FRADDL": 4800.0, "TOADDL": 4898.0, "FRADDR": 4801.0, "TOADDR": 4899.0 }, "geometry": { "type": "LineString", "coordinates": [ [ 24.843063, 36.08782 ], [ 24.843063, 36.08912 ] ] } },
{ "type": "Feature", "properties": { "TLID": 184643510, "FEDIRP": "N", "FENAME": "Desafio", "FETYPE": "St", "FEDIRS": null, "FRADDL": 5900.0, "TOADDL": 5998.0, "FRADDR": 5901.0, "TOADDR": 5999.0 }, "geometry": { "type": "LineString", "coordinates": [ [ 24.844486, 36.089002 ], [ 24.843063, 36.08912 ] ] } },
{ "type": "Feature", "properties": { "TLID": 184643511, "FEDIRP": "N", "FENAME": "Tzavella", "FETYPE": "St", "FEDIRS": null, "FRADDL": 4600.0, "TOADDL": 4798.0, "FRADDR": 4601.0, "TOADDR": 4799.0 }, "geometry": { "type": "LineString", "coordinates": [ [ 24.843064, 36.085551 ], [ 24.843063, 36.08782 ] ] } },
{ "type": "Feature", "properties": { "TLID": 184643512, "FEDIRP": "N", "FENAME": "Derwen", "FETYPE": "St", "FEDIRS": null, "FRADDL": 5900.0, "TOADDL": 5998.0, "FRADDR": 5901.0, "TOADDR": 5999.0 }, "geometry": { "type": "LineString", "coordinates": [ [ 24.844463, 36.08782 ], [ 24.843063, 36.08782 ] ] } },
{ "type": "Feature", "properties": { "TLID": 184643513, "FEDIRP": "N", "FENAME": "Delfon", "FETYPE": "St", "FEDIRS": null, "FRADDL": 6000.0, "TOADDL": 6098.0, "FRADDR": 6001.0, "TOADDR": 6099.0 }, "geometry": { "type": "LineString", "coordinates": [ [ 24.843064, 36.085551 ], [ 24.841563, 36.08562 ] ] } },
{ "type": "Feature", "properties": { "TLID": 184643514, "FEDIRP": "N", "FENAME": "Ionnanon", "FETYPE": "St", "FEDIRS": null, "FRADDL": 4500.0, "TOADDL": 4548.0, "FRADDR": 4501.0, "TOADDR": 4549.0 }, "geometry": { "type": "LineString", "coordinates": [ [ 24.841463, 36.08462 ], [ 24.841463, 36.08492 ] ] } },
{ "type": "Feature", "properties": { "TLID": 184643515, "FEDIRP": "N", "FENAME": "Darluniau", "FETYPE": "St", "FEDIRS": null, "FRADDL": null, "TOADDL": null, "FRADDR": 6001.0, "TOADDR": 6099.0 }, "geometry": { "type": "LineString", "coordinates": [ [ 24.843063, 36.08462 ], [ 24.841463, 36.08462 ] ] } },
{ "type": "Feature", "properties": { "TLID": 184643516, "FEDIRP": "N", "FENAME": "Tzavella", "FETYPE": "St", "FEDIRS": null, "FRADDL": 4500.0, "TOADDL": 4598.0, "FRADDR": 4501.0, "TOADDR": 4599.0 }, "geometry": { "type": "LineString", "coordinates": [ [ 24.843063, 36.08462 ], [ 24.843064, 36.085551 ] ] } },
{ "type": "Feature", "properties": { "TLID": 184643518, "FEDIRP": "N", "FENAME": "Darluniau", "FETYPE": "St", "FEDIRS": null, "FRADDL": 5900.0, "TOADDL": 5914.0, "FRADDR": 5901.0, "TOADDR": 5999.0 }, "geometry": { "type": "LineString", "coordinates": [ [ 24.844363, 36.08462 ], [ 24.843063, 36.08462 ] ] } },
{ "type": "Feature", "properties": { "TLID": 184643519, "FEDIRP": "N", "FENAME": "Carnero", "FETYPE": "St", "FEDIRS": null, "FRADDL": 6300.0, "TOADDL": 6398.0, "FRADDR": 6301.0, "TOADDR": 6399.0 }, "geometry": { "type": "LineString", "coordinates": [ [ 24.839063, 36.08192 ], [ 24.837563, 36.08192 ] ] } },
{ "type": "Feature", "properties": { "TLID": 184643520, "FEDIRP": "N", "FENAME": "Wenna", "FETYPE": "St", "FEDIRS": null, "FRADDL": 4000.0, "TOADDL": 4198.0, "FRADDR": 3951.0, "TOADDR": 4199.0 }, "geometry": { "type": "LineString", "coordinates": [ [ 24.837463, 36.08002 ], [ 24.837563, 36.08192 ] ] } },
{ "type": "Feature", "properties": { "TLID": 184643521, "FEDIRP": "N", "FENAME": "Carnero", "FETYPE": "St", "FEDIRS": null, "FRADDL": 6200.0, "TOADDL": 6298.0, "FRADDR": 6201.0, "TOADDR": 6299.0 }, "geometry": { "type": "LineString", "coordinates": [ [ 24.840263, 36.08192 ], [ 24.839063, 36.08192 ] ] } },
{ "type": "Feature", "properties": { "TLID": 184643522, "FEDIRP": "N", "FENAME": "Thermopilon", "FETYPE": "St", "FEDIRS": null, "FRADDL": 3900.0, "TOADDL": 4198.0, "FRADDR": 3901.0, "TOADDR": 4199.0 }, "geometry": { "type": "LineString", "coordinates": [ [ 24.838984, 36.079453 ], [ 24.839063, 36.08192 ] ] } },
{ "type": "Feature", "properties": { "TLID": 184643523, "FEDIRP": "N", "FENAME": "Carnero", "FETYPE": "St", "FEDIRS": null, "FRADDL": 6100.0, "TOADDL": 6198.0, "FRADDR": null, "TOADDR": null }, "geometry": { "type": "LineString", "coordinates": [ [ 24.841761, 36.081869 ], [ 24.840263, 36.08192 ] ] } },
{ "type": "Feature", "properties": { "TLID": 184643524, "FEDIRP": "N", "FENAME": "Havet", "FETYPE": "Dr", "FEDIRS": null, "FRADDL": 4000.0, "TOADDL": 4098.0, "FRADDR": 4001.0, "TOADDR": 4099.0 }, "geometry": { "type": "LineString", "coordinates": [ [ 24.840144, 36.080728 ], [ 24.840205, 36.081399 ] ] } },
{ "type": "Feature", "properties": { "TLID": 184643525, "FEDIRP": "N", "FENAME": "Wenna", "FETYPE": "St", "FEDIRS": null, "FRADDL": 3700.0, "TOADDL": 3998.0, "FRADDR": 3701.0, "TOADDR": 3949.0 }, "geometry": { "type": "LineString", "coordinates": [ [ 24.837563, 36.07702 ], [ 24.837463, 36.08002 ] ] } },
{ "type": "Feature", "properties": { "TLID": 184643526, "FEDIRP": "N", "FENAME": "Havet", "FETYPE": "Dr", "FEDIRS": null, "FRADDL": 3940.0, "TOADDL": 3998.0, "FRADDR": 3915.0, "TOADDR": 3999.0 }, "geometry": { "type": "LineString", "coordinates": [ [ 24.840144, 36.079942 ], [ 24.840144, 36.080728 ] ] } },
{ "type": "Feature", "properties": { "TLID": 184643527, "FEDIRP": "N", "FENAME": "Havet", "FETYPE": "Dr", "FEDIRS": null, "FRADDL": 3900.0, "TOADDL": 3938.0, "FRADDR": 3901.0, "TOADDR": 3913.0 }, "geometry": { "type": "LineString", "coordinates": [ [ 24.840144, 36.079415 ], [ 24.840144, 36.079942 ] ] } },
{ "type": "Feature", "properties": { "TLID": 184643528, "FEDIRP": "N", "FENAME": "Brada", "FETYPE": "St", "FEDIRS": null, "FRADDL": 6100.0, "TOADDL": 6198.0, "FRADDR": 6101.0, "TOADDR": 6201.0 }, "geometry": { "type": "LineString", "coordinates": [ [ 24.841319, 36.079934 ], [ 24.840144, 36.079942 ] ] } },
{ "type": "Feature", "properties": { "TLID": 184643529, "FEDIRP": "N", "FENAME": "Brada", "FETYPE": "St", "FEDIRS": null, "FRADDL": 6299.0, "TOADDL": 6215.0, "FRADDR": 6298.0, "TOADDR": 6216.0 }, "geometry": { "type": "LineString", "coordinates": [ [ 24.838984, 36.079453 ], [ 24.840144, 36.079415 ] ] } },
{ "type": "Feature", "properties": { "TLID": 184643530, "FEDIRP": "N", "FENAME": "Thermopilon", "FETYPE": "St", "FEDIRS": null, "FRADDL": 3700.0, "TOADDL": 3898.0, "FRADDR": 3701.0, "TOADDR": 3899.0 }, "geometry": { "type": "LineString", "coordinates": [ [ 24.839091, 36.077012 ], [ 24.838984, 36.079453 ] ] } },
{ "type": "Feature", "properties": { "TLID": 184643532, "FEDIRP": null, "FENAME": "Ionnanon", "FETYPE": "St", "FEDIRS": null, "FRADDL": null, "TOADDL": null, "FRADDR": null, "TOADDR": null }, "geometry": { "type": "LineString", "coordinates": [ [ 24.841761, 36.08143 ], [ 24.841761, 36.081869 ] ] } },
{ "type": "Feature", "properties": { "TLID": 184643534, "FEDIRP": "N", "FENAME": "Carden", "FETYPE": "St", "FEDIRS": null, "FRADDL": 6135.0, "TOADDL": 6101.0, "FRADDR": 6150.0, "TOADDR": 6100.0 }, "geometry": { "type": "LineString", "coordinates": [ [ 24.840205, 36.081399 ], [ 24.841761, 36.08143 ] ] } },
{ "type": "Feature", "properties": { "TLID": 184643536, "FEDIRP": null, "FENAME": null, "FETYPE": null, "FEDIRS": null, "FRADDL": null, "TOADDL": null, "FRADDR": null, "TOADDR": null }, "geometry": { "type": "LineString", "coordinates": [ [ 24.841319, 36.079515 ], [ 24.841319, 36.079934 ] ] } },
{ "type": "Feature", "properties": { "TLID": 184643537, "FEDIRP": "N", "FENAME": "Camino", "FETYPE": "St", "FEDIRS": null, "FRADDL": 6199.0, "TOADDL": 6103.0, "FRADDR": 6198.0, "TOADDR": 6100.0 }, "geometry": { "type": "LineString", "coordinates": [ [ 24.840144, 36.080728 ], [ 24.842478, 36.080766 ], [ 24.842629, 36.080767 ] ] } },
{ "type": "Feature", "properties": { "TLID": 184643538, "FEDIRP": null, "FENAME": null, "FETYPE": null, "FEDIRS": null, "FRADDL": null, "TOADDL": null, "FRADDR": null, "TOADDR": null }, "geometry": { "type": "LineString", "coordinates": [ [ 24.842677, 36.079057 ], [ 24.84286, 36.079186 ] ] } },
{ "type": "Feature", "properties": { "TLID": 184643539, "FEDIRP": "N", "FENAME": "Ionnanon", "FETYPE": "St", "FEDIRS": null, "FRADDL": 3900.0, "TOADDL": 3934.0, "FRADDR": 3901.0, "TOADDR": 3935.0 }, "geometry": { "type": "LineString", "coordinates": [ [ 24.843714, 36.078851 ], [ 24.84286, 36.079186 ] ] } },
{ "type": "Feature", "properties": { "TLID": 184643540, "FEDIRP": "N", "FENAME": "Pilau", "FETYPE": "St", "FEDIRS": null, "FRADDL": 4908.0, "TOADDL": 4914.0, "FRADDR": 4909.0, "TOADDR": 4917.0 }, "geometry": { "type": "LineString", "coordinates": [ [ 24.844463, 36.08952 ], [ 24.844447, 36.090163 ] ] } },
{ "type": "Feature", "properties": { "TLID": 184643541, "FEDIRP": "N", "FENAME": "Pilau", "FETYPE": "St", "FEDIRS": null, "FRADDL": 4900.0, "TOADDL": 4906.0, "FRADDR": 4901.0, "TOADDR": 4907.0 }, "geometry": { "type": "LineString", "coordinates": [ [ 24.844486, 36.089002 ], [ 24.844463, 36.08952 ] ] } },
{ "type": "Feature", "properties": { "TLID": 184643542, "FEDIRP": "N", "FENAME": "Desafio", "FETYPE": "St", "FEDIRS": null, "FRADDL": 5600.0, "TOADDL": 5622.0, "FRADDR": 5601.0, "TOADDR": 5623.0 }, "geometry": { "type": "LineString", "coordinates": [ [ 24.846905, 36.089517 ], [ 24.845463, 36.08952 ] ] } },
{ "type": "Feature", "properties": { "TLID": 184643543, "FEDIRP": "N", "FENAME": "Pilau", "FETYPE": "St", "FEDIRS": null, "FRADDL": 4850.0, "TOADDL": 4898.0, "FRADDR": 4851.0, "TOADDR": 4899.0 }, "geometry": { "type": "LineString", "coordinates": [ [ 24.844463, 36.08862 ], [ 24.844486, 36.089002 ] ] } },
{ "type": "Feature", "properties": { "TLID": 184643545, "FEDIRP": "N", "FENAME": "Pilau", "FETYPE": "St", "FEDIRS": null, "FRADDL": 4800.0, "TOADDL": 4848.0, "FRADDR": 4801.0, "TOADDR": 4849.0 }, "geometry": { "type": "LineString", "coordinates": [ [ 24.844463, 36.08782 ], [ 24.844463, 36.08862 ] ] } },
{ "type": "Feature", "properties": { "TLID": 184643546, "FEDIRP": "N", "FENAME": "Rees", "FETYPE": "St", "FEDIRS": null, "FRADDL": 5700.0, "TOADDL": 5898.0, "FRADDR": 5701.0, "TOADDR": 5899.0 }, "geometry": { "type": "LineString", "coordinates": [ [ 24.846063, 36.08862 ], [ 24.844463, 36.08862 ] ] } },
{ "type": "Feature", "properties": { "TLID": 184643547, "FEDIRP": "N", "FENAME": "Derwen", "FETYPE": "St", "FEDIRS": null, "FRADDL": 5700.0, "TOADDL": 5898.0, "FRADDR": 5701.0, "TOADDR": 5899.0 }, "geometry": { "type": "LineString", "coordinates": [ [ 24.846063, 36.08782 ], [ 24.844463, 36.08782 ] ] } },
{ "type": "Feature", "properties": { "TLID": 184643548, "FEDIRP": "N", "FENAME": "Pilau", "FETYPE": "St", "FEDIRS": null, "FRADDL": 4732.0, "TOADDL": 4798.0, "FRADDR": 4751.0, "TOADDR": 4799.0 }, "geometry": { "type": "LineString", "coordinates": [ [ 24.844473, 36.087127 ], [ 24.844463, 36.08782 ] ] } },
{ "type": "Feature", "properties": { "TLID": 184643549, "FEDIRP": "N", "FENAME": "Leeno", "FETYPE": "St", "FEDIRS": null, "FRADDL": 4800.0, "TOADDL": 4848.0, "FRADDR": 4801.0, "TOADDR": 4849.0 }, "geometry": { "type": "LineString", "coordinates": [ [ 24.846063, 36.08782 ], [ 24.846063, 36.08862 ] ] } },
{ "type": "Feature", "properties": { "TLID": 184643551, "FEDIRP": "N", "FENAME": "Derwen", "FETYPE": "St", "FEDIRS": null, "FRADDL": 5600.0, "TOADDL": 5698.0, "FRADDR": 5601.0, "TOADDR": 5699.0 }, "geometry": { "type": "LineString", "coordinates": [ [ 24.847763, 36.08772 ], [ 24.846063, 36.08782 ] ] } },
{ "type": "Feature", "properties": { "TLID": 184643552, "FEDIRP": "N", "FENAME": "Pilau", "FETYPE": "St", "FEDIRS": null, "FRADDL": 4666.0, "TOADDL": 4730.0, "FRADDR": 4701.0, "TOADDR": 4749.0 }, "geometry": { "type": "LineString", "coordinates": [ [ 24.844463, 36.08632 ], [ 24.844473, 36.087127 ] ] } },
{ "type": "Feature", "properties": { "TLID": 184643554, "FEDIRP": "N", "FENAME": "Pilau", "FETYPE": "St", "FEDIRS": null, "FRADDL": 4600.0, "TOADDL": 4664.0, "FRADDR": 4601.0, "TOADDR": 4699.0 }, "geometry": { "type": "LineString", "coordinates": [ [ 24.844463, 36.08552 ], [ 24.844463, 36.08632 ] ] } },
{ "type": "Feature", "properties": { "TLID": 184643555, "FEDIRP": "N", "FENAME": "Darluniau", "FETYPE": "St", "FEDIRS": null, "FRADDL": 5700.0, "TOADDL": 5898.0, "FRADDR": 5701.0, "TOADDR": 5899.0 }, "geometry": { "type": "LineString", "coordinates": [ [ 24.845963, 36.08462 ], [ 24.844363, 36.08462 ] ] } },
{ "type": "Feature", "properties": { "TLID": 184643556, "FEDIRP": "N", "FENAME": "Pilau", "FETYPE": "St", "FEDIRS": null, "FRADDL": 4400.0, "TOADDL": 4498.0, "FRADDR": 4401.0, "TOADDR": 4499.0 }, "geometry": { "type": "LineString", "coordinates": [ [ 24.844463, 36.08372 ], [ 24.844363, 36.08462 ] ] } },
{ "type": "Feature", "properties": { "TLID": 184643557, "FEDIRP": "N", "FENAME": "Delfon", "FETYPE": "St", "FEDIRS": null, "FRADDL": 5900.0, "TOADDL": 5998.0, "FRADDR": 5901.0, "TOADDR": 5999.0 }, "geometry": { "type": "LineString", "coordinates": [ [ 24.844463, 36.08552 ], [ 24.843064, 36.085551 ] ] } },
{ "type": "Feature", "properties": { "TLID": 184643558, "FEDIRP": "N", "FENAME": "Pilau", "FETYPE": "St", "FEDIRS": null, "FRADDL": 4500.0, "TOADDL": 4598.0, "FRADDR": 4501.0, "TOADDR": 4599.0 }, "geometry": { "type": "LineString", "coordinates": [ [ 24.844363, 36.08462 ], [ 24.844463, 36.08552 ] ] } },
{ "type": "Feature", "properties": { "TLID": 184643559, "FEDIRP": "N", "FENAME": "Delfon", "FETYPE": "St", "FEDIRS": null, "FRADDL": 5700.0, "TOADDL": 5898.0, "FRADDR": 5701.0, "TOADDR": 5899.0 }, "geometry": { "type": "LineString", "coordinates": [ [ 24.845963, 36.08552 ], [ 24.844463, 36.08552 ] ] } },
{ "type": "Feature", "properties": { "TLID": 184643560, "FEDIRP": "N", "FENAME": "Leeno", "FETYPE": "St", "FEDIRS": null, "FRADDL": 4700.0, "TOADDL": 4714.0, "FRADDR": 4701.0, "TOADDR": 4761.0 }, "geometry": { "type": "LineString", "coordinates": [ [ 24.845934, 36.086329 ], [ 24.845963, 36.08712 ] ] } },
{ "type": "Feature", "properties": { "TLID": 184643561, "FEDIRP": "N", "FENAME": "Dentro", "FETYPE": "St", "FEDIRS": null, "FRADDL": 5700.0, "TOADDL": 5898.0, "FRADDR": 5701.0, "TOADDR": 5899.0 }, "geometry": { "type": "LineString", "coordinates": [ [ 24.845934, 36.086329 ], [ 24.844463, 36.08632 ] ] } },
{ "type": "Feature", "properties": { "TLID": 184643562, "FEDIRP": "N", "FENAME": "Leeno", "FETYPE": "St", "FEDIRS": null, "FRADDL": 4600.0, "TOADDL": 4698.0, "FRADDR": 4601.0, "TOADDR": 4699.0 }, "geometry": { "type": "LineString", "coordinates": [ [ 24.845963, 36.08552 ], [ 24.845934, 36.086329 ] ] } },
{ "type": "Feature", "properties": { "TLID": 184643563, "FEDIRP": "N", "FENAME": "Dentro", "FETYPE": "St", "FEDIRS": null, "FRADDL": 5600.0, "TOADDL": 5698.0, "FRADDR": 5601.0, "TOADDR": 5699.0 }, "geometry": { "type": "LineString", "coordinates": [ [ 24.847863, 36.086334 ], [ 24.845934, 36.086329 ] ] } },
{ "type": "Feature", "properties": { "TLID": 184643564, "FEDIRP": "N", "FENAME": "Leeno", "FETYPE": "St", "FEDIRS": null, "FRADDL": 4500.0, "TOADDL": 4598.0, "FRADDR": 4501.0, "TOADDR": 4599.0 }, "geometry": { "type": "LineString", "coordinates": [ [ 24.845963, 36.08462 ], [ 24.845963, 36.08552 ] ] } },
{ "type": "Feature", "properties": { "TLID": 184643565, "FEDIRP": "N", "FENAME": "Delfon", "FETYPE": "St", "FEDIRS": null, "FRADDL": 5600.0, "TOADDL": 5698.0, "FRADDR": 5601.0, "TOADDR": 5699.0 }, "geometry": { "type": "LineString", "coordinates": [ [ 24.847863, 36.08542 ], [ 24.845963, 36.08552 ] ] } },
{ "type": "Feature", "properties": { "TLID": 184643566, "FEDIRP": "N", "FENAME": "Darluniau", "FETYPE": "St", "FEDIRS": null, "FRADDL": 5600.0, "TOADDL": 5698.0, "FRADDR": 5601.0, "TOADDR": 5699.0 }, "geometry": { "type": "LineString", "coordinates": [ [ 24.847823, 36.084604 ], [ 24.845963, 36.08462 ] ] } },
{ "type": "Feature", "properties": { "TLID": 184643567, "FEDIRP": null, "FENAME": "Reto", "FETYPE": "Way", "FEDIRS": null, "FRADDL": null, "TOADDL": null, "FRADDR": null, "TOADDR": null }, "geometry": { "type": "LineString", "coordinates": [ [ 24.844447, 36.090163 ], [ 24.845463, 36.090173 ] ] } },
{ "type": "Feature", "properties": { "TLID": 184643568, "FEDIRP": "N", "FENAME": "Yonille", "FETYPE": "St", "FEDIRS": null, "FRADDL": 4916.0, "TOADDL": 4942.0, "FRADDR": 4901.0, "TOADDR": 4943.0 }, "geometry": { "type": "LineString", "coordinates": [ [ 24.846905, 36.089517 ], [ 24.846936, 36.090123 ] ] } },
{ "type": "Feature", "properties": { "TLID": 184643569, "FEDIRP": "N", "FENAME": "Desafio", "FETYPE": "St", "FEDIRS": null, "FRADDL": 5424.0, "TOADDL": 5598.0, "FRADDR": 5419.0, "TOADDR": 5599.0 }, "geometry": { "type": "LineString", "coordinates": [ [ 24.849613, 36.089516 ], [ 24.846905, 36.089517 ] ] } },
{ "type": "Feature", "properties": { "TLID": 184643570, "FEDIRP": null, "FENAME": "Reto", "FETYPE": "Way", "FEDIRS": null, "FRADDL": null, "TOADDL": null, "FRADDR": null, "TOADDR": null }, "geometry": { "type": "LineString", "coordinates": [ [ 24.846936, 36.090123 ], [ 24.847849, 36.090127 ] ] } },
{ "type": "Feature", "properties": { "TLID": 184643571, "FEDIRP": null, "FENAME": "Reto", "FETYPE": "Way", "FEDIRS": null, "FRADDL": 5443.0, "TOADDL": 5449.0, "FRADDR": null, "TOADDR": null }, "geometry": { "type": "LineString", "coordinates": [ [ 24.847849, 36.090127 ], [ 24.850642, 36.090081 ] ] } },
{ "type": "Feature", "properties": { "TLID": 184643572, "FEDIRP": "N", "FENAME": "Yonille", "FETYPE": "St", "FEDIRS": null, "FRADDL": null, "TOADDL": null, "FRADDR": 4719.0, "TOADDR": 4799.0 }, "geometry": { "type": "LineString", "coordinates": [ [ 24.847737, 36.087125 ], [ 24.847763, 36.08772 ] ] } },
{ "type": "Feature", "properties": { "TLID": 184643573, "FEDIRP": "N", "FENAME": "Scarkeme", "FETYPE": "St", "FEDIRS": null, "FRADDL": 4874.0, "TOADDL": 4898.0, "FRADDR": 4875.0, "TOADDR": 4899.0 }, "geometry": { "type": "LineString", "coordinates": [ [ 24.849663, 36.08892 ], [ 24.849613, 36.089516 ] ] } },
{ "type": "Feature", "properties": { "TLID": 184643574, "FEDIRP": "N", "FENAME": "Desafio", "FETYPE": "St", "FEDIRS": null, "FRADDL": 5400.0, "TOADDL": 5422.0, "FRADDR": 5401.0, "TOADDR": 5417.0 }, "geometry": { "type": "LineString", "coordinates": [ [ 24.850663, 36.08952 ], [ 24.849613, 36.089516 ] ] } },
{ "type": "Feature", "properties": { "TLID": 184643575, "FEDIRP": "N", "FENAME": "Scarkeme", "FETYPE": "St", "FEDIRS": null, "FRADDL": 4836.0, "TOADDL": 4872.0, "FRADDR": 4851.0, "TOADDR": 4873.0 }, "geometry": { "type": "LineString", "coordinates": [ [ 24.849663, 36.08862 ], [ 24.849663, 36.08892 ] ] } },
{ "type": "Feature", "properties": { "TLID": 184643576, "FEDIRP": "N", "FENAME": "Scarkeme", "FETYPE": "St", "FEDIRS": null, "FRADDL": 4800.0, "TOADDL": 4834.0, "FRADDR": 4801.0, "TOADDR": 4849.0 }, "geometry": { "type": "LineString", "coordinates": [ [ 24.849663, 36.08782 ], [ 24.849663, 36.08862 ] ] } },
{ "type": "Feature", "properties": { "TLID": 184643577, "FEDIRP": "N", "FENAME": "Rees", "FETYPE": "St", "FEDIRS": null, "FRADDL": 5300.0, "TOADDL": 5498.0, "FRADDR": 5301.0, "TOADDR": 5499.0 }, "geometry": { "type": "LineString", "coordinates": [ [ 24.852045, 36.088604 ], [ 24.849663, 36.08862 ] ] } },
{ "type": "Feature", "properties": { "TLID": 184643578, "FEDIRP": "N", "FENAME": "Derwen", "FETYPE": "St", "FEDIRS": null, "FRADDL": 5450.0, "TOADDL": 5598.0, "FRADDR": 5501.0, "TOADDR": 5599.0 }, "geometry": { "type": "LineString", "coordinates": [ [ 24.849663, 36.08782 ], [ 24.847763, 36.08772 ] ] } },
{ "type": "Feature", "properties": { "TLID": 184643580, "FEDIRP": "N", "FENAME": "Derwen", "FETYPE": "St", "FEDIRS": null, "FRADDL": 5300.0, "TOADDL": 5448.0, "FRADDR": 5301.0, "TOADDR": 5499.0 }, "geometry": { "type": "LineString", "coordinates": [ [ 24.852066, 36.087731 ], [ 24.849663, 36.08782 ] ] } },
{ "type": "Feature", "properties": { "TLID": 184643582, "FEDIRP": "N", "FENAME": "Yonille", "FETYPE": "St", "FEDIRS": null, "FRADDL": 4700.0, "TOADDL": 4720.0, "FRADDR": 4701.0, "TOADDR": 4717.0 }, "geometry": { "type": "LineString", "coordinates": [ [ 24.847863, 36.086334 ], [ 24.847737, 36.087125 ] ] } },
{ "type": "Feature", "properties": { "TLID": 184643583, "FEDIRP": "N", "FENAME": "Yonille", "FETYPE": "St", "FEDIRS": null, "FRADDL": 4600.0, "TOADDL": 4698.0, "FRADDR": 4601.0, "TOADDR": 4699.0 }, "geometry": { "type": "LineString", "coordinates": [ [ 24.847863, 36.08542 ], [ 24.847863, 36.086334 ] ] } },
{ "type": "Feature", "properties": { "TLID": 184643584, "FEDIRP": "N", "FENAME": "Yonille", "FETYPE": "St", "FEDIRS": null, "FRADDL": 4500.0, "TOADDL": 4598.0, "FRADDR": 4501.0, "TOADDR": 4599.0 }, "geometry": { "type": "LineString", "coordinates": [ [ 24.847823, 36.084604 ], [ 24.847863, 36.08542 ] ] } },
{ "type": "Feature", "properties": { "TLID": 184643585, "FEDIRP": "N", "FENAME": "Delfon", "FETYPE": "St", "FEDIRS": null, "FRADDL": 5424.0, "TOADDL": 5598.0, "FRADDR": 5501.0, "TOADDR": 5599.0 }, "geometry": { "type": "LineString", "coordinates": [ [ 24.849663, 36.08542 ], [ 24.847863, 36.08542 ] ] } },
{ "type": "Feature", "properties": { "TLID": 184643586, "FEDIRP": "N", "FENAME": "Darluniau", "FETYPE": "St", "FEDIRS": null, "FRADDL": 5500.0, "TOADDL": 5598.0, "FRADDR": 5501.0, "TOADDR": 5599.0 }, "geometry": { "type": "LineString", "coordinates": [ [ 24.849663, 36.08452 ], [ 24.847823, 36.084604 ] ] } },
{ "type": "Feature", "properties": { "TLID": 184643587, "FEDIRP": "N", "FENAME": "Yonille", "FETYPE": "St", "FEDIRS": null, "FRADDL": 4400.0, "TOADDL": 4498.0, "FRADDR": 4401.0, "TOADDR": 4499.0 }, "geometry": { "type": "LineString", "coordinates": [ [ 24.847863, 36.08362 ], [ 24.847823, 36.084604 ] ] } },
{ "type": "Feature", "properties": { "TLID": 184643588, "FEDIRP": "N", "FENAME": "Dentro", "FETYPE": "St", "FEDIRS": null, "FRADDL": 5450.0, "TOADDL": 5598.0, "FRADDR": 5501.0, "TOADDR": 5599.0 }, "geometry": { "type": "LineString", "coordinates": [ [ 24.849532, 36.086315 ], [ 24.847863, 36.086334 ] ] } },
{ "type": "Feature", "properties": { "TLID": 184643589, "FEDIRP": "N", "FENAME": "Dentro", "FETYPE": "St", "FEDIRS": null, "FRADDL": 5300.0, "TOADDL": 5398.0, "FRADDR": 5301.0, "TOADDR": 5339.0 }, "geometry": { "type": "LineString", "coordinates": [ [ 24.852149, 36.086309 ], [ 24.84964, 36.086334 ] ] } },
{ "type": "Feature", "properties": { "TLID": 184643590, "FEDIRP": "N", "FENAME": "Scarkeme", "FETYPE": "St", "FEDIRS": null, "FRADDL": null, "TOADDL": null, "FRADDR": null, "TOADDR": null }, "geometry": { "type": "LineString", "coordinates": [ [ 24.849663, 36.08542 ], [ 24.849604, 36.085984 ] ] } },
{ "type": "Feature", "properties": { "TLID": 184643591, "FEDIRP": "N", "FENAME": "Scarkeme", "FETYPE": "St", "FEDIRS": null, "FRADDL": 4500.0, "TOADDL": 4598.0, "FRADDR": 4501.0, "TOADDR": 4599.0 }, "geometry": { "type": "LineString", "coordinates": [ [ 24.849663, 36.08452 ], [ 24.849663, 36.08542 ] ] } },
{ "type": "Feature", "properties": { "TLID": 184643592, "FEDIRP": "N", "FENAME": "Delfon", "FETYPE": "St", "FEDIRS": null, "FRADDL": 5400.0, "TOADDL": 5422.0, "FRADDR": 5401.0, "TOADDR": 5499.0 }, "geometry": { "type": "LineString", "coordinates": [ [ 24.850963, 36.08542 ], [ 24.849663, 36.08542 ] ] } },
{ "type": "Feature", "properties": { "TLID": 184643593, "FEDIRP": "N", "FENAME": "Scarkeme", "FETYPE": "St", "FEDIRS": null, "FRADDL": 4400.0, "TOADDL": 4498.0, "FRADDR": 4401.0, "TOADDR": 4499.0 }, "geometry": { "type": "LineString", "coordinates": [ [ 24.849663, 36.08362 ], [ 24.849663, 36.08452 ] ] } },
{ "type": "Feature", "properties": { "TLID": 184643594, "FEDIRP": "N", "FENAME": "Darluniau", "FETYPE": "St", "FEDIRS": null, "FRADDL": 5400.0, "TOADDL": 5498.0, "FRADDR": 5401.0, "TOADDR": 5499.0 }, "geometry": { "type": "LineString", "coordinates": [ [ 24.850963, 36.08452 ], [ 24.849663, 36.08452 ] ] } },
{ "type": "Feature", "properties": { "TLID": 184643595, "FEDIRP": "N", "FENAME": "Pilau", "FETYPE": "St", "FEDIRS": null, "FRADDL": 4300.0, "TOADDL": 4398.0, "FRADDR": 4301.0, "TOADDR": 4399.0 }, "geometry": { "type": "LineString", "coordinates": [ [ 24.844463, 36.08272 ], [ 24.844463, 36.08372 ] ] } },
{ "type": "Feature", "properties": { "TLID": 184643596, "FEDIRP": "N", "FENAME": "Dafnidos", "FETYPE": "St", "FEDIRS": null, "FRADDL": 5700.0, "TOADDL": 5798.0, "FRADDR": 5701.0, "TOADDR": 5799.0 }, "geometry": { "type": "LineString", "coordinates": [ [ 24.845963, 36.08362 ], [ 24.844463, 36.08372 ] ] } },
{ "type": "Feature", "properties": { "TLID": 184643597, "FEDIRP": "N", "FENAME": "Carden", "FETYPE": "St", "FEDIRS": null, "FRADDL": 6099.0, "TOADDL": 6001.0, "FRADDR": 6098.0, "TOADDR": 6000.0 }, "geometry": { "type": "LineString", "coordinates": [ [ 24.841761, 36.08143 ], [ 24.843638, 36.08143 ] ] } },
{ "type": "Feature", "properties": { "TLID": 184643599, "FEDIRP": "N", "FENAME": "Tzavella", "FETYPE": "St", "FEDIRS": null, "FRADDL": 4099.0, "TOADDL": 3939.0, "FRADDR": null, "TOADDR": null }, "geometry": { "type": "LineString", "coordinates": [ [ 24.843638, 36.08143 ], [ 24.843638, 36.080773 ] ] } },
{ "type": "Feature", "properties": { "TLID": 184643600, "FEDIRP": "N", "FENAME": "Pilau", "FETYPE": "St", "FEDIRS": null, "FRADDL": 3900.0, "TOADDL": 4098.0, "FRADDR": 3901.0, "TOADDR": 4099.0 }, "geometry": { "type": "LineString", "coordinates": [ [ 24.844355, 36.079408 ], [ 24.844363, 36.08182 ] ] } },
{ "type": "Feature", "properties": { "TLID": 184643601, "FEDIRP": "N", "FENAME": "Pilau", "FETYPE": "St", "FEDIRS": null, "FRADDL": 4200.0, "TOADDL": 4298.0, "FRADDR": 4201.0, "TOADDR": 4299.0 }, "geometry": { "type": "LineString", "coordinates": [ [ 24.844363, 36.08182 ], [ 24.844463, 36.08272 ] ] } },
{ "type": "Feature", "properties": { "TLID": 184643602, "FEDIRP": "N", "FENAME": "Carretera", "FETYPE": "St", "FEDIRS": null, "FRADDL": 5700.0, "TOADDL": 5898.0, "FRADDR": 5701.0, "TOADDR": 5899.0 }, "geometry": { "type": "LineString", "coordinates": [ [ 24.845963, 36.08272 ], [ 24.844463, 36.08272 ] ] } },
{ "type": "Feature", "properties": { "TLID": 184643604, "FEDIRP": "N", "FENAME": "Leeno", "FETYPE": "St", "FEDIRS": null, "FRADDL": 4300.0, "TOADDL": 4398.0, "FRADDR": 4301.0, "TOADDR": 4399.0 }, "geometry": { "type": "LineString", "coordinates": [ [ 24.845963, 36.08272 ], [ 24.845963, 36.08362 ] ] } },
{ "type": "Feature", "properties": { "TLID": 184643605, "FEDIRP": "N", "FENAME": "Dafnidos", "FETYPE": "St", "FEDIRS": null, "FRADDL": 5600.0, "TOADDL": 5698.0, "FRADDR": 5601.0, "TOADDR": 5699.0 }, "geometry": { "type": "LineString", "coordinates": [ [ 24.847863, 36.08362 ], [ 24.845963, 36.08362 ] ] } },
{ "type": "Feature", "properties": { "TLID": 184643606, "FEDIRP": "N", "FENAME": "Leeno", "FETYPE": "St", "FEDIRS": null, "FRADDL": 4200.0, "TOADDL": 4298.0, "FRADDR": 4201.0, "TOADDR": 4299.0 }, "geometry": { "type": "LineString", "coordinates": [ [ 24.845956, 36.081826 ], [ 24.845963, 36.08272 ] ] } },
{ "type": "Feature", "properties": { "TLID": 184643607, "FEDIRP": "N", "FENAME": "Carretera", "FETYPE": "St", "FEDIRS": null, "FRADDL": 5600.0, "TOADDL": 5698.0, "FRADDR": 5601.0, "TOADDR": 5699.0 }, "geometry": { "type": "LineString", "coordinates": [ [ 24.847763, 36.08272 ], [ 24.845963, 36.08272 ] ] } },
{ "type": "Feature", "properties": { "TLID": 184643608, "FEDIRP": "N", "FENAME": "Carnero", "FETYPE": "St", "FEDIRS": null, "FRADDL": 5700.0, "TOADDL": 5898.0, "FRADDR": 5701.0, "TOADDR": 5899.0 }, "geometry": { "type": "LineString", "coordinates": [ [ 24.845956, 36.081826 ], [ 24.844363, 36.08182 ] ] } },
{ "type": "Feature", "properties": { "TLID": 184643609, "FEDIRP": "N", "FENAME": "Leeno", "FETYPE": "St", "FEDIRS": null, "FRADDL": 4000.0, "TOADDL": 4098.0, "FRADDR": 4001.0, "TOADDR": 4099.0 }, "geometry": { "type": "LineString", "coordinates": [ [ 24.845863, 36.08062 ], [ 24.845906, 36.081179 ] ] } },
{ "type": "Feature", "properties": { "TLID": 184643611, "FEDIRP": "N", "FENAME": "Camino", "FETYPE": "St", "FEDIRS": null, "FRADDL": 5600.0, "TOADDL": 5652.0, "FRADDR": 5601.0, "TOADDR": 5699.0 }, "geometry": { "type": "LineString", "coordinates": [ [ 24.846797, 36.080613 ], [ 24.845863, 36.08062 ] ] } },
{ "type": "Feature", "properties": { "TLID": 184643612, "FEDIRP": "N", "FENAME": "Tzavella", "FETYPE": "St", "FEDIRS": null, "FRADDL": 3937.0, "TOADDL": 3901.0, "FRADDR": 3998.0, "TOADDR": 3900.0 }, "geometry": { "type": "LineString", "coordinates": [ [ 24.843638, 36.080773 ], [ 24.843714, 36.078851 ] ] } },
{ "type": "Feature", "properties": { "TLID": 184643614, "FEDIRP": "N", "FENAME": "Pilau", "FETYPE": "St", "FEDIRS": null, "FRADDL": null, "TOADDL": null, "FRADDR": 3701.0, "TOADDR": 3899.0 }, "geometry": { "type": "LineString", "coordinates": [ [ 24.844279, 36.07631 ], [ 24.844355, 36.079408 ] ] } },
{ "type": "Feature", "properties": { "TLID": 184643615, "FEDIRP": "N", "FENAME": "Brada", "FETYPE": "St", "FEDIRS": null, "FRADDL": null, "TOADDL": null, "FRADDR": 5898.0, "TOADDR": 5704.0 }, "geometry": { "type": "LineString", "coordinates": [ [ 24.844355, 36.079408 ], [ 24.844935, 36.079453 ] ] } },
{ "type": "Feature", "properties": { "TLID": 184643616, "FEDIRP": "N", "FENAME": "Leeno", "FETYPE": "St", "FEDIRS": null, "FRADDL": 3924.0, "TOADDL": 3998.0, "FRADDR": 3925.0, "TOADDR": 3999.0 }, "geometry": { "type": "LineString", "coordinates": [ [ 24.845463, 36.07972 ], [ 24.845863, 36.08062 ] ] } },
{ "type": "Feature", "properties": { "TLID": 184643619, "FEDIRP": "N", "FENAME": "Carden", "FETYPE": "St", "FEDIRS": null, "FRADDL": 5600.0, "TOADDL": 5648.0, "FRADDR": 5601.0, "TOADDR": 5649.0 }, "geometry": { "type": "LineString", "coordinates": [ [ 24.848063, 36.08102 ], [ 24.846663, 36.08112 ] ] } },
{ "type": "Feature", "properties": { "TLID": 184643620, "FEDIRP": "N", "FENAME": "Yonille", "FETYPE": "St", "FEDIRS": null, "FRADDL": 4300.0, "TOADDL": 4398.0, "FRADDR": 4301.0, "TOADDR": 4399.0 }, "geometry": { "type": "LineString", "coordinates": [ [ 24.847763, 36.08272 ], [ 24.847863, 36.08362 ] ] } },
{ "type": "Feature", "properties": { "TLID": 184643621, "FEDIRP": "N", "FENAME": "Dafnidos", "FETYPE": "St", "FEDIRS": null, "FRADDL": 5500.0, "TOADDL": 5598.0, "FRADDR": 5501.0, "TOADDR": 5599.0 }, "geometry": { "type": "LineString", "coordinates": [ [ 24.849663, 36.08362 ], [ 24.847863, 36.08362 ] ] } },
{ "type": "Feature", "properties": { "TLID": 184643623, "FEDIRP": "N", "FENAME": "Yonille", "FETYPE": "St", "FEDIRS": null, "FRADDL": 4100.0, "TOADDL": 4198.0, "FRADDR": 4007.0, "TOADDR": 4199.0 }, "geometry": { "type": "LineString", "coordinates": [ [ 24.848063, 36.08102 ], [ 24.847868, 36.081808 ] ] } },
{ "type": "Feature", "properties": { "TLID": 184643624, "FEDIRP": null, "FENAME": null, "FETYPE": null, "FEDIRS": null, "FRADDL": null, "TOADDL": null, "FRADDR": null, "TOADDR": null }, "geometry": { "type": "LineString", "coordinates": [ [ 24.849532, 36.082647 ], [ 24.849663, 36.08362 ] ] } },
{ "type": "Feature", "properties": { "TLID": 184643625, "FEDIRP": "N", "FENAME": "Dafnidos", "FETYPE": "St", "FEDIRS": null, "FRADDL": 5400.0, "TOADDL": 5498.0, "FRADDR": 5401.0, "TOADDR": 5499.0 }, "geometry": { "type": "LineString", "coordinates": [ [ 24.850963, 36.08362 ], [ 24.849663, 36.08362 ] ] } },
{ "type": "Feature", "properties": { "TLID": 184643626, "FEDIRP": "N", "FENAME": "Carretera", "FETYPE": "St", "FEDIRS": null, "FRADDL": null, "TOADDL": null, "FRADDR": 5598.0, "TOADDR": 5500.0 }, "geometry": { "type": "LineString", "coordinates": [ [ 24.847763, 36.08272 ], [ 24.849532, 36.082647 ] ] } },
{ "type": "Feature", "properties": { "TLID": 184643627, "FEDIRP": "N", "FENAME": "Carretera", "FETYPE": "St", "FEDIRS": null, "FRADDL": 5499.0, "TOADDL": 5401.0, "FRADDR": 5498.0, "TOADDR": 5400.0 }, "geometry": { "type": "LineString", "coordinates": [ [ 24.849532, 36.082647 ], [ 24.850965, 36.082703 ] ] } },
{ "type": "Feature", "properties": { "TLID": 184643629, "FEDIRP": "N", "FENAME": "Scarkeme", "FETYPE": "St", "FEDIRS": null, "FRADDL": null, "TOADDL": null, "FRADDR": null, "TOADDR": null }, "geometry": { "type": "LineString", "coordinates": [ [ 24.849684, 36.080057 ], [ 24.849681, 36.081069 ] ] } },
{ "type": "Feature", "properties": { "TLID": 184643630, "FEDIRP": "N", "FENAME": "Carnero", "FETYPE": "St", "FEDIRS": null, "FRADDL": 5499.0, "TOADDL": 5401.0, "FRADDR": 5498.0, "TOADDR": 5410.0 }, "geometry": { "type": "LineString", "coordinates": [ [ 24.849632, 36.081709 ], [ 24.850863, 36.08172 ] ] } },
{ "type": "Feature", "properties": { "TLID": 184643631, "FEDIRP": "N", "FENAME": "Yonille", "FETYPE": "St", "FEDIRS": null, "FRADDL": 4200.0, "TOADDL": 4298.0, "FRADDR": 4201.0, "TOADDR": 4299.0 }, "geometry": { "type": "LineString", "coordinates": [ [ 24.847868, 36.081808 ], [ 24.847763, 36.08272 ] ] } },
{ "type": "Feature", "properties": { "TLID": 184643632, "FEDIRP": "N", "FENAME": "Carnero", "FETYPE": "St", "FEDIRS": null, "FRADDL": 5599.0, "TOADDL": 5501.0, "FRADDR": 5598.0, "TOADDR": 5500.0 }, "geometry": { "type": "LineString", "coordinates": [ [ 24.847868, 36.081808 ], [ 24.849632, 36.081709 ] ] } },
{ "type": "Feature", "properties": { "TLID": 184643634, "FEDIRP": "N", "FENAME": "Carden", "FETYPE": "St", "FEDIRS": null, "FRADDL": 5500.0, "TOADDL": 5598.0, "FRADDR": 5501.0, "TOADDR": 5599.0 }, "geometry": { "type": "LineString", "coordinates": [ [ 24.849063, 36.08102 ], [ 24.848063, 36.08102 ] ] } },
{ "type": "Feature", "properties": { "TLID": 184643635, "FEDIRP": "N", "FENAME": "Yonille", "FETYPE": "St", "FEDIRS": null, "FRADDL": 4000.0, "TOADDL": 4098.0, "FRADDR": 4001.0, "TOADDR": 4005.0 }, "geometry": { "type": "LineString", "coordinates": [ [ 24.848763, 36.08002 ], [ 24.848063, 36.08102 ] ] } },
{ "type": "Feature", "properties": { "TLID": 184643637, "FEDIRP": "N", "FENAME": "Yonille", "FETYPE": "St", "FEDIRS": null, "FRADDL": 3899.0, "TOADDL": 3875.0, "FRADDR": 3898.0, "TOADDR": 3836.0 }, "geometry": { "type": "LineString", "coordinates": [ [ 24.84817, 36.079644 ], [ 24.848429, 36.079278 ] ] } },
{ "type": "Feature", "properties": { "TLID": 184643638, "FEDIRP": "N", "FENAME": "Yonille", "FETYPE": "St", "FEDIRS": null, "FRADDL": 3900.0, "TOADDL": 3998.0, "FRADDR": 3801.0, "TOADDR": 3999.0 }, "geometry": { "type": "LineString", "coordinates": [ [ 24.848663, 36.07962 ], [ 24.848763, 36.08002 ] ] } },
{ "type": "Feature", "properties": { "TLID": 184643639, "FEDIRP": "N", "FENAME": "Camino", "FETYPE": "St", "FEDIRS": null, "FRADDL": 5500.0, "TOADDL": 5598.0, "FRADDR": 5501.0, "TOADDR": 5599.0 }, "geometry": { "type": "LineString", "coordinates": [ [ 24.849263, 36.08002 ], [ 24.848763, 36.08002 ] ] } },
{ "type": "Feature", "properties": { "TLID": 184643640, "FEDIRP": null, "FENAME": null, "FETYPE": null, "FEDIRS": null, "FRADDL": null, "TOADDL": null, "FRADDR": null, "TOADDR": null }, "geometry": { "type": "LineString", "coordinates": [ [ 24.84817, 36.079644 ], [ 24.848663, 36.07962 ] ] } },
{ "type": "Feature", "properties": { "TLID": 184643641, "FEDIRP": "N", "FENAME": "Scarkeme", "FETYPE": "St", "FEDIRS": null, "FRADDL": null, "TOADDL": null, "FRADDR": null, "TOADDR": null }, "geometry": { "type": "LineString", "coordinates": [ [ 24.849763, 36.07902 ], [ 24.849684, 36.080057 ] ] } },
{ "type": "Feature", "properties": { "TLID": 184643642, "FEDIRP": "N", "FENAME": "Camino", "FETYPE": "St", "FEDIRS": null, "FRADDL": 5400.0, "TOADDL": 5498.0, "FRADDR": 5401.0, "TOADDR": 5499.0 }, "geometry": { "type": "LineString", "coordinates": [ [ 24.851163, 36.07992 ], [ 24.849684, 36.080057 ] ] } },
{ "type": "Feature", "properties": { "TLID": 184643644, "FEDIRP": "N", "FENAME": "Yonille", "FETYPE": "St", "FEDIRS": null, "FRADDL": null, "TOADDL": null, "FRADDR": null, "TOADDR": null }, "geometry": { "type": "LineString", "coordinates": [ [ 24.848429, 36.079278 ], [ 24.849146, 36.079248 ] ] } },
{ "type": "Feature", "properties": { "TLID": 184643646, "FEDIRP": "N", "FENAME": "Brada", "FETYPE": "St", "FEDIRS": null, "FRADDL": 5400.0, "TOADDL": 5498.0, "FRADDR": 5401.0, "TOADDR": 5499.0 }, "geometry": { "type": "LineString", "coordinates": [ [ 24.851263, 36.07902 ], [ 24.849763, 36.07902 ] ] } },
{ "type": "Feature", "properties": { "TLID": 184643647, "FEDIRP": "N", "FENAME": "Blant", "FETYPE": "St", "FEDIRS": null, "FRADDL": 5300.0, "TOADDL": 5400.0, "FRADDR": 5351.0, "TOADDR": 5399.0 }, "geometry": { "type": "LineString", "coordinates": [ [ 24.852263, 36.07802 ], [ 24.850963, 36.07802 ] ] } },
{ "type": "Feature", "properties": { "TLID": 184643648, "FEDIRP": "N", "FENAME": "Scarkeme", "FETYPE": "St", "FEDIRS": null, "FRADDL": 3700.0, "TOADDL": 3798.0, "FRADDR": 3651.0, "TOADDR": 3799.0 }, "geometry": { "type": "LineString", "coordinates": [ [ 24.849663, 36.07612 ], [ 24.849763, 36.07802 ] ] } },
{ "type": "Feature", "properties": { "TLID": 184643661, "FEDIRP": null, "FENAME": "Karatasou", "FETYPE": "Way", "FEDIRS": null, "FRADDL": 5100.0, "TOADDL": 5198.0, "FRADDR": 5101.0, "TOADDR": 5199.0 }, "geometry": { "type": "LineString", "coordinates": [ [ 24.851976, 36.092418 ], [ 24.851836, 36.093863 ] ] } },
{ "type": "Feature", "properties": { "TLID": 184643662, "FEDIRP": null, "FENAME": "Karatasou", "FETYPE": "Way", "FEDIRS": null, "FRADDL": null, "TOADDL": null, "FRADDR": null, "TOADDR": null }, "geometry": { "type": "LineString", "coordinates": [ [ 24.852135, 36.092648 ], [ 24.851836, 36.093863 ] ] } },
{ "type": "Feature", "properties": { "TLID": 184643664, "FEDIRP": "N", "FENAME": "Filis", "FETYPE": "St", "FEDIRS": null, "FRADDL": 5016.0, "TOADDL": 5130.0, "FRADDR": 5017.0, "TOADDR": 5131.0 }, "geometry": { "type": "LineString", "coordinates": [ [ 24.851968, 36.091381 ], [ 24.851976, 36.092418 ] ] } },
{ "type": "Feature", "properties": { "TLID": 184643666, "FEDIRP": null, "FENAME": "Rodou", "FETYPE": "Tunl", "FEDIRS": null, "FRADDL": null, "TOADDL": null, "FRADDR": null, "TOADDR": null }, "geometry": { "type": "LineString", "coordinates": [ [ 24.853788, 36.092337 ], [ 24.852135, 36.092648 ] ] } },
{ "type": "Feature", "properties": { "TLID": 184643669, "FEDIRP": "N", "FENAME": "Filis", "FETYPE": "St", "FEDIRS": null, "FRADDL": 4962.0, "TOADDL": 5014.0, "FRADDR": 4963.0, "TOADDR": 5015.0 }, "geometry": { "type": "LineString", "coordinates": [ [ 24.851963, 36.09052 ], [ 24.851968, 36.091381 ] ] } },
{ "type": "Feature", "properties": { "TLID": 184643676, "FEDIRP": null, "FENAME": "Rist", "FETYPE": "Way", "FEDIRS": null, "FRADDL": 5100.0, "TOADDL": 5198.0, "FRADDR": 5101.0, "TOADDR": 5199.0 }, "geometry": { "type": "LineString", "coordinates": [ [ 24.854983, 36.092121 ], [ 24.853788, 36.092337 ] ] } },
{ "type": "Feature", "properties": { "TLID": 184643682, "FEDIRP": null, "FENAME": "Rist", "FETYPE": "Way", "FEDIRS": null, "FRADDL": 5000.0, "TOADDL": 5098.0, "FRADDR": 5001.0, "TOADDR": 5099.0 }, "geometry": { "type": "LineString", "coordinates": [ [ 24.856563, 36.09152 ], [ 24.854983, 36.092121 ] ] } },
{ "type": "Feature", "properties": { "TLID": 184643685, "FEDIRP": "N", "FENAME": "Parla", "FETYPE": "St", "FEDIRS": null, "FRADDL": 4908.0, "TOADDL": 4998.0, "FRADDR": 4917.0, "TOADDR": 4999.0 }, "geometry": { "type": "LineString", "coordinates": [ [ 24.855003, 36.089515 ], [ 24.855029, 36.090823 ] ] } },
{ "type": "Feature", "properties": { "TLID": 184643688, "FEDIRP": null, "FENAME": "Rist", "FETYPE": "Way", "FEDIRS": null, "FRADDL": 4700.0, "TOADDL": 4998.0, "FRADDR": 4701.0, "TOADDR": 4999.0 }, "geometry": { "type": "LineString", "coordinates": [ [ 24.860663, 36.08952 ], [ 24.856563, 36.09152 ] ] } },
{ "type": "Feature", "properties": { "TLID": 184643691, "FEDIRP": "N", "FENAME": "Finiatur", "FETYPE": "St", "FEDIRS": null, "FRADDL": null, "TOADDL": null, "FRADDR": null, "TOADDR": null }, "geometry": { "type": "LineString", "coordinates": [ [ 24.850642, 36.090081 ], [ 24.850651, 36.090521 ] ] } },
{ "type": "Feature", "properties": { "TLID": 184643692, "FEDIRP": "N", "FENAME": "Finiatur", "FETYPE": "St", "FEDIRS": null, "FRADDL": null, "TOADDL": null, "FRADDR": 4917.0, "TOADDR": 4931.0 }, "geometry": { "type": "LineString", "coordinates": [ [ 24.850663, 36.08952 ], [ 24.850642, 36.090081 ] ] } },
{ "type": "Feature", "properties": { "TLID": 184643693, "FEDIRP": "N", "FENAME": "Finiatur", "FETYPE": "St", "FEDIRS": null, "FRADDL": 4850.0, "TOADDL": 4904.0, "FRADDR": 4851.0, "TOADDR": 4915.0 }, "geometry": { "type": "LineString", "coordinates": [ [ 24.850654, 36.088902 ], [ 24.850663, 36.08952 ] ] } },
{ "type": "Feature", "properties": { "TLID": 184643696, "FEDIRP": "N", "FENAME": "Hix", "FETYPE": "St", "FEDIRS": null, "FRADDL": 5300.0, "TOADDL": 5398.0, "FRADDR": 5301.0, "TOADDR": 5399.0 }, "geometry": { "type": "LineString", "coordinates": [ [ 24.851963, 36.09052 ], [ 24.850651, 36.090521 ] ] } },
{ "type": "Feature", "properties": { "TLID": 184643697, "FEDIRP": "N", "FENAME": "Filis", "FETYPE": "St", "FEDIRS": null, "FRADDL": 4936.0, "TOADDL": 4960.0, "FRADDR": 4937.0, "TOADDR": 4961.0 }, "geometry": { "type": "LineString", "coordinates": [ [ 24.851939, 36.090081 ], [ 24.851963, 36.09052 ] ] } },
{ "type": "Feature", "properties": { "TLID": 184643698, "FEDIRP": null, "FENAME": "Reto", "FETYPE": "Way", "FEDIRS": null, "FRADDL": null, "TOADDL": null, "FRADDR": null, "TOADDR": null }, "geometry": { "type": "LineString", "coordinates": [ [ 24.850642, 36.090081 ], [ 24.851939, 36.090081 ] ] } },
{ "type": "Feature", "properties": { "TLID": 184643699, "FEDIRP": "N", "FENAME": "Filis", "FETYPE": "St", "FEDIRS": null, "FRADDL": 4900.0, "TOADDL": 4934.0, "FRADDR": 4901.0, "TOADDR": 4935.0 }, "geometry": { "type": "LineString", "coordinates": [ [ 24.851983, 36.08952 ], [ 24.851939, 36.090081 ] ] } },
{ "type": "Feature", "properties": { "TLID": 184643700, "FEDIRP": "N", "FENAME": "Filis", "FETYPE": "St", "FEDIRS": null, "FRADDL": 4874.0, "TOADDL": 4898.0, "FRADDR": 4875.0, "TOADDR": 4899.0 }, "geometry": { "type": "LineString", "coordinates": [ [ 24.852004, 36.0889 ], [ 24.851983, 36.08952 ] ] } },
{ "type": "Feature", "properties": { "TLID": 184643702, "FEDIRP": "N", "FENAME": "Filis", "FETYPE": "St", "FEDIRS": null, "FRADDL": 4850.0, "TOADDL": 4872.0, "FRADDR": 4851.0, "TOADDR": 4873.0 }, "geometry": { "type": "LineString", "coordinates": [ [ 24.852045, 36.088604 ], [ 24.852004, 36.0889 ] ] } },
{ "type": "Feature", "properties": { "TLID": 184643703, "FEDIRP": "N", "FENAME": "Filis", "FETYPE": "St", "FEDIRS": null, "FRADDL": 4800.0, "TOADDL": 4848.0, "FRADDR": 4801.0, "TOADDR": 4849.0 }, "geometry": { "type": "LineString", "coordinates": [ [ 24.852066, 36.087731 ], [ 24.852045, 36.088604 ] ] } },
{ "type": "Feature", "properties": { "TLID": 184643705, "FEDIRP": "N", "FENAME": "Filis", "FETYPE": "St", "FEDIRS": null, "FRADDL": 4750.0, "TOADDL": 4798.0, "FRADDR": 4751.0, "TOADDR": 4799.0 }, "geometry": { "type": "LineString", "coordinates": [ [ 24.852087, 36.087027 ], [ 24.852066, 36.087731 ] ] } },
{ "type": "Feature", "properties": { "TLID": 184643706, "FEDIRP": "N", "FENAME": "Derwen", "FETYPE": "St", "FEDIRS": null, "FRADDL": 5100.0, "TOADDL": 5298.0, "FRADDR": 5101.0, "TOADDR": 5299.0 }, "geometry": { "type": "LineString", "coordinates": [ [ 24.855036, 36.087759 ], [ 24.852066, 36.087731 ] ] } },
{ "type": "Feature", "properties": { "TLID": 184643707, "FEDIRP": "N", "FENAME": "Finiatur", "FETYPE": "St", "FEDIRS": null, "FRADDL": 4500.0, "TOADDL": 4598.0, "FRADDR": 4501.0, "TOADDR": 4599.0 }, "geometry": { "type": "LineString", "coordinates": [ [ 24.850963, 36.08452 ], [ 24.850963, 36.08542 ] ] } },
{ "type": "Feature", "properties": { "TLID": 184643708, "FEDIRP": "N", "FENAME": "Delfon", "FETYPE": "St", "FEDIRS": null, "FRADDL": 5300.0, "TOADDL": 5398.0, "FRADDR": 5301.0, "TOADDR": 5399.0 }, "geometry": { "type": "LineString", "coordinates": [ [ 24.85217, 36.085393 ], [ 24.850963, 36.08542 ] ] } },
{ "type": "Feature", "properties": { "TLID": 184643709, "FEDIRP": "N", "FENAME": "Darluniau", "FETYPE": "St", "FEDIRS": null, "FRADDL": 5300.0, "TOADDL": 5398.0, "FRADDR": 5301.0, "TOADDR": 5399.0 }, "geometry": { "type": "LineString", "coordinates": [ [ 24.852212, 36.084506 ], [ 24.850963, 36.08452 ] ] } },
{ "type": "Feature", "properties": { "TLID": 184643710, "FEDIRP": "N", "FENAME": "Finiatur", "FETYPE": "St", "FEDIRS": null, "FRADDL": 4400.0, "TOADDL": 4498.0, "FRADDR": 4401.0, "TOADDR": 4499.0 }, "geometry": { "type": "LineString", "coordinates": [ [ 24.850963, 36.08362 ], [ 24.850963, 36.08452 ] ] } },
{ "type": "Feature", "properties": { "TLID": 184643711, "FEDIRP": "N", "FENAME": "Filis", "FETYPE": "St", "FEDIRS": null, "FRADDL": 4700.0, "TOADDL": 4748.0, "FRADDR": 4701.0, "TOADDR": 4749.0 }, "geometry": { "type": "LineString", "coordinates": [ [ 24.852149, 36.086309 ], [ 24.852087, 36.087027 ] ] } },
{ "type": "Feature", "properties": { "TLID": 184643712, "FEDIRP": "N", "FENAME": "Santaroza", "FETYPE": "St", "FEDIRS": null, "FRADDL": 5100.0, "TOADDL": 5298.0, "FRADDR": 5101.0, "TOADDR": 5299.0 }, "geometry": { "type": "LineString", "coordinates": [ [ 24.855063, 36.08702 ], [ 24.852087, 36.087027 ] ] } },
{ "type": "Feature", "properties": { "TLID": 184643713, "FEDIRP": "N", "FENAME": "Filis", "FETYPE": "St", "FEDIRS": null, "FRADDL": 4600.0, "TOADDL": 4698.0, "FRADDR": 4601.0, "TOADDR": 4699.0 }, "geometry": { "type": "LineString", "coordinates": [ [ 24.85217, 36.085393 ], [ 24.852149, 36.086309 ] ] } },
{ "type": "Feature", "properties": { "TLID": 184643714, "FEDIRP": "N", "FENAME": "Dentro", "FETYPE": "St", "FEDIRS": null, "FRADDL": 5100.0, "TOADDL": 5298.0, "FRADDR": 5101.0, "TOADDR": 5299.0 }, "geometry": { "type": "LineString", "coordinates": [ [ 24.855063, 36.08632 ], [ 24.852149, 36.086309 ] ] } },
{ "type": "Feature", "properties": { "TLID": 184643715, "FEDIRP": "N", "FENAME": "Filis", "FETYPE": "St", "FEDIRS": null, "FRADDL": 4500.0, "TOADDL": 4598.0, "FRADDR": 4501.0, "TOADDR": 4599.0 }, "geometry": { "type": "LineString", "coordinates": [ [ 24.852212, 36.084506 ], [ 24.85217, 36.085393 ] ] } },
{ "type": "Feature", "properties": { "TLID": 184643716, "FEDIRP": "N", "FENAME": "Delfon", "FETYPE": "St", "FEDIRS": null, "FRADDL": 5200.0, "TOADDL": 5298.0, "FRADDR": 5201.0, "TOADDR": 5299.0 }, "geometry": { "type": "LineString", "coordinates": [ [ 24.853663, 36.08542 ], [ 24.85217, 36.085393 ] ] } },
{ "type": "Feature", "properties": { "TLID": 184643717, "FEDIRP": "N", "FENAME": "Darluniau", "FETYPE": "St", "FEDIRS": null, "FRADDL": 5200.0, "TOADDL": 5298.0, "FRADDR": 5201.0, "TOADDR": 5299.0 }, "geometry": { "type": "LineString", "coordinates": [ [ 24.853749, 36.084506 ], [ 24.852212, 36.084506 ] ] } },
{ "type": "Feature", "properties": { "TLID": 184643718, "FEDIRP": "N", "FENAME": "Filis", "FETYPE": "St", "FEDIRS": null, "FRADDL": 4400.0, "TOADDL": 4498.0, "FRADDR": 4401.0, "TOADDR": 4499.0 }, "geometry": { "type": "LineString", "coordinates": [ [ 24.852315, 36.083633 ], [ 24.852212, 36.084506 ] ] } },
{ "type": "Feature", "properties": { "TLID": 184643719, "FEDIRP": "N", "FENAME": "Parla", "FETYPE": "St", "FEDIRS": null, "FRADDL": 4874.0, "TOADDL": 4906.0, "FRADDR": 4901.0, "TOADDR": 4915.0 }, "geometry": { "type": "LineString", "coordinates": [ [ 24.854995, 36.088928 ], [ 24.855003, 36.089515 ] ] } },
{ "type": "Feature", "properties": { "TLID": 184643721, "FEDIRP": "N", "FENAME": "Parla", "FETYPE": "St", "FEDIRS": null, "FRADDL": 4822.0, "TOADDL": 4872.0, "FRADDR": 4851.0, "TOADDR": 4899.0 }, "geometry": { "type": "LineString", "coordinates": [ [ 24.855016, 36.088604 ], [ 24.854995, 36.088928 ] ] } },
{ "type": "Feature", "properties": { "TLID": 184643722, "FEDIRP": "N", "FENAME": "Parla", "FETYPE": "St", "FEDIRS": null, "FRADDL": 4800.0, "TOADDL": 4820.0, "FRADDR": 4801.0, "TOADDR": 4849.0 }, "geometry": { "type": "LineString", "coordinates": [ [ 24.855036, 36.087759 ], [ 24.855016, 36.088604 ] ] } },
{ "type": "Feature", "properties": { "TLID": 184643723, "FEDIRP": "N", "FENAME": "Parla", "FETYPE": "St", "FEDIRS": null, "FRADDL": 4750.0, "TOADDL": 4798.0, "FRADDR": 4751.0, "TOADDR": 4799.0 }, "geometry": { "type": "LineString", "coordinates": [ [ 24.855063, 36.08702 ], [ 24.855036, 36.087759 ] ] } },
{ "type": "Feature", "properties": { "TLID": 184643724, "FEDIRP": "N", "FENAME": "Limnou", "FETYPE": "St", "FEDIRS": null, "FRADDL": 4800.0, "TOADDL": 4910.0, "FRADDR": 4801.0, "TOADDR": 4907.0 }, "geometry": { "type": "LineString", "coordinates": [ [ 24.856263, 36.08782 ], [ 24.856363, 36.08892 ] ] } },
{ "type": "Feature", "properties": { "TLID": 184643725, "FEDIRP": "N", "FENAME": "Derwen", "FETYPE": "St", "FEDIRS": null, "FRADDL": 5000.0, "TOADDL": 5098.0, "FRADDR": 5001.0, "TOADDR": 5099.0 }, "geometry": { "type": "LineString", "coordinates": [ [ 24.856263, 36.08782 ], [ 24.855036, 36.087759 ] ] } },
{ "type": "Feature", "properties": { "TLID": 184643726, "FEDIRP": "N", "FENAME": "Limnou", "FETYPE": "St", "FEDIRS": null, "FRADDL": 4700.0, "TOADDL": 4798.0, "FRADDR": 4701.0, "TOADDR": 4799.0 }, "geometry": { "type": "LineString", "coordinates": [ [ 24.856363, 36.08652 ], [ 24.856263, 36.08782 ] ] } },
{ "type": "Feature", "properties": { "TLID": 184643727, "FEDIRP": "N", "FENAME": "Derwen", "FETYPE": "St", "FEDIRS": null, "FRADDL": 4900.0, "TOADDL": 4998.0, "FRADDR": 4901.0, "TOADDR": 4999.0 }, "geometry": { "type": "LineString", "coordinates": [ [ 24.857563, 36.08782 ], [ 24.856263, 36.08782 ] ] } },
{ "type": "Feature", "properties": { "TLID": 184643728, "FEDIRP": "N", "FENAME": "Tolleniau", "FETYPE": "St", "FEDIRS": null, "FRADDL": 4500.0, "TOADDL": 4598.0, "FRADDR": 4501.0, "TOADDR": 4599.0 }, "geometry": { "type": "LineString", "coordinates": [ [ 24.853749, 36.084506 ], [ 24.853663, 36.08542 ] ] } },
{ "type": "Feature", "properties": { "TLID": 184643729, "FEDIRP": "N", "FENAME": "Delfon", "FETYPE": "St", "FEDIRS": null, "FRADDL": 5100.0, "TOADDL": 5198.0, "FRADDR": 5101.0, "TOADDR": 5199.0 }, "geometry": { "type": "LineString", "coordinates": [ [ 24.855063, 36.08542 ], [ 24.853663, 36.08542 ] ] } },
{ "type": "Feature", "properties": { "TLID": 184643730, "FEDIRP": "N", "FENAME": "Tolleniau", "FETYPE": "St", "FEDIRS": null, "FRADDL": 4400.0, "TOADDL": 4498.0, "FRADDR": 4401.0, "TOADDR": 4499.0 }, "geometry": { "type": "LineString", "coordinates": [ [ 24.853769, 36.083605 ], [ 24.853749, 36.084506 ] ] } },
{ "type": "Feature", "properties": { "TLID": 184643731, "FEDIRP": "N", "FENAME": "Darluniau", "FETYPE": "St", "FEDIRS": null, "FRADDL": 5199.0, "TOADDL": 5101.0, "FRADDR": 5198.0, "TOADDR": 5116.0 }, "geometry": { "type": "LineString", "coordinates": [ [ 24.853749, 36.084506 ], [ 24.85438, 36.084764 ] ] } },
{ "type": "Feature", "properties": { "TLID": 184643733, "FEDIRP": "N", "FENAME": "Darluniau", "FETYPE": "St", "FEDIRS": null, "FRADDL": null, "TOADDL": null, "FRADDR": 5114.0, "TOADDR": 5100.0 }, "geometry": { "type": "LineString", "coordinates": [ [ 24.85438, 36.084764 ], [ 24.855063, 36.08422 ] ] } },
{ "type": "Feature", "properties": { "TLID": 184643734, "FEDIRP": "N", "FENAME": "Parla", "FETYPE": "St", "FEDIRS": null, "FRADDL": 4708.0, "TOADDL": 4748.0, "FRADDR": 4701.0, "TOADDR": 4749.0 }, "geometry": { "type": "LineString", "coordinates": [ [ 24.855063, 36.08662 ], [ 24.855063, 36.08702 ] ] } },
{ "type": "Feature", "properties": { "TLID": 184643735, "FEDIRP": "N", "FENAME": "Parla", "FETYPE": "St", "FEDIRS": null, "FRADDL": 4700.0, "TOADDL": 4706.0, "FRADDR": 4623.0, "TOADDR": 4699.0 }, "geometry": { "type": "LineString", "coordinates": [ [ 24.855063, 36.08632 ], [ 24.855063, 36.08662 ] ] } },
{ "type": "Feature", "properties": { "TLID": 184643736, "FEDIRP": "N", "FENAME": "Dentro", "FETYPE": "St", "FEDIRS": null, "FRADDL": 5000.0, "TOADDL": 5098.0, "FRADDR": 5001.0, "TOADDR": 5099.0 }, "geometry": { "type": "LineString", "coordinates": [ [ 24.856363, 36.08652 ], [ 24.855063, 36.08662 ] ] } },
{ "type": "Feature", "properties": { "TLID": 184643737, "FEDIRP": "N", "FENAME": "Parla", "FETYPE": "St", "FEDIRS": null, "FRADDL": 4600.0, "TOADDL": 4698.0, "FRADDR": 4601.0, "TOADDR": 4621.0 }, "geometry": { "type": "LineString", "coordinates": [ [ 24.855063, 36.08542 ], [ 24.855063, 36.08632 ] ] } },
{ "type": "Feature", "properties": { "TLID": 184643738, "FEDIRP": "N", "FENAME": "Limnou", "FETYPE": "St", "FEDIRS": null, "FRADDL": 4600.0, "TOADDL": 4698.0, "FRADDR": 4601.0, "TOADDR": 4699.0 }, "geometry": { "type": "LineString", "coordinates": [ [ 24.856263, 36.08542 ], [ 24.856363, 36.08652 ] ] } },
{ "type": "Feature", "properties": { "TLID": 184643739, "FEDIRP": "N", "FENAME": "Parla", "FETYPE": "St", "FEDIRS": null, "FRADDL": 4500.0, "TOADDL": 4598.0, "FRADDR": 4551.0, "TOADDR": 4599.0 }, "geometry": { "type": "LineString", "coordinates": [ [ 24.855063, 36.08452 ], [ 24.855063, 36.08542 ] ] } },
{ "type": "Feature", "properties": { "TLID": 184643740, "FEDIRP": "N", "FENAME": "Delfon", "FETYPE": "St", "FEDIRS": null, "FRADDL": 5000.0, "TOADDL": 5098.0, "FRADDR": 5001.0, "TOADDR": 5099.0 }, "geometry": { "type": "LineString", "coordinates": [ [ 24.856263, 36.08542 ], [ 24.855063, 36.08542 ] ] } },
{ "type": "Feature", "properties": { "TLID": 184643741, "FEDIRP": "N", "FENAME": "Parla", "FETYPE": "St", "FEDIRS": null, "FRADDL": 4424.0, "TOADDL": 4498.0, "FRADDR": 4501.0, "TOADDR": 4549.0 }, "geometry": { "type": "LineString", "coordinates": [ [ 24.855063, 36.08422 ], [ 24.855063, 36.08452 ] ] } },
{ "type": "Feature", "properties": { "TLID": 184643742, "FEDIRP": "N", "FENAME": "Limnou", "FETYPE": "St", "FEDIRS": null, "FRADDL": 4500.0, "TOADDL": 4598.0, "FRADDR": 4501.0, "TOADDR": 4599.0 }, "geometry": { "type": "LineString", "coordinates": [ [ 24.856363, 36.08422 ], [ 24.856263, 36.08542 ] ] } },
{ "type": "Feature", "properties": { "TLID": 184643743, "FEDIRP": "N", "FENAME": "Delfon", "FETYPE": "St", "FEDIRS": null, "FRADDL": 4900.0, "TOADDL": 4998.0, "FRADDR": 4901.0, "TOADDR": 4999.0 }, "geometry": { "type": "LineString", "coordinates": [ [ 24.857663, 36.08542 ], [ 24.856263, 36.08542 ] ] } },
{ "type": "Feature", "properties": { "TLID": 184643744, "FEDIRP": "N", "FENAME": "Finiatur", "FETYPE": "St", "FEDIRS": null, "FRADDL": 4300.0, "TOADDL": 4398.0, "FRADDR": 4301.0, "TOADDR": 4399.0 }, "geometry": { "type": "LineString", "coordinates": [ [ 24.850965, 36.082703 ], [ 24.850963, 36.08362 ] ] } },
{ "type": "Feature", "properties": { "TLID": 184643745, "FEDIRP": "N", "FENAME": "Dafnidos", "FETYPE": "St", "FEDIRS": null, "FRADDL": 5300.0, "TOADDL": 5398.0, "FRADDR": 5301.0, "TOADDR": 5399.0 }, "geometry": { "type": "LineString", "coordinates": [ [ 24.852315, 36.083633 ], [ 24.850963, 36.08362 ] ] } },
{ "type": "Feature", "properties": { "TLID": 184643746, "FEDIRP": "N", "FENAME": "Finiatur", "FETYPE": "St", "FEDIRS": null, "FRADDL": 4200.0, "TOADDL": 4298.0, "FRADDR": 4201.0, "TOADDR": 4299.0 }, "geometry": { "type": "LineString", "coordinates": [ [ 24.850863, 36.08172 ], [ 24.850965, 36.082703 ] ] } },
{ "type": "Feature", "properties": { "TLID": 184643747, "FEDIRP": "N", "FENAME": "Carnero", "FETYPE": "St", "FEDIRS": null, "FRADDL": 5400.0, "TOADDL": 5408.0, "FRADDR": 5315.0, "TOADDR": 5399.0 }, "geometry": { "type": "LineString", "coordinates": [ [ 24.851363, 36.08172 ], [ 24.850863, 36.08172 ] ] } },
{ "type": "Feature", "properties": { "TLID": 184643748, "FEDIRP": "N", "FENAME": "Carnero", "FETYPE": "St", "FEDIRS": null, "FRADDL": 5350.0, "TOADDL": 5398.0, "FRADDR": 5301.0, "TOADDR": 5313.0 }, "geometry": { "type": "LineString", "coordinates": [ [ 24.852263, 36.08172 ], [ 24.851363, 36.08172 ] ] } },
{ "type": "Feature", "properties": { "TLID": 184643749, "FEDIRP": "N", "FENAME": "Finiatur", "FETYPE": "St", "FEDIRS": null, "FRADDL": 4100.0, "TOADDL": 4198.0, "FRADDR": 4101.0, "TOADDR": 4199.0 }, "geometry": { "type": "LineString", "coordinates": [ [ 24.851337, 36.080789 ], [ 24.851363, 36.08172 ] ] } },
{ "type": "Feature", "properties": { "TLID": 184643750, "FEDIRP": "N", "FENAME": "Filis", "FETYPE": "St", "FEDIRS": null, "FRADDL": 4300.0, "TOADDL": 4398.0, "FRADDR": 4301.0, "TOADDR": 4399.0 }, "geometry": { "type": "LineString", "coordinates": [ [ 24.852363, 36.08272 ], [ 24.852315, 36.083633 ] ] } },
{ "type": "Feature", "properties": { "TLID": 184643751, "FEDIRP": "N", "FENAME": "Dafnidos", "FETYPE": "St", "FEDIRS": null, "FRADDL": 5200.0, "TOADDL": 5298.0, "FRADDR": 5201.0, "TOADDR": 5299.0 }, "geometry": { "type": "LineString", "coordinates": [ [ 24.853769, 36.083605 ], [ 24.852315, 36.083633 ] ] } },
{ "type": "Feature", "properties": { "TLID": 184643752, "FEDIRP": "N", "FENAME": "Carretera", "FETYPE": "St", "FEDIRS": null, "FRADDL": 5300.0, "TOADDL": 5398.0, "FRADDR": 5301.0, "TOADDR": 5399.0 }, "geometry": { "type": "LineString", "coordinates": [ [ 24.852363, 36.08272 ], [ 24.850965, 36.082703 ] ] } },
{ "type": "Feature", "properties": { "TLID": 184643753, "FEDIRP": "N", "FENAME": "Filis", "FETYPE": "St", "FEDIRS": null, "FRADDL": 4200.0, "TOADDL": 4298.0, "FRADDR": 4201.0, "TOADDR": 4299.0 }, "geometry": { "type": "LineString", "coordinates": [ [ 24.852263, 36.08172 ], [ 24.852363, 36.08272 ] ] } },
{ "type": "Feature", "properties": { "TLID": 184643754, "FEDIRP": "N", "FENAME": "Carretera", "FETYPE": "St", "FEDIRS": null, "FRADDL": 5200.0, "TOADDL": 5298.0, "FRADDR": 5201.0, "TOADDR": 5299.0 }, "geometry": { "type": "LineString", "coordinates": [ [ 24.853763, 36.08272 ], [ 24.852363, 36.08272 ] ] } },
{ "type": "Feature", "properties": { "TLID": 184643755, "FEDIRP": "N", "FENAME": "Carnero", "FETYPE": "St", "FEDIRS": null, "FRADDL": 5300.0, "TOADDL": 5348.0, "FRADDR": 5215.0, "TOADDR": 5299.0 }, "geometry": { "type": "LineString", "coordinates": [ [ 24.852863, 36.08172 ], [ 24.852263, 36.08172 ] ] } },
{ "type": "Feature", "properties": { "TLID": 184643757, "FEDIRP": "N", "FENAME": "Carnero", "FETYPE": "St", "FEDIRS": null, "FRADDL": 5122.0, "TOADDL": 5298.0, "FRADDR": 5201.0, "TOADDR": 5213.0 }, "geometry": { "type": "LineString", "coordinates": [ [ 24.853763, 36.08172 ], [ 24.852863, 36.08172 ] ] } },
{ "type": "Feature", "properties": { "TLID": 184643758, "FEDIRP": "N", "FENAME": "Carden", "FETYPE": "St", "FEDIRS": null, "FRADDL": 5400.0, "TOADDL": 5448.0, "FRADDR": 5401.0, "TOADDR": 5449.0 }, "geometry": { "type": "LineString", "coordinates": [ [ 24.851337, 36.080789 ], [ 24.850663, 36.08082 ] ] } },
{ "type": "Feature", "properties": { "TLID": 184643759, "FEDIRP": "N", "FENAME": "Finiatur", "FETYPE": "St", "FEDIRS": null, "FRADDL": 4000.0, "TOADDL": 4098.0, "FRADDR": 4001.0, "TOADDR": 4099.0 }, "geometry": { "type": "LineString", "coordinates": [ [ 24.851163, 36.07992 ], [ 24.851337, 36.080789 ] ] } },
{ "type": "Feature", "properties": { "TLID": 184643761, "FEDIRP": "N", "FENAME": "Finiatur", "FETYPE": "St", "FEDIRS": null, "FRADDL": 3820.0, "TOADDL": 3998.0, "FRADDR": 3801.0, "TOADDR": 3999.0 }, "geometry": { "type": "LineString", "coordinates": [ [ 24.851263, 36.07902 ], [ 24.851163, 36.07992 ] ] } },
{ "type": "Feature", "properties": { "TLID": 184643762, "FEDIRP": "N", "FENAME": "Camino", "FETYPE": "St", "FEDIRS": null, "FRADDL": 5250.0, "TOADDL": 5398.0, "FRADDR": 5303.0, "TOADDR": 5399.0 }, "geometry": { "type": "LineString", "coordinates": [ [ 24.852763, 36.07992 ], [ 24.851163, 36.07992 ] ] } },
{ "type": "Feature", "properties": { "TLID": 184643763, "FEDIRP": "N", "FENAME": "Brada", "FETYPE": "St", "FEDIRS": null, "FRADDL": 5300.0, "TOADDL": 5398.0, "FRADDR": 5301.0, "TOADDR": 5399.0 }, "geometry": { "type": "LineString", "coordinates": [ [ 24.852863, 36.07902 ], [ 24.851263, 36.07902 ] ] } },
{ "type": "Feature", "properties": { "TLID": 184643764, "FEDIRP": "N", "FENAME": "Filis", "FETYPE": "St", "FEDIRS": null, "FRADDL": 4000.0, "TOADDL": 4098.0, "FRADDR": 4001.0, "TOADDR": 4099.0 }, "geometry": { "type": "LineString", "coordinates": [ [ 24.852763, 36.07992 ], [ 24.852863, 36.08082 ] ] } },
{ "type": "Feature", "properties": { "TLID": 184643765, "FEDIRP": "N", "FENAME": "Filis", "FETYPE": "St", "FEDIRS": null, "FRADDL": 3900.0, "TOADDL": 3998.0, "FRADDR": 3901.0, "TOADDR": 3999.0 }, "geometry": { "type": "LineString", "coordinates": [ [ 24.852863, 36.07902 ], [ 24.852763, 36.07992 ] ] } },
{ "type": "Feature", "properties": { "TLID": 184643766, "FEDIRP": "N", "FENAME": "Camino", "FETYPE": "St", "FEDIRS": null, "FRADDL": 5100.0, "TOADDL": 5248.0, "FRADDR": 5101.0, "TOADDR": 5301.0 }, "geometry": { "type": "LineString", "coordinates": [ [ 24.854864, 36.07992 ], [ 24.852763, 36.07992 ] ] } },
{ "type": "Feature", "properties": { "TLID": 184643767, "FEDIRP": "N", "FENAME": "Filis", "FETYPE": "St", "FEDIRS": null, "FRADDL": 3700.0, "TOADDL": 3798.0, "FRADDR": 3701.0, "TOADDR": 3799.0 }, "geometry": { "type": "LineString", "coordinates": [ [ 24.852264, 36.07612 ], [ 24.852263, 36.07802 ] ] } },
{ "type": "Feature", "properties": { "TLID": 184643768, "FEDIRP": "N", "FENAME": "Filis", "FETYPE": "St", "FEDIRS": null, "FRADDL": 3800.0, "TOADDL": 3898.0, "FRADDR": 3801.0, "TOADDR": 3899.0 }, "geometry": { "type": "LineString", "coordinates": [ [ 24.852864, 36.07812 ], [ 24.852863, 36.07902 ] ] } },
{ "type": "Feature", "properties": { "TLID": 184643769, "FEDIRP": "N", "FENAME": "Brada", "FETYPE": "St", "FEDIRS": null, "FRADDL": 5100.0, "TOADDL": 5298.0, "FRADDR": 5101.0, "TOADDR": 5299.0 }, "geometry": { "type": "LineString", "coordinates": [ [ 24.854864, 36.07902 ], [ 24.852863, 36.07902 ] ] } },
{ "type": "Feature", "properties": { "TLID": 184643770, "FEDIRP": "N", "FENAME": "Blant", "FETYPE": "St", "FEDIRS": null, "FRADDL": 5250.0, "TOADDL": 5298.0, "FRADDR": 5251.0, "TOADDR": 5349.0 }, "geometry": { "type": "LineString", "coordinates": [ [ 24.852864, 36.07812 ], [ 24.852263, 36.07802 ] ] } },
{ "type": "Feature", "properties": { "TLID": 184643771, "FEDIRP": "N", "FENAME": "Blant", "FETYPE": "St", "FEDIRS": null, "FRADDL": 5200.0, "TOADDL": 5248.0, "FRADDR": 5125.0, "TOADDR": 5249.0 }, "geometry": { "type": "LineString", "coordinates": [ [ 24.853564, 36.07802 ], [ 24.852864, 36.07812 ] ] } },
{ "type": "Feature", "properties": { "TLID": 184643772, "FEDIRP": "N", "FENAME": "Tolleniau", "FETYPE": "St", "FEDIRS": null, "FRADDL": 4300.0, "TOADDL": 4398.0, "FRADDR": 4301.0, "TOADDR": 4399.0 }, "geometry": { "type": "LineString", "coordinates": [ [ 24.853763, 36.08272 ], [ 24.853769, 36.083605 ] ] } },
{ "type": "Feature", "properties": { "TLID": 184643773, "FEDIRP": "N", "FENAME": "Tolleniau", "FETYPE": "St", "FEDIRS": null, "FRADDL": 4200.0, "TOADDL": 4298.0, "FRADDR": 4201.0, "TOADDR": 4299.0 }, "geometry": { "type": "LineString", "coordinates": [ [ 24.853763, 36.08172 ], [ 24.853763, 36.08272 ] ] } },
{ "type": "Feature", "properties": { "TLID": 184643774, "FEDIRP": "N", "FENAME": "Carretera", "FETYPE": "St", "FEDIRS": null, "FRADDL": 5100.0, "TOADDL": 5198.0, "FRADDR": 5101.0, "TOADDR": 5199.0 }, "geometry": { "type": "LineString", "coordinates": [ [ 24.855063, 36.08262 ], [ 24.853763, 36.08272 ] ] } },
{ "type": "Feature", "properties": { "TLID": 184643775, "FEDIRP": "N", "FENAME": "Parla", "FETYPE": "St", "FEDIRS": null, "FRADDL": 4400.0, "TOADDL": 4422.0, "FRADDR": 4311.0, "TOADDR": 4499.0 }, "geometry": { "type": "LineString", "coordinates": [ [ 24.855063, 36.08362 ], [ 24.855063, 36.08422 ] ] } },
{ "type": "Feature", "properties": { "TLID": 184643776, "FEDIRP": "N", "FENAME": "Darluniau", "FETYPE": "St", "FEDIRS": null, "FRADDL": 5000.0, "TOADDL": 5098.0, "FRADDR": 5001.0, "TOADDR": 5099.0 }, "geometry": { "type": "LineString", "coordinates": [ [ 24.856363, 36.08422 ], [ 24.855063, 36.08422 ] ] } },
{ "type": "Feature", "properties": { "TLID": 184643777, "FEDIRP": "N", "FENAME": "Dafnidos", "FETYPE": "St", "FEDIRS": null, "FRADDL": 5100.0, "TOADDL": 5198.0, "FRADDR": 5101.0, "TOADDR": 5199.0 }, "geometry": { "type": "LineString", "coordinates": [ [ 24.855063, 36.08362 ], [ 24.853769, 36.083605 ] ] } },
{ "type": "Feature", "properties": { "TLID": 184643778, "FEDIRP": "N", "FENAME": "Parla", "FETYPE": "St", "FEDIRS": null, "FRADDL": 4306.0, "TOADDL": 4398.0, "FRADDR": 4301.0, "TOADDR": 4309.0 }, "geometry": { "type": "LineString", "coordinates": [ [ 24.855063, 36.08302 ], [ 24.855063, 36.08362 ] ] } },
{ "type": "Feature", "properties": { "TLID": 184643779, "FEDIRP": "N", "FENAME": "Carretera", "FETYPE": "St", "FEDIRS": null, "FRADDL": 5000.0, "TOADDL": 5098.0, "FRADDR": 5001.0, "TOADDR": 5099.0 }, "geometry": { "type": "LineString", "coordinates": [ [ 24.856364, 36.08302 ], [ 24.855063, 36.08302 ] ] } },
{ "type": "Feature", "properties": { "TLID": 184643780, "FEDIRP": "N", "FENAME": "Parla", "FETYPE": "St", "FEDIRS": null, "FRADDL": 4300.0, "TOADDL": 4304.0, "FRADDR": 4215.0, "TOADDR": 4299.0 }, "geometry": { "type": "LineString", "coordinates": [ [ 24.855063, 36.08262 ], [ 24.855063, 36.08302 ] ] } },
{ "type": "Feature", "properties": { "TLID": 184643781, "FEDIRP": "N", "FENAME": "Limnou", "FETYPE": "St", "FEDIRS": null, "FRADDL": 4300.0, "TOADDL": 4498.0, "FRADDR": 4301.0, "TOADDR": 4499.0 }, "geometry": { "type": "LineString", "coordinates": [ [ 24.856364, 36.08302 ], [ 24.856363, 36.08422 ] ] } },
{ "type": "Feature", "properties": { "TLID": 184643782, "FEDIRP": "N", "FENAME": "Darluniau", "FETYPE": "St", "FEDIRS": null, "FRADDL": 4900.0, "TOADDL": 4998.0, "FRADDR": 4901.0, "TOADDR": 4999.0 }, "geometry": { "type": "LineString", "coordinates": [ [ 24.857564, 36.08422 ], [ 24.856363, 36.08422 ] ] } },
{ "type": "Feature", "properties": { "TLID": 184643783, "FEDIRP": "N", "FENAME": "Limnou", "FETYPE": "St", "FEDIRS": null, "FRADDL": 4200.0, "TOADDL": 4298.0, "FRADDR": 4201.0, "TOADDR": 4299.0 }, "geometry": { "type": "LineString", "coordinates": [ [ 24.856364, 36.08172 ], [ 24.856364, 36.08302 ] ] } },
{ "type": "Feature", "properties": { "TLID": 184643784, "FEDIRP": "N", "FENAME": "Carretera", "FETYPE": "St", "FEDIRS": null, "FRADDL": 4900.0, "TOADDL": 4998.0, "FRADDR": 4901.0, "TOADDR": 4999.0 }, "geometry": { "type": "LineString", "coordinates": [ [ 24.857664, 36.08292 ], [ 24.856364, 36.08302 ] ] } },
{ "type": "Feature", "properties": { "TLID": 184643785, "FEDIRP": "N", "FENAME": "Parla", "FETYPE": "St", "FEDIRS": null, "FRADDL": 4200.0, "TOADDL": 4298.0, "FRADDR": 4201.0, "TOADDR": 4213.0 }, "geometry": { "type": "LineString", "coordinates": [ [ 24.855027, 36.081708 ], [ 24.855063, 36.08262 ] ] } },
{ "type": "Feature", "properties": { "TLID": 184643786, "FEDIRP": "N", "FENAME": "Carnero", "FETYPE": "St", "FEDIRS": null, "FRADDL": 5100.0, "TOADDL": 5120.0, "FRADDR": 5101.0, "TOADDR": 5199.0 }, "geometry": { "type": "LineString", "coordinates": [ [ 24.855027, 36.081708 ], [ 24.853763, 36.08172 ] ] } },
{ "type": "Feature", "properties": { "TLID": 184643787, "FEDIRP": "N", "FENAME": "Carnero", "FETYPE": "St", "FEDIRS": null, "FRADDL": 5000.0, "TOADDL": 5098.0, "FRADDR": 5001.0, "TOADDR": 5099.0 }, "geometry": { "type": "LineString", "coordinates": [ [ 24.856364, 36.08172 ], [ 24.855027, 36.081708 ] ] } },
{ "type": "Feature", "properties": { "TLID": 184643788, "FEDIRP": "N", "FENAME": "Parla", "FETYPE": "St", "FEDIRS": null, "FRADDL": 4100.0, "TOADDL": 4198.0, "FRADDR": 4101.0, "TOADDR": 4199.0 }, "geometry": { "type": "LineString", "coordinates": [ [ 24.854839, 36.080857 ], [ 24.855027, 36.081708 ] ] } },
{ "type": "Feature", "properties": { "TLID": 184643789, "FEDIRP": "N", "FENAME": "Carnero", "FETYPE": "St", "FEDIRS": null, "FRADDL": 4900.0, "TOADDL": 4998.0, "FRADDR": 4901.0, "TOADDR": 4999.0 }, "geometry": { "type": "LineString", "coordinates": [ [ 24.857664, 36.08172 ], [ 24.856364, 36.08172 ] ] } },
{ "type": "Feature", "properties": { "TLID": 184643791, "FEDIRP": "N", "FENAME": "Blant", "FETYPE": "St", "FEDIRS": null, "FRADDL": 5100.0, "TOADDL": 5198.0, "FRADDR": 5101.0, "TOADDR": 5123.0 }, "geometry": { "type": "LineString", "coordinates": [ [ 24.854964, 36.07802 ], [ 24.853564, 36.07802 ] ] } },
{ "type": "Feature", "properties": { "TLID": 184643792, "FEDIRP": "N", "FENAME": "Tolleniau", "FETYPE": "St", "FEDIRS": null, "FRADDL": 3700.0, "TOADDL": 3798.0, "FRADDR": 3701.0, "TOADDR": 3799.0 }, "geometry": { "type": "LineString", "coordinates": [ [ 24.853364, 36.07612 ], [ 24.853564, 36.07802 ] ] } },
{ "type": "Feature", "properties": { "TLID": 184643794, "FEDIRP": "N", "FENAME": "Parla", "FETYPE": "St", "FEDIRS": null, "FRADDL": 4018.0, "TOADDL": 4098.0, "FRADDR": null, "TOADDR": null }, "geometry": { "type": "LineString", "coordinates": [ [ 24.854839, 36.080728 ], [ 24.854839, 36.080857 ] ] } },
{ "type": "Feature", "properties": { "TLID": 184643795, "FEDIRP": "N", "FENAME": "Parla", "FETYPE": "St", "FEDIRS": null, "FRADDL": 4000.0, "TOADDL": 4016.0, "FRADDR": null, "TOADDR": null }, "geometry": { "type": "LineString", "coordinates": [ [ 24.854864, 36.07992 ], [ 24.854839, 36.080728 ] ] } },
{ "type": "Feature", "properties": { "TLID": 184643797, "FEDIRP": "N", "FENAME": "Parla", "FETYPE": "St", "FEDIRS": null, "FRADDL": 3950.0, "TOADDL": 3998.0, "FRADDR": 3951.0, "TOADDR": 3999.0 }, "geometry": { "type": "LineString", "coordinates": [ [ 24.854964, 36.07932 ], [ 24.854864, 36.07992 ] ] } },
{ "type": "Feature", "properties": { "TLID": 184643798, "FEDIRP": "N", "FENAME": "Parla", "FETYPE": "St", "FEDIRS": null, "FRADDL": 3900.0, "TOADDL": 3948.0, "FRADDR": 3901.0, "TOADDR": 3949.0 }, "geometry": { "type": "LineString", "coordinates": [ [ 24.854864, 36.07902 ], [ 24.854964, 36.07932 ] ] } },
{ "type": "Feature", "properties": { "TLID": 184643799, "FEDIRP": "N", "FENAME": "Brada", "FETYPE": "St", "FEDIRS": null, "FRADDL": 5000.0, "TOADDL": 5098.0, "FRADDR": 5001.0, "TOADDR": 5099.0 }, "geometry": { "type": "LineString", "coordinates": [ [ 24.856264, 36.07932 ], [ 24.854964, 36.07932 ] ] } },
{ "type": "Feature", "properties": { "TLID": 184643800, "FEDIRP": "N", "FENAME": "Parla", "FETYPE": "St", "FEDIRS": null, "FRADDL": 3874.0, "TOADDL": 3898.0, "FRADDR": 3875.0, "TOADDR": 3899.0 }, "geometry": { "type": "LineString", "coordinates": [ [ 24.854964, 36.07882 ], [ 24.854864, 36.07902 ] ] } },
{ "type": "Feature", "properties": { "TLID": 184643801, "FEDIRP": "N", "FENAME": "Parla", "FETYPE": "St", "FEDIRS": null, "FRADDL": 3800.0, "TOADDL": 3872.0, "FRADDR": 3801.0, "TOADDR": 3873.0 }, "geometry": { "type": "LineString", "coordinates": [ [ 24.854964, 36.07802 ], [ 24.854964, 36.07882 ] ] } },
{ "type": "Feature", "properties": { "TLID": 184643802, "FEDIRP": null, "FENAME": "Nikomidias", "FETYPE": "St", "FEDIRS": null, "FRADDL": 5099.0, "TOADDL": 5001.0, "FRADDR": 5098.0, "TOADDR": 5000.0 }, "geometry": { "type": "LineString", "coordinates": [ [ 24.854964, 36.07882 ], [ 24.856564, 36.07852 ] ] } },
{ "type": "Feature", "properties": { "TLID": 184643803, "FEDIRP": "N", "FENAME": "Blant", "FETYPE": "St", "FEDIRS": null, "FRADDL": 5000.0, "TOADDL": 5098.0, "FRADDR": 5001.0, "TOADDR": 5099.0 }, "geometry": { "type": "LineString", "coordinates": [ [ 24.856264, 36.07802 ], [ 24.854964, 36.07802 ] ] } },
{ "type": "Feature", "properties": { "TLID": 184643804, "FEDIRP": "N", "FENAME": "Parla", "FETYPE": "St", "FEDIRS": null, "FRADDL": 3700.0, "TOADDL": 3798.0, "FRADDR": 3701.0, "TOADDR": 3799.0 }, "geometry": { "type": "LineString", "coordinates": [ [ 24.855064, 36.07662 ], [ 24.854964, 36.07802 ] ] } },
{ "type": "Feature", "properties": { "TLID": 184643806, "FEDIRP": "N", "FENAME": "Brada", "FETYPE": "St", "FEDIRS": null, "FRADDL": 4900.0, "TOADDL": 4998.0, "FRADDR": 4805.0, "TOADDR": 4999.0 }, "geometry": { "type": "LineString", "coordinates": [ [ 24.857364, 36.07932 ], [ 24.856264, 36.07932 ] ] } },
{ "type": "Feature", "properties": { "TLID": 184643807, "FEDIRP": "N", "FENAME": "Blant", "FETYPE": "St", "FEDIRS": null, "FRADDL": 4900.0, "TOADDL": 4998.0, "FRADDR": 4949.0, "TOADDR": 4999.0 }, "geometry": { "type": "LineString", "coordinates": [ [ 24.857664, 36.07802 ], [ 24.856264, 36.07802 ] ] } },
{ "type": "Feature", "properties": { "TLID": 184643808, "FEDIRP": "N", "FENAME": "Limnou", "FETYPE": "St", "FEDIRS": null, "FRADDL": 3700.0, "TOADDL": 3798.0, "FRADDR": 3701.0, "TOADDR": 3801.0 }, "geometry": { "type": "LineString", "coordinates": [ [ 24.856264, 36.07672 ], [ 24.856264, 36.07802 ] ] } },
{ "type": "Feature", "properties": { "TLID": 184643811, "FEDIRP": "N", "FENAME": "Carden", "FETYPE": "St", "FEDIRS": null, "FRADDL": 5199.0, "TOADDL": 5101.0, "FRADDR": 5198.0, "TOADDR": 5100.0 }, "geometry": { "type": "LineString", "coordinates": [ [ 24.852863, 36.08082 ], [ 24.854839, 36.080857 ] ] } },
{ "type": "Feature", "properties": { "TLID": 184643812, "FEDIRP": "N", "FENAME": "Ithakis", "FETYPE": "St", "FEDIRS": null, "FRADDL": 4800.0, "TOADDL": 4998.0, "FRADDR": 4801.0, "TOADDR": 4999.0 }, "geometry": { "type": "LineString", "coordinates": [ [ 24.857563, 36.08782 ], [ 24.857163, 36.08902 ], [ 24.857463, 36.08942 ] ] } },
{ "type": "Feature", "properties": { "TLID": 184643813, "FEDIRP": "N", "FENAME": "Derwen", "FETYPE": "St", "FEDIRS": null, "FRADDL": 4800.0, "TOADDL": 4898.0, "FRADDR": 4801.0, "TOADDR": 4899.0 }, "geometry": { "type": "LineString", "coordinates": [ [ 24.859063, 36.08772 ], [ 24.857563, 36.08782 ] ] } },
{ "type": "Feature", "properties": { "TLID": 184643814, "FEDIRP": "N", "FENAME": "Ithakis", "FETYPE": "St", "FEDIRS": null, "FRADDL": 4700.0, "TOADDL": 4798.0, "FRADDR": 4701.0, "TOADDR": 4799.0 }, "geometry": { "type": "LineString", "coordinates": [ [ 24.857563, 36.08662 ], [ 24.857563, 36.08782 ] ] } },
{ "type": "Feature", "properties": { "TLID": 184643815, "FEDIRP": "N", "FENAME": "Valmai", "FETYPE": "St", "FEDIRS": null, "FRADDL": 4628.0, "TOADDL": 4668.0, "FRADDR": 4701.0, "TOADDR": 4719.0 }, "geometry": { "type": "LineString", "coordinates": [ [ 24.860063, 36.08902 ], [ 24.859163, 36.08902 ] ] } },
{ "type": "Feature", "properties": { "TLID": 184643816, "FEDIRP": "N", "FENAME": "Omirou", "FETYPE": "St", "FEDIRS": null, "FRADDL": 4800.0, "TOADDL": 4898.0, "FRADDR": 4801.0, "TOADDR": 4899.0 }, "geometry": { "type": "LineString", "coordinates": [ [ 24.859063, 36.08772 ], [ 24.859163, 36.08832 ] ] } },
{ "type": "Feature", "properties": { "TLID": 184643817, "FEDIRP": "N", "FENAME": "Omirou", "FETYPE": "St", "FEDIRS": null, "FRADDL": 4700.0, "TOADDL": 4798.0, "FRADDR": 4701.0, "TOADDR": 4799.0 }, "geometry": { "type": "LineString", "coordinates": [ [ 24.858964, 36.08652 ], [ 24.859063, 36.08772 ] ] } },
{ "type": "Feature", "properties": { "TLID": 184643818, "FEDIRP": "N", "FENAME": "Derwen", "FETYPE": "St", "FEDIRS": null, "FRADDL": 4600.0, "TOADDL": 4798.0, "FRADDR": 4601.0, "TOADDR": 4799.0 }, "geometry": { "type": "LineString", "coordinates": [ [ 24.860364, 36.08772 ], [ 24.859063, 36.08772 ] ] } },
{ "type": "Feature", "properties": { "TLID": 184643819, "FEDIRP": "N", "FENAME": "Dentro", "FETYPE": "St", "FEDIRS": null, "FRADDL": null, "TOADDL": null, "FRADDR": null, "TOADDR": null }, "geometry": { "type": "LineString", "coordinates": [ [ 24.857563, 36.08662 ], [ 24.856363, 36.08652 ] ] } },
{ "type": "Feature", "properties": { "TLID": 184643820, "FEDIRP": "N", "FENAME": "Ithakis", "FETYPE": "St", "FEDIRS": null, "FRADDL": 4600.0, "TOADDL": 4698.0, "FRADDR": 4601.0, "TOADDR": 4699.0 }, "geometry": { "type": "LineString", "coordinates": [ [ 24.857663, 36.08542 ], [ 24.857563, 36.08662 ] ] } },
{ "type": "Feature", "properties": { "TLID": 184643821, "FEDIRP": "N", "FENAME": "Dentro", "FETYPE": "St", "FEDIRS": null, "FRADDL": null, "TOADDL": null, "FRADDR": null, "TOADDR": null }, "geometry": { "type": "LineString", "coordinates": [ [ 24.858964, 36.08652 ], [ 24.857563, 36.08662 ] ] } },
{ "type": "Feature", "properties": { "TLID": 184643822, "FEDIRP": "N", "FENAME": "Delfon", "FETYPE": "St", "FEDIRS": null, "FRADDL": 4800.0, "TOADDL": 4898.0, "FRADDR": 4801.0, "TOADDR": 4899.0 }, "geometry": { "type": "LineString", "coordinates": [ [ 24.859064, 36.08542 ], [ 24.857663, 36.08542 ] ] } },
{ "type": "Feature", "properties": { "TLID": 184643823, "FEDIRP": "N", "FENAME": "Ithakis", "FETYPE": "St", "FEDIRS": null, "FRADDL": 4500.0, "TOADDL": 4598.0, "FRADDR": 4501.0, "TOADDR": 4599.0 }, "geometry": { "type": "LineString", "coordinates": [ [ 24.857564, 36.08422 ], [ 24.857663, 36.08542 ] ] } },
{ "type": "Feature", "properties": { "TLID": 184643824, "FEDIRP": "N", "FENAME": "Omirou", "FETYPE": "St", "FEDIRS": null, "FRADDL": 4600.0, "TOADDL": 4698.0, "FRADDR": 4601.0, "TOADDR": 4699.0 }, "geometry": { "type": "LineString", "coordinates": [ [ 24.859064, 36.08542 ], [ 24.858964, 36.08652 ] ] } },
{ "type": "Feature", "properties": { "TLID": 184643825, "FEDIRP": "N", "FENAME": "Dentro", "FETYPE": "St", "FEDIRS": null, "FRADDL": 4700.0, "TOADDL": 4798.0, "FRADDR": 4701.0, "TOADDR": 4799.0 }, "geometry": { "type": "LineString", "coordinates": [ [ 24.859564, 36.08662 ], [ 24.858964, 36.08652 ] ] } },
{ "type": "Feature", "properties": { "TLID": 184643826, "FEDIRP": "N", "FENAME": "Delfon", "FETYPE": "St", "FEDIRS": null, "FRADDL": 4700.0, "TOADDL": 4798.0, "FRADDR": 4701.0, "TOADDR": 4799.0 }, "geometry": { "type": "LineString", "coordinates": [ [ 24.860364, 36.08542 ], [ 24.859064, 36.08542 ] ] } },
{ "type": "Feature", "properties": { "TLID": 184643827, "FEDIRP": "N", "FENAME": "Omirou", "FETYPE": "St", "FEDIRS": null, "FRADDL": 4500.0, "TOADDL": 4598.0, "FRADDR": 4501.0, "TOADDR": 4599.0 }, "geometry": { "type": "LineString", "coordinates": [ [ 24.858964, 36.08412 ], [ 24.859064, 36.08542 ] ] } },
{ "type": "Feature", "properties": { "TLID": 184643829, "FEDIRP": "N", "FENAME": "Desafio", "FETYPE": "St", "FEDIRS": null, "FRADDL": null, "TOADDL": null, "FRADDR": null, "TOADDR": null }, "geometry": { "type": "LineString", "coordinates": [ [ 24.860263, 36.08922 ], [ 24.860063, 36.08902 ] ] } },
{ "type": "Feature", "properties": { "TLID": 184643831, "FEDIRP": "N", "FENAME": "Desafio", "FETYPE": "St", "FEDIRS": null, "FRADDL": null, "TOADDL": null, "FRADDR": null, "TOADDR": null }, "geometry": { "type": "LineString", "coordinates": [ [ 24.860663, 36.08952 ], [ 24.860263, 36.08922 ] ] } },
{ "type": "Feature", "properties": { "TLID": 184643832, "FEDIRP": null, "FENAME": "Rist", "FETYPE": "Way", "FEDIRS": null, "FRADDL": null, "TOADDL": null, "FRADDR": null, "TOADDR": null }, "geometry": { "type": "LineString", "coordinates": [ [ 24.860804, 36.089509 ], [ 24.860663, 36.08952 ] ] } },
{ "type": "Feature", "properties": { "TLID": 184643834, "FEDIRP": null, "FENAME": "Rist", "FETYPE": "Way", "FEDIRS": null, "FRADDL": null, "TOADDL": null, "FRADDR": null, "TOADDR": null }, "geometry": { "type": "LineString", "coordinates": [ [ 24.863918, 36.087884 ], [ 24.860804, 36.089509 ] ] } },
{ "type": "Feature", "properties": { "TLID": 184643836, "FEDIRP": "N", "FENAME": "Ketallinias", "FETYPE": "St", "FEDIRS": null, "FRADDL": 4724.0, "TOADDL": 4800.0, "FRADDR": 4701.0, "TOADDR": 4799.0 }, "geometry": { "type": "LineString", "coordinates": [ [ 24.860464, 36.08712 ], [ 24.860364, 36.08772 ] ] } },
{ "type": "Feature", "properties": { "TLID": 184643838, "FEDIRP": "N", "FENAME": "Ketallinias", "FETYPE": "St", "FEDIRS": null, "FRADDL": 4600.0, "TOADDL": 4650.0, "FRADDR": 4601.0, "TOADDR": 4699.0 }, "geometry": { "type": "LineString", "coordinates": [ [ 24.860364, 36.08542 ], [ 24.860464, 36.08712 ] ] } },
{ "type": "Feature", "properties": { "TLID": 184643839, "FEDIRP": "N", "FENAME": "Delfon", "FETYPE": "St", "FEDIRS": null, "FRADDL": 4600.0, "TOADDL": 4698.0, "FRADDR": 4601.0, "TOADDR": 4699.0 }, "geometry": { "type": "LineString", "coordinates": [ [ 24.861664, 36.08542 ], [ 24.860364, 36.08542 ] ] } },
{ "type": "Feature", "properties": { "TLID": 184643840, "FEDIRP": "N", "FENAME": "Ketallinias", "FETYPE": "St", "FEDIRS": null, "FRADDL": 4500.0, "TOADDL": 4598.0, "FRADDR": 4501.0, "TOADDR": 4599.0 }, "geometry": { "type": "LineString", "coordinates": [ [ 24.860364, 36.08422 ], [ 24.860364, 36.08542 ] ] } },
{ "type": "Feature", "properties": { "TLID": 184643841, "FEDIRP": "N", "FENAME": "Hacia", "FETYPE": "St", "FEDIRS": null, "FRADDL": 4600.0, "TOADDL": 4700.0, "FRADDR": 4601.0, "TOADDR": 4799.0 }, "geometry": { "type": "LineString", "coordinates": [ [ 24.861664, 36.08542 ], [ 24.861764, 36.08632 ], [ 24.860464, 36.08712 ] ] } },
{ "type": "Feature", "properties": { "TLID": 184643842, "FEDIRP": "N", "FENAME": "Hacia", "FETYPE": "St", "FEDIRS": null, "FRADDL": 4500.0, "TOADDL": 4598.0, "FRADDR": 4501.0, "TOADDR": 4599.0 }, "geometry": { "type": "LineString", "coordinates": [ [ 24.861664, 36.08422 ], [ 24.861664, 36.08542 ] ] } },
{ "type": "Feature", "properties": { "TLID": 184643843, "FEDIRP": "N", "FENAME": "Delfon", "FETYPE": "St", "FEDIRS": null, "FRADDL": 4500.0, "TOADDL": 4598.0, "FRADDR": 4501.0, "TOADDR": 4599.0 }, "geometry": { "type": "LineString", "coordinates": [ [ 24.862964, 36.08542 ], [ 24.861664, 36.08542 ] ] } },
{ "type": "Feature", "properties": { "TLID": 184643844, "FEDIRP": "N", "FENAME": "Ithakis", "FETYPE": "St", "FEDIRS": null, "FRADDL": 4300.0, "TOADDL": 4498.0, "FRADDR": 4301.0, "TOADDR": 4499.0 }, "geometry": { "type": "LineString", "coordinates": [ [ 24.857664, 36.08292 ], [ 24.857564, 36.08422 ] ] } },
{ "type": "Feature", "properties": { "TLID": 184643845, "FEDIRP": "N", "FENAME": "Darluniau", "FETYPE": "St", "FEDIRS": null, "FRADDL": 4800.0, "TOADDL": 4898.0, "FRADDR": 4801.0, "TOADDR": 4899.0 }, "geometry": { "type": "LineString", "coordinates": [ [ 24.858964, 36.08412 ], [ 24.857564, 36.08422 ] ] } },
{ "type": "Feature", "properties": { "TLID": 184643846, "FEDIRP": "N", "FENAME": "Ithakis", "FETYPE": "St", "FEDIRS": null, "FRADDL": 4200.0, "TOADDL": 4298.0, "FRADDR": 4201.0, "TOADDR": 4299.0 }, "geometry": { "type": "LineString", "coordinates": [ [ 24.857664, 36.08172 ], [ 24.857664, 36.08292 ] ] } },
{ "type": "Feature", "properties": { "TLID": 184643847, "FEDIRP": "N", "FENAME": "Carretera", "FETYPE": "St", "FEDIRS": null, "FRADDL": 4800.0, "TOADDL": 4898.0, "FRADDR": 4801.0, "TOADDR": 4899.0 }, "geometry": { "type": "LineString", "coordinates": [ [ 24.858964, 36.08292 ], [ 24.857664, 36.08292 ] ] } },
{ "type": "Feature", "properties": { "TLID": 184643848, "FEDIRP": "N", "FENAME": "Carnero", "FETYPE": "St", "FEDIRS": null, "FRADDL": 4800.0, "TOADDL": 4898.0, "FRADDR": 4801.0, "TOADDR": 4899.0 }, "geometry": { "type": "LineString", "coordinates": [ [ 24.859064, 36.08172 ], [ 24.857664, 36.08172 ] ] } },
{ "type": "Feature", "properties": { "TLID": 184643849, "FEDIRP": "N", "FENAME": "Ithakis", "FETYPE": "St", "FEDIRS": null, "FRADDL": 4100.0, "TOADDL": 4198.0, "FRADDR": 4101.0, "TOADDR": 4199.0 }, "geometry": { "type": "LineString", "coordinates": [ [ 24.857664, 36.08042 ], [ 24.857664, 36.08172 ] ] } },
{ "type": "Feature", "properties": { "TLID": 184643850, "FEDIRP": "N", "FENAME": "Omirou", "FETYPE": "St", "FEDIRS": null, "FRADDL": 4300.0, "TOADDL": 4498.0, "FRADDR": 4301.0, "TOADDR": 4499.0 }, "geometry": { "type": "LineString", "coordinates": [ [ 24.858964, 36.08292 ], [ 24.858964, 36.08412 ] ] } },
{ "type": "Feature", "properties": { "TLID": 184643851, "FEDIRP": "N", "FENAME": "Omirou", "FETYPE": "St", "FEDIRS": null, "FRADDL": 4200.0, "TOADDL": 4298.0, "FRADDR": 4201.0, "TOADDR": 4299.0 }, "geometry": { "type": "LineString", "coordinates": [ [ 24.859064, 36.08172 ], [ 24.858964, 36.08292 ] ] } },
{ "type": "Feature", "properties": { "TLID": 184643852, "FEDIRP": "N", "FENAME": "Carretera", "FETYPE": "St", "FEDIRS": null, "FRADDL": 4700.0, "TOADDL": 4798.0, "FRADDR": 4701.0, "TOADDR": 4799.0 }, "geometry": { "type": "LineString", "coordinates": [ [ 24.860364, 36.08292 ], [ 24.858964, 36.08292 ] ] } },
{ "type": "Feature", "properties": { "TLID": 184643853, "FEDIRP": "N", "FENAME": "Omirou", "FETYPE": "St", "FEDIRS": null, "FRADDL": 4150.0, "TOADDL": 4198.0, "FRADDR": 4115.0, "TOADDR": 4199.0 }, "geometry": { "type": "LineString", "coordinates": [ [ 24.858964, 36.08122 ], [ 24.859064, 36.08172 ] ] } },
{ "type": "Feature", "properties": { "TLID": 184643854, "FEDIRP": "N", "FENAME": "Carnero", "FETYPE": "St", "FEDIRS": null, "FRADDL": 4700.0, "TOADDL": 4798.0, "FRADDR": 4701.0, "TOADDR": 4799.0 }, "geometry": { "type": "LineString", "coordinates": [ [ 24.860264, 36.08172 ], [ 24.859064, 36.08172 ] ] } },
{ "type": "Feature", "properties": { "TLID": 184643855, "FEDIRP": "N", "FENAME": "Omirou", "FETYPE": "St", "FEDIRS": null, "FRADDL": 4100.0, "TOADDL": 4148.0, "FRADDR": 4101.0, "TOADDR": 4113.0 }, "geometry": { "type": "LineString", "coordinates": [ [ 24.859064, 36.08052 ], [ 24.858964, 36.08122 ] ] } },
{ "type": "Feature", "properties": { "TLID": 184643859, "FEDIRP": "N", "FENAME": "Limnou", "FETYPE": "St", "FEDIRS": null, "FRADDL": 3800.0, "TOADDL": 3848.0, "FRADDR": 3803.0, "TOADDR": 3849.0 }, "geometry": { "type": "LineString", "coordinates": [ [ 24.856264, 36.07802 ], [ 24.856564, 36.07852 ] ] } },
{ "type": "Feature", "properties": { "TLID": 184643860, "FEDIRP": "N", "FENAME": "Ithakis", "FETYPE": "St", "FEDIRS": null, "FRADDL": null, "TOADDL": null, "FRADDR": 3857.0, "TOADDR": 3865.0 }, "geometry": { "type": "LineString", "coordinates": [ [ 24.857264, 36.07872 ], [ 24.857364, 36.07932 ] ] } },
{ "type": "Feature", "properties": { "TLID": 184643861, "FEDIRP": "N", "FENAME": "Brada", "FETYPE": "St", "FEDIRS": null, "FRADDL": 4800.0, "TOADDL": 4898.0, "FRADDR": 4801.0, "TOADDR": 4803.0 }, "geometry": { "type": "LineString", "coordinates": [ [ 24.858964, 36.07932 ], [ 24.857364, 36.07932 ] ] } },
{ "type": "Feature", "properties": { "TLID": 184643862, "FEDIRP": null, "FENAME": "Nikomidias", "FETYPE": "St", "FEDIRS": null, "FRADDL": 4999.0, "TOADDL": 4901.0, "FRADDR": 4998.0, "TOADDR": 4900.0 }, "geometry": { "type": "LineString", "coordinates": [ [ 24.856564, 36.07852 ], [ 24.857264, 36.07872 ] ] } },
{ "type": "Feature", "properties": { "TLID": 184643863, "FEDIRP": "N", "FENAME": "Nikomidias", "FETYPE": "St", "FEDIRS": null, "FRADDL": 4800.0, "TOADDL": 4912.0, "FRADDR": 4801.0, "TOADDR": 4899.0 }, "geometry": { "type": "LineString", "coordinates": [ [ 24.859064, 36.07872 ], [ 24.857264, 36.07872 ] ] } },
{ "type": "Feature", "properties": { "TLID": 184643864, "FEDIRP": "N", "FENAME": "Blant", "FETYPE": "St", "FEDIRS": null, "FRADDL": 4800.0, "TOADDL": 4898.0, "FRADDR": 4801.0, "TOADDR": 4947.0 }, "geometry": { "type": "LineString", "coordinates": [ [ 24.859064, 36.07802 ], [ 24.857664, 36.07802 ] ] } },
{ "type": "Feature", "properties": { "TLID": 184643865, "FEDIRP": "N", "FENAME": "Ithakis", "FETYPE": "St", "FEDIRS": null, "FRADDL": 3700.0, "TOADDL": 3848.0, "FRADDR": 3701.0, "TOADDR": 3849.0 }, "geometry": { "type": "LineString", "coordinates": [ [ 24.857564, 36.07662 ], [ 24.857664, 36.07802 ] ] } },
{ "type": "Feature", "properties": { "TLID": 184643866, "FEDIRP": "N", "FENAME": "Carden", "FETYPE": "St", "FEDIRS": null, "FRADDL": 4800.0, "TOADDL": 4848.0, "FRADDR": 4801.0, "TOADDR": 4849.0 }, "geometry": { "type": "LineString", "coordinates": [ [ 24.859064, 36.08052 ], [ 24.858664, 36.08022 ] ] } },
{ "type": "Feature", "properties": { "TLID": 184643867, "FEDIRP": "N", "FENAME": "Omirou", "FETYPE": "St", "FEDIRS": null, "FRADDL": 3900.0, "TOADDL": 4098.0, "FRADDR": 3901.0, "TOADDR": 4099.0 }, "geometry": { "type": "LineString", "coordinates": [ [ 24.858964, 36.07932 ], [ 24.859064, 36.08052 ] ] } },
{ "type": "Feature", "properties": { "TLID": 184643868, "FEDIRP": "N", "FENAME": "Carden", "FETYPE": "St", "FEDIRS": null, "FRADDL": 4700.0, "TOADDL": 4798.0, "FRADDR": 4701.0, "TOADDR": 4799.0 }, "geometry": { "type": "LineString", "coordinates": [ [ 24.860364, 36.08052 ], [ 24.859064, 36.08052 ] ] } },
{ "type": "Feature", "properties": { "TLID": 184643869, "FEDIRP": "N", "FENAME": "Omirou", "FETYPE": "St", "FEDIRS": null, "FRADDL": 3850.0, "TOADDL": 3898.0, "FRADDR": 3851.0, "TOADDR": 3899.0 }, "geometry": { "type": "LineString", "coordinates": [ [ 24.859064, 36.07872 ], [ 24.858964, 36.07932 ] ] } },
{ "type": "Feature", "properties": { "TLID": 184643870, "FEDIRP": "N", "FENAME": "Brada", "FETYPE": "St", "FEDIRS": null, "FRADDL": 4700.0, "TOADDL": 4798.0, "FRADDR": 4701.0, "TOADDR": 4799.0 }, "geometry": { "type": "LineString", "coordinates": [ [ 24.860364, 36.07932 ], [ 24.858964, 36.07932 ] ] } },
{ "type": "Feature", "properties": { "TLID": 184643871, "FEDIRP": "N", "FENAME": "Omirou", "FETYPE": "St", "FEDIRS": null, "FRADDL": 3800.0, "TOADDL": 3848.0, "FRADDR": 3801.0, "TOADDR": 3849.0 }, "geometry": { "type": "LineString", "coordinates": [ [ 24.859064, 36.07802 ], [ 24.859064, 36.07872 ] ] } },
{ "type": "Feature", "properties": { "TLID": 184643873, "FEDIRP": "N", "FENAME": "Blant", "FETYPE": "St", "FEDIRS": null, "FRADDL": 4700.0, "TOADDL": 4798.0, "FRADDR": 4701.0, "TOADDR": 4799.0 }, "geometry": { "type": "LineString", "coordinates": [ [ 24.860364, 36.07802 ], [ 24.859064, 36.07802 ] ] } },
{ "type": "Feature", "properties": { "TLID": 184643874, "FEDIRP": "N", "FENAME": "Omirou", "FETYPE": "St", "FEDIRS": null, "FRADDL": 3700.0, "TOADDL": 3798.0, "FRADDR": 3701.0, "TOADDR": 3799.0 }, "geometry": { "type": "LineString", "coordinates": [ [ 24.859064, 36.07662 ], [ 24.859064, 36.07802 ] ] } },
{ "type": "Feature", "properties": { "TLID": 184643875, "FEDIRP": "N", "FENAME": "Darluniau", "FETYPE": "St", "FEDIRS": null, "FRADDL": 4700.0, "TOADDL": 4798.0, "FRADDR": 4701.0, "TOADDR": 4799.0 }, "geometry": { "type": "LineString", "coordinates": [ [ 24.860364, 36.08422 ], [ 24.858964, 36.08412 ] ] } },
{ "type": "Feature", "properties": { "TLID": 184643876, "FEDIRP": "N", "FENAME": "Ketallinias", "FETYPE": "St", "FEDIRS": null, "FRADDL": 4300.0, "TOADDL": 4498.0, "FRADDR": 4301.0, "TOADDR": 4499.0 }, "geometry": { "type": "LineString", "coordinates": [ [ 24.860364, 36.08292 ], [ 24.860364, 36.08422 ] ] } },
{ "type": "Feature", "properties": { "TLID": 184643877, "FEDIRP": "N", "FENAME": "Darluniau", "FETYPE": "St", "FEDIRS": null, "FRADDL": 4600.0, "TOADDL": 4698.0, "FRADDR": 4601.0, "TOADDR": 4699.0 }, "geometry": { "type": "LineString", "coordinates": [ [ 24.861664, 36.08422 ], [ 24.860364, 36.08422 ] ] } },
{ "type": "Feature", "properties": { "TLID": 184643878, "FEDIRP": "N", "FENAME": "Ketallinias", "FETYPE": "St", "FEDIRS": null, "FRADDL": 4200.0, "TOADDL": 4298.0, "FRADDR": 4201.0, "TOADDR": 4299.0 }, "geometry": { "type": "LineString", "coordinates": [ [ 24.860264, 36.08172 ], [ 24.860364, 36.08292 ] ] } },
{ "type": "Feature", "properties": { "TLID": 184643879, "FEDIRP": "N", "FENAME": "Carretera", "FETYPE": "St", "FEDIRS": null, "FRADDL": 4600.0, "TOADDL": 4698.0, "FRADDR": 4601.0, "TOADDR": 4699.0 }, "geometry": { "type": "LineString", "coordinates": [ [ 24.861664, 36.08292 ], [ 24.860364, 36.08292 ] ] } },
{ "type": "Feature", "properties": { "TLID": 184643880, "FEDIRP": "N", "FENAME": "Ketallinias", "FETYPE": "St", "FEDIRS": null, "FRADDL": 4118.0, "TOADDL": 4198.0, "FRADDR": 4151.0, "TOADDR": 4199.0 }, "geometry": { "type": "LineString", "coordinates": [ [ 24.860264, 36.08122 ], [ 24.860264, 36.08172 ] ] } },
{ "type": "Feature", "properties": { "TLID": 184643881, "FEDIRP": "N", "FENAME": "Carnero", "FETYPE": "St", "FEDIRS": null, "FRADDL": 4600.0, "TOADDL": 4698.0, "FRADDR": 4601.0, "TOADDR": 4699.0 }, "geometry": { "type": "LineString", "coordinates": [ [ 24.861664, 36.08172 ], [ 24.860264, 36.08172 ] ] } },
{ "type": "Feature", "properties": { "TLID": 184643882, "FEDIRP": null, "FENAME": "Yale", "FETYPE": "St", "FEDIRS": null, "FRADDL": 4748.0, "TOADDL": 4798.0, "FRADDR": 4749.0, "TOADDR": 4799.0 }, "geometry": { "type": "LineString", "coordinates": [ [ 24.858964, 36.08122 ], [ 24.860264, 36.08122 ] ] } },
{ "type": "Feature", "properties": { "TLID": 184643883, "FEDIRP": "N", "FENAME": "Ketallinias", "FETYPE": "St", "FEDIRS": null, "FRADDL": 4100.0, "TOADDL": 4116.0, "FRADDR": 4101.0, "TOADDR": 4149.0 }, "geometry": { "type": "LineString", "coordinates": [ [ 24.860364, 36.08052 ], [ 24.860264, 36.08122 ] ] } },
{ "type": "Feature", "properties": { "TLID": 184643884, "FEDIRP": "N", "FENAME": "Hacia", "FETYPE": "St", "FEDIRS": null, "FRADDL": 4300.0, "TOADDL": 4498.0, "FRADDR": 4301.0, "TOADDR": 4499.0 }, "geometry": { "type": "LineString", "coordinates": [ [ 24.861664, 36.08292 ], [ 24.861664, 36.08422 ] ] } },
{ "type": "Feature", "properties": { "TLID": 184643885, "FEDIRP": "N", "FENAME": "Darluniau", "FETYPE": "St", "FEDIRS": null, "FRADDL": 4500.0, "TOADDL": 4598.0, "FRADDR": 4501.0, "TOADDR": 4599.0 }, "geometry": { "type": "LineString", "coordinates": [ [ 24.862964, 36.08412 ], [ 24.861664, 36.08422 ] ] } },
{ "type": "Feature", "properties": { "TLID": 184643886, "FEDIRP": "N", "FENAME": "Hacia", "FETYPE": "St", "FEDIRS": null, "FRADDL": 4200.0, "TOADDL": 4298.0, "FRADDR": 4201.0, "TOADDR": 4299.0 }, "geometry": { "type": "LineString", "coordinates": [ [ 24.861664, 36.08172 ], [ 24.861664, 36.08292 ] ] } },
{ "type": "Feature", "properties": { "TLID": 184643887, "FEDIRP": "N", "FENAME": "Carretera", "FETYPE": "St", "FEDIRS": null, "FRADDL": 4500.0, "TOADDL": 4598.0, "FRADDR": 4501.0, "TOADDR": 4599.0 }, "geometry": { "type": "LineString", "coordinates": [ [ 24.862964, 36.08292 ], [ 24.861664, 36.08292 ] ] } },
{ "type": "Feature", "properties": { "TLID": 184643888, "FEDIRP": "N", "FENAME": "Hacia", "FETYPE": "St", "FEDIRS": null, "FRADDL": 4100.0, "TOADDL": 4198.0, "FRADDR": 4101.0, "TOADDR": 4199.0 }, "geometry": { "type": "LineString", "coordinates": [ [ 24.861664, 36.08052 ], [ 24.861664, 36.08172 ] ] } },
{ "type": "Feature", "properties": { "TLID": 184643889, "FEDIRP": "N", "FENAME": "Carnero", "FETYPE": "St", "FEDIRS": null, "FRADDL": 4500.0, "TOADDL": 4598.0, "FRADDR": 4501.0, "TOADDR": 4599.0 }, "geometry": { "type": "LineString", "coordinates": [ [ 24.862864, 36.08172 ], [ 24.861664, 36.08172 ] ] } },
{ "type": "Feature", "properties": { "TLID": 184643890, "FEDIRP": "N", "FENAME": "Ketallinias", "FETYPE": "St", "FEDIRS": null, "FRADDL": 3900.0, "TOADDL": 4098.0, "FRADDR": 3901.0, "TOADDR": 4099.0 }, "geometry": { "type": "LineString", "coordinates": [ [ 24.860364, 36.07932 ], [ 24.860364, 36.08052 ] ] } },
{ "type": "Feature", "properties": { "TLID": 184643891, "FEDIRP": "N", "FENAME": "Carden", "FETYPE": "St", "FEDIRS": null, "FRADDL": 4600.0, "TOADDL": 4698.0, "FRADDR": 4601.0, "TOADDR": 4699.0 }, "geometry": { "type": "LineString", "coordinates": [ [ 24.861664, 36.08052 ], [ 24.860364, 36.08052 ] ] } },
{ "type": "Feature", "properties": { "TLID": 184643892, "FEDIRP": "N", "FENAME": "Ketallinias", "FETYPE": "St", "FEDIRS": null, "FRADDL": 3850.0, "TOADDL": 3898.0, "FRADDR": 3851.0, "TOADDR": 3899.0 }, "geometry": { "type": "LineString", "coordinates": [ [ 24.860364, 36.07872 ], [ 24.860364, 36.07932 ] ] } },
{ "type": "Feature", "properties": { "TLID": 184643893, "FEDIRP": "N", "FENAME": "Brada", "FETYPE": "St", "FEDIRS": null, "FRADDL": 4600.0, "TOADDL": 4698.0, "FRADDR": 4601.0, "TOADDR": 4699.0 }, "geometry": { "type": "LineString", "coordinates": [ [ 24.861664, 36.07932 ], [ 24.860364, 36.07932 ] ] } },
{ "type": "Feature", "properties": { "TLID": 184643894, "FEDIRP": "N", "FENAME": "Ketallinias", "FETYPE": "St", "FEDIRS": null, "FRADDL": 3800.0, "TOADDL": 3848.0, "FRADDR": 3801.0, "TOADDR": 3849.0 }, "geometry": { "type": "LineString", "coordinates": [ [ 24.860364, 36.07802 ], [ 24.860364, 36.07872 ] ] } },
{ "type": "Feature", "properties": { "TLID": 184643895, "FEDIRP": "N", "FENAME": "Blant", "FETYPE": "St", "FEDIRS": null, "FRADDL": 4600.0, "TOADDL": 4698.0, "FRADDR": 4601.0, "TOADDR": 4699.0 }, "geometry": { "type": "LineString", "coordinates": [ [ 24.861664, 36.07802 ], [ 24.860364, 36.07802 ] ] } },
{ "type": "Feature", "properties": { "TLID": 184643896, "FEDIRP": "N", "FENAME": "Ketallinias", "FETYPE": "St", "FEDIRS": null, "FRADDL": 3700.0, "TOADDL": 3798.0, "FRADDR": 3701.0, "TOADDR": 3799.0 }, "geometry": { "type": "LineString", "coordinates": [ [ 24.860364, 36.07662 ], [ 24.860364, 36.07802 ] ] } },
{ "type": "Feature", "properties": { "TLID": 184643897, "FEDIRP": "N", "FENAME": "Hacia", "FETYPE": "St", "FEDIRS": null, "FRADDL": 3900.0, "TOADDL": 4098.0, "FRADDR": 3901.0, "TOADDR": 4099.0 }, "geometry": { "type": "LineString", "coordinates": [ [ 24.861664, 36.07932 ], [ 24.861664, 36.08052 ] ] } },
{ "type": "Feature", "properties": { "TLID": 184643898, "FEDIRP": "N", "FENAME": "Carden", "FETYPE": "St", "FEDIRS": null, "FRADDL": 4500.0, "TOADDL": 4598.0, "FRADDR": 4501.0, "TOADDR": 4599.0 }, "geometry": { "type": "LineString", "coordinates": [ [ 24.862964, 36.08052 ], [ 24.861664, 36.08052 ] ] } },
{ "type": "Feature", "properties": { "TLID": 184643899, "FEDIRP": "N", "FENAME": "Hacia", "FETYPE": "St", "FEDIRS": null, "FRADDL": 3800.0, "TOADDL": 3898.0, "FRADDR": 3801.0, "TOADDR": 3899.0 }, "geometry": { "type": "LineString", "coordinates": [ [ 24.861664, 36.07802 ], [ 24.861664, 36.07932 ] ] } },
{ "type": "Feature", "properties": { "TLID": 184643900, "FEDIRP": "N", "FENAME": "Brada", "FETYPE": "St", "FEDIRS": null, "FRADDL": 4500.0, "TOADDL": 4598.0, "FRADDR": 4501.0, "TOADDR": 4599.0 }, "geometry": { "type": "LineString", "coordinates": [ [ 24.862964, 36.07932 ], [ 24.861664, 36.07932 ] ] } },
{ "type": "Feature", "properties": { "TLID": 184643901, "FEDIRP": "N", "FENAME": "Hacia", "FETYPE": "St", "FEDIRS": null, "FRADDL": 3700.0, "TOADDL": 3798.0, "FRADDR": 3701.0, "TOADDR": 3799.0 }, "geometry": { "type": "LineString", "coordinates": [ [ 24.861664, 36.07662 ], [ 24.861664, 36.07802 ] ] } },
{ "type": "Feature", "properties": { "TLID": 184643902, "FEDIRP": "N", "FENAME": "Blant", "FETYPE": "St", "FEDIRS": null, "FRADDL": 4500.0, "TOADDL": 4598.0, "FRADDR": 4501.0, "TOADDR": 4599.0 }, "geometry": { "type": "LineString", "coordinates": [ [ 24.862964, 36.07802 ], [ 24.861664, 36.07802 ] ] } },
{ "type": "Feature", "properties": { "TLID": 184643903, "FEDIRP": "N", "FENAME": "Narkissou", "FETYPE": "St", "FEDIRS": null, "FRADDL": 6400.0, "TOADDL": 6498.0, "FRADDR": 6401.0, "TOADDR": 6499.0 }, "geometry": { "type": "LineString", "coordinates": [ [ 24.837563, 36.07702 ], [ 24.835663, 36.07572 ], [ 24.835363, 36.07562 ] ] } },
{ "type": "Feature", "properties": { "TLID": 184643904, "FEDIRP": "N", "FENAME": "Wenna", "FETYPE": "St", "FEDIRS": null, "FRADDL": 3500.0, "TOADDL": 3698.0, "FRADDR": 3501.0, "TOADDR": 3699.0 }, "geometry": { "type": "LineString", "coordinates": [ [ 24.837563, 36.07622 ], [ 24.837563, 36.07702 ] ] } },
{ "type": "Feature", "properties": { "TLID": 184643905, "FEDIRP": "N", "FENAME": "Bilar", "FETYPE": "St", "FEDIRS": null, "FRADDL": 6300.0, "TOADDL": 6398.0, "FRADDR": 6301.0, "TOADDR": 6399.0 }, "geometry": { "type": "LineString", "coordinates": [ [ 24.839163, 36.07692 ], [ 24.837563, 36.07702 ] ] } },
{ "type": "Feature", "properties": { "TLID": 184643907, "FEDIRP": "N", "FENAME": "Thermopilon", "FETYPE": "St", "FEDIRS": null, "FRADDL": 3450.0, "TOADDL": 3498.0, "FRADDR": 3451.0, "TOADDR": 3499.0 }, "geometry": { "type": "LineString", "coordinates": [ [ 24.839687, 36.073503 ], [ 24.839863, 36.07412 ] ] } },
{ "type": "Feature", "properties": { "TLID": 184643910, "FEDIRP": "N", "FENAME": "Thramvou", "FETYPE": "Dr", "FEDIRS": null, "FRADDL": null, "TOADDL": null, "FRADDR": null, "TOADDR": null }, "geometry": { "type": "LineString", "coordinates": [ [ 24.839687, 36.073503 ], [ 24.839579, 36.07351 ] ] } },
{ "type": "Feature", "properties": { "TLID": 184643911, "FEDIRP": "N", "FENAME": "Thermopilon", "FETYPE": "St", "FEDIRS": null, "FRADDL": 3316.0, "TOADDL": 3448.0, "FRADDR": 3401.0, "TOADDR": 3449.0 }, "geometry": { "type": "LineString", "coordinates": [ [ 24.839663, 36.07342 ], [ 24.839687, 36.073503 ] ] } },
{ "type": "Feature", "properties": { "TLID": 184643912, "FEDIRP": "N", "FENAME": "Barwyn", "FETYPE": "St", "FEDIRS": null, "FRADDL": 6200.0, "TOADDL": 6298.0, "FRADDR": 6201.0, "TOADDR": 6299.0 }, "geometry": { "type": "LineString", "coordinates": [ [ 24.841863, 36.07402 ], [ 24.839863, 36.07412 ] ] } },
{ "type": "Feature", "properties": { "TLID": 184643914, "FEDIRP": "N", "FENAME": "Thramvou", "FETYPE": "Dr", "FEDIRS": null, "FRADDL": 6208.0, "TOADDL": 6234.0, "FRADDR": 6217.0, "TOADDR": 6299.0 }, "geometry": { "type": "LineString", "coordinates": [ [ 24.840662, 36.073442 ], [ 24.839687, 36.073503 ] ] } },
{ "type": "Feature", "properties": { "TLID": 184643915, "FEDIRP": null, "FENAME": "Thermopilon", "FETYPE": "St", "FEDIRS": null, "FRADDL": 1199.0, "TOADDL": 1101.0, "FRADDR": 1198.0, "TOADDR": 1100.0 }, "geometry": { "type": "LineString", "coordinates": [ [ 24.838481, 36.056741 ], [ 24.838512, 36.05637 ], [ 24.838526, 36.056037 ], [ 24.838501, 36.055806 ], [ 24.838673, 36.055666 ] ] } },
{ "type": "Feature", "properties": { "TLID": 184643916, "FEDIRP": "N", "FENAME": "Thermopilon", "FETYPE": "St", "FEDIRS": null, "FRADDL": null, "TOADDL": null, "FRADDR": 3101.0, "TOADDR": 3199.0 }, "geometry": { "type": "LineString", "coordinates": [ [ 24.839686, 36.070359 ], [ 24.839884, 36.071725 ] ] } },
{ "type": "Feature", "properties": { "TLID": 184643917, "FEDIRP": "N", "FENAME": "Hallanol", "FETYPE": "Dr", "FEDIRS": null, "FRADDL": 3100.0, "TOADDL": 3198.0, "FRADDR": 3101.0, "TOADDR": 3199.0 }, "geometry": { "type": "LineString", "coordinates": [ [ 24.841486, 36.070512 ], [ 24.841242, 36.070977 ], [ 24.841059, 36.071244 ], [ 24.8408, 36.071549 ] ] } },
{ "type": "Feature", "properties": { "TLID": 184643918, "FEDIRP": "N", "FENAME": "Bilar", "FETYPE": "St", "FEDIRS": null, "FRADDL": 5900.0, "TOADDL": 6032.0, "FRADDR": 5901.0, "TOADDR": 6011.0 }, "geometry": { "type": "LineString", "coordinates": [ [ 24.844363, 36.07622 ], [ 24.842586, 36.07622 ] ] } },
{ "type": "Feature", "properties": { "TLID": 184643920, "FEDIRP": "N", "FENAME": "Thramvou", "FETYPE": "Dr", "FEDIRS": null, "FRADDL": 6200.0, "TOADDL": 6206.0, "FRADDR": 6201.0, "TOADDR": 6215.0 }, "geometry": { "type": "LineString", "coordinates": [ [ 24.841563, 36.07262 ], [ 24.840662, 36.073442 ] ] } },
{ "type": "Feature", "properties": { "TLID": 184643921, "FEDIRP": "N", "FENAME": "Gerantoni", "FETYPE": "St", "FEDIRS": null, "FRADDL": 3300.0, "TOADDL": 3498.0, "FRADDR": 3301.0, "TOADDR": 3499.0 }, "geometry": { "type": "LineString", "coordinates": [ [ 24.841563, 36.07262 ], [ 24.841863, 36.07402 ] ] } },
{ "type": "Feature", "properties": { "TLID": 184643922, "FEDIRP": "N", "FENAME": "Barwyn", "FETYPE": "St", "FEDIRS": null, "FRADDL": 6100.0, "TOADDL": 6198.0, "FRADDR": 6101.0, "TOADDR": 6199.0 }, "geometry": { "type": "LineString", "coordinates": [ [ 24.842963, 36.07392 ], [ 24.841863, 36.07402 ] ] } },
{ "type": "Feature", "properties": { "TLID": 184643926, "FEDIRP": "N", "FENAME": "Ionnanon", "FETYPE": "St", "FEDIRS": null, "FRADDL": 3250.0, "TOADDL": 3498.0, "FRADDR": 3201.0, "TOADDR": 3499.0 }, "geometry": { "type": "LineString", "coordinates": [ [ 24.842363, 36.07202 ], [ 24.842963, 36.07392 ] ] } },
{ "type": "Feature", "properties": { "TLID": 184643927, "FEDIRP": "N", "FENAME": "Thramvou", "FETYPE": "Dr", "FEDIRS": null, "FRADDL": 3250.0, "TOADDL": 6098.0, "FRADDR": 3251.0, "TOADDR": 6099.0 }, "geometry": { "type": "LineString", "coordinates": [ [ 24.842763, 36.07182 ], [ 24.842363, 36.07202 ] ] } },
{ "type": "Feature", "properties": { "TLID": 184643928, "FEDIRP": "N", "FENAME": "Thramvou", "FETYPE": "Dr", "FEDIRS": null, "FRADDL": 3200.0, "TOADDL": 3248.0, "FRADDR": 3201.0, "TOADDR": 3249.0 }, "geometry": { "type": "LineString", "coordinates": [ [ 24.842963, 36.07132 ], [ 24.842763, 36.07182 ] ] } },
{ "type": "Feature", "properties": { "TLID": 184643929, "FEDIRP": "N", "FENAME": "Avionos", "FETYPE": "St", "FEDIRS": null, "FRADDL": 6400.0, "TOADDL": 6498.0, "FRADDR": 6401.0, "TOADDR": 6499.0 }, "geometry": { "type": "LineString", "coordinates": [ [ 24.838541, 36.070931 ], [ 24.837946, 36.070931 ] ] } },
{ "type": "Feature", "properties": { "TLID": 184643930, "FEDIRP": "N", "FENAME": "Averof", "FETYPE": "St", "FEDIRS": null, "FRADDL": 6499.0, "TOADDL": 6401.0, "FRADDR": 6498.0, "TOADDR": 6400.0 }, "geometry": { "type": "LineString", "coordinates": [ [ 24.837428, 36.070146 ], [ 24.838389, 36.069909 ] ] } },
{ "type": "Feature", "properties": { "TLID": 184643932, "FEDIRP": "N", "FENAME": "Wenna", "FETYPE": "St", "FEDIRS": null, "FRADDL": 3099.0, "TOADDL": 3001.0, "FRADDR": 3098.0, "TOADDR": 3000.0 }, "geometry": { "type": "LineString", "coordinates": [ [ 24.838389, 36.069909 ], [ 24.838465, 36.069352 ] ] } },
{ "type": "Feature", "properties": { "TLID": 184643933, "FEDIRP": "N", "FENAME": "Aveny", "FETYPE": "St", "FEDIRS": null, "FRADDL": 6499.0, "TOADDL": 6301.0, "FRADDR": 6498.0, "TOADDR": 6410.0 }, "geometry": { "type": "LineString", "coordinates": [ [ 24.83639, 36.068826 ], [ 24.836909, 36.068955 ], [ 24.837168, 36.069139 ], [ 24.837367, 36.069314 ], [ 24.837885, 36.069352 ], [ 24.838465, 36.069352 ] ] } },
{ "type": "Feature", "properties": { "TLID": 184643934, "FEDIRP": "N", "FENAME": "Aveny", "FETYPE": "St", "FEDIRS": null, "FRADDL": 6300.0, "TOADDL": 6408.0, "FRADDR": null, "TOADDR": null }, "geometry": { "type": "LineString", "coordinates": [ [ 24.839686, 36.069268 ], [ 24.838465, 36.069352 ] ] } },
{ "type": "Feature", "properties": { "TLID": 184643935, "FEDIRP": "N", "FENAME": "Thermopilon", "FETYPE": "St", "FEDIRS": null, "FRADDL": 3000.0, "TOADDL": 3314.0, "FRADDR": 2817.0, "TOADDR": 3099.0 }, "geometry": { "type": "LineString", "coordinates": [ [ 24.839686, 36.069268 ], [ 24.839686, 36.070359 ] ] } },
{ "type": "Feature", "properties": { "TLID": 184643936, "FEDIRP": "N", "FENAME": "Thermopilon", "FETYPE": "St", "FEDIRS": null, "FRADDL": 2800.0, "TOADDL": 2898.0, "FRADDR": 2801.0, "TOADDR": 2815.0 }, "geometry": { "type": "LineString", "coordinates": [ [ 24.839686, 36.068559 ], [ 24.839686, 36.069268 ] ] } },
{ "type": "Feature", "properties": { "TLID": 184643937, "FEDIRP": null, "FENAME": null, "FETYPE": null, "FEDIRS": null, "FRADDL": null, "TOADDL": null, "FRADDR": null, "TOADDR": null }, "geometry": { "type": "LineString", "coordinates": [ [ 24.839686, 36.068559 ], [ 24.839991, 36.068009 ] ] } },
{ "type": "Feature", "properties": { "TLID": 184643939, "FEDIRP": "N", "FENAME": "Artakis", "FETYPE": "St", "FEDIRS": null, "FRADDL": 6010.0, "TOADDL": 6298.0, "FRADDR": 6015.0, "TOADDR": 6299.0 }, "geometry": { "type": "LineString", "coordinates": [ [ 24.841263, 36.06762 ], [ 24.839991, 36.068009 ] ] } },
{ "type": "Feature", "properties": { "TLID": 184643941, "FEDIRP": "N", "FENAME": "Arkadiou", "FETYPE": "St", "FEDIRS": null, "FRADDL": 6252.0, "TOADDL": 6298.0, "FRADDR": 6251.0, "TOADDR": 6299.0 }, "geometry": { "type": "LineString", "coordinates": [ [ 24.839763, 36.06582 ], [ 24.839263, 36.06602 ] ] } },
{ "type": "Feature", "properties": { "TLID": 184643942, "FEDIRP": "N", "FENAME": "Thermopilon", "FETYPE": "St", "FEDIRS": null, "FRADDL": 2514.0, "TOADDL": 2598.0, "FRADDR": 2401.0, "TOADDR": 2599.0 }, "geometry": { "type": "LineString", "coordinates": [ [ 24.839163, 36.06412 ], [ 24.839263, 36.06602 ] ] } },
{ "type": "Feature", "properties": { "TLID": 184643943, "FEDIRP": "N", "FENAME": "Arkadiou", "FETYPE": "St", "FEDIRS": null, "FRADDL": 6200.0, "TOADDL": 6250.0, "FRADDR": 6201.0, "TOADDR": 6249.0 }, "geometry": { "type": "LineString", "coordinates": [ [ 24.841163, 36.06562 ], [ 24.839763, 36.06582 ] ] } },
{ "type": "Feature", "properties": { "TLID": 184643944, "FEDIRP": "N", "FENAME": "Handstil", "FETYPE": "Pl", "FEDIRS": null, "FRADDL": 2800.0, "TOADDL": 3198.0, "FRADDR": 2801.0, "TOADDR": 3199.0 }, "geometry": { "type": "LineString", "coordinates": [ [ 24.841963, 36.07072 ], [ 24.841563, 36.07152 ] ] } },
{ "type": "Feature", "properties": { "TLID": 184643945, "FEDIRP": "N", "FENAME": "Averof", "FETYPE": "St", "FEDIRS": null, "FRADDL": 6199.0, "TOADDL": 6001.0, "FRADDR": 6198.0, "TOADDR": 6000.0 }, "geometry": { "type": "LineString", "coordinates": [ [ 24.839686, 36.070359 ], [ 24.840281, 36.070405 ], [ 24.8408, 36.070405 ], [ 24.841059, 36.070497 ], [ 24.841242, 36.070581 ], [ 24.841486, 36.070512 ] ] } },
{ "type": "Feature", "properties": { "TLID": 184643946, "FEDIRP": "N", "FENAME": "Hallanol", "FETYPE": "Dr", "FEDIRS": null, "FRADDL": null, "TOADDL": null, "FRADDR": null, "TOADDR": null }, "geometry": { "type": "LineString", "coordinates": [ [ 24.842363, 36.06992 ], [ 24.841563, 36.07042 ] ] } },
{ "type": "Feature", "properties": { "TLID": 184643947, "FEDIRP": "N", "FENAME": "Averof", "FETYPE": "St", "FEDIRS": null, "FRADDL": 5926.0, "TOADDL": 5998.0, "FRADDR": 5927.0, "TOADDR": 5999.0 }, "geometry": { "type": "LineString", "coordinates": [ [ 24.842963, 36.07072 ], [ 24.841963, 36.07072 ] ] } },
{ "type": "Feature", "properties": { "TLID": 184643948, "FEDIRP": "N", "FENAME": "Aveny", "FETYPE": "St", "FEDIRS": null, "FRADDL": 6100.0, "TOADDL": 6198.0, "FRADDR": 6101.0, "TOADDR": 6199.0 }, "geometry": { "type": "LineString", "coordinates": [ [ 24.842463, 36.06842 ], [ 24.841463, 36.06942 ] ] } },
{ "type": "Feature", "properties": { "TLID": 184643949, "FEDIRP": "N", "FENAME": "Gerantoni", "FETYPE": "St", "FEDIRS": null, "FRADDL": 2800.0, "TOADDL": 2830.0, "FRADDR": 2801.0, "TOADDR": 2999.0 }, "geometry": { "type": "LineString", "coordinates": [ [ 24.841263, 36.06762 ], [ 24.841463, 36.06942 ] ] } },
{ "type": "Feature", "properties": { "TLID": 184643950, "FEDIRP": "N", "FENAME": "Thramvou", "FETYPE": "Dr", "FEDIRS": null, "FRADDL": 3100.0, "TOADDL": 3198.0, "FRADDR": 3101.0, "TOADDR": 3199.0 }, "geometry": { "type": "LineString", "coordinates": [ [ 24.842963, 36.07072 ], [ 24.842963, 36.07132 ] ] } },
{ "type": "Feature", "properties": { "TLID": 184643951, "FEDIRP": "N", "FENAME": "Avionos", "FETYPE": "St", "FEDIRS": null, "FRADDL": 5900.0, "TOADDL": 5998.0, "FRADDR": 5901.0, "TOADDR": 5999.0 }, "geometry": { "type": "LineString", "coordinates": [ [ 24.843563, 36.07142 ], [ 24.842963, 36.07132 ] ] } },
{ "type": "Feature", "properties": { "TLID": 184643952, "FEDIRP": "N", "FENAME": "Averof", "FETYPE": "St", "FEDIRS": null, "FRADDL": 5914.0, "TOADDL": 5924.0, "FRADDR": 5915.0, "TOADDR": 5925.0 }, "geometry": { "type": "LineString", "coordinates": [ [ 24.843663, 36.07072 ], [ 24.842963, 36.07072 ] ] } },
{ "type": "Feature", "properties": { "TLID": 184643953, "FEDIRP": "N", "FENAME": "Gerantoni", "FETYPE": "St", "FEDIRS": null, "FRADDL": 2832.0, "TOADDL": 3098.0, "FRADDR": 3001.0, "TOADDR": 3099.0 }, "geometry": { "type": "LineString", "coordinates": [ [ 24.841463, 36.06942 ], [ 24.842363, 36.06992 ] ] } },
{ "type": "Feature", "properties": { "TLID": 184643954, "FEDIRP": "N", "FENAME": "Hallanol", "FETYPE": "Dr", "FEDIRS": null, "FRADDL": 2842.0, "TOADDL": 3098.0, "FRADDR": 3001.0, "TOADDR": 3099.0 }, "geometry": { "type": "LineString", "coordinates": [ [ 24.843263, 36.06932 ], [ 24.842363, 36.06992 ] ] } },
{ "type": "Feature", "properties": { "TLID": 184643955, "FEDIRP": null, "FENAME": null, "FETYPE": null, "FEDIRS": null, "FRADDL": null, "TOADDL": null, "FRADDR": null, "TOADDR": null }, "geometry": { "type": "LineString", "coordinates": [ [ 24.843263, 36.06932 ], [ 24.843501, 36.069718 ] ] } },
{ "type": "Feature", "properties": { "TLID": 184643956, "FEDIRP": "N", "FENAME": "Hallanol", "FETYPE": "Dr", "FEDIRS": null, "FRADDL": 2800.0, "TOADDL": 2840.0, "FRADDR": 2801.0, "TOADDR": 2999.0 }, "geometry": { "type": "LineString", "coordinates": [ [ 24.843363, 36.06782 ], [ 24.843263, 36.06932 ] ] } },
{ "type": "Feature", "properties": { "TLID": 184643957, "FEDIRP": "N", "FENAME": "Gerantoni", "FETYPE": "St", "FEDIRS": null, "FRADDL": 2600.0, "TOADDL": 2798.0, "FRADDR": 2601.0, "TOADDR": 2799.0 }, "geometry": { "type": "LineString", "coordinates": [ [ 24.841163, 36.06562 ], [ 24.841263, 36.06762 ] ] } },
{ "type": "Feature", "properties": { "TLID": 184643958, "FEDIRP": "N", "FENAME": "Artakis", "FETYPE": "St", "FEDIRS": null, "FRADDL": 6000.0, "TOADDL": 6008.0, "FRADDR": 6001.0, "TOADDR": 6013.0 }, "geometry": { "type": "LineString", "coordinates": [ [ 24.843363, 36.06782 ], [ 24.841263, 36.06762 ] ] } },
{ "type": "Feature", "properties": { "TLID": 184643959, "FEDIRP": "N", "FENAME": "Artakis", "FETYPE": "St", "FEDIRS": null, "FRADDL": 5900.0, "TOADDL": 5998.0, "FRADDR": 5919.0, "TOADDR": 5999.0 }, "geometry": { "type": "LineString", "coordinates": [ [ 24.844263, 36.06772 ], [ 24.843363, 36.06782 ] ] } },
{ "type": "Feature", "properties": { "TLID": 184643960, "FEDIRP": "N", "FENAME": "Pilau", "FETYPE": "St", "FEDIRS": null, "FRADDL": 3524.0, "TOADDL": 3698.0, "FRADDR": 3075.0, "TOADDR": 3095.0 }, "geometry": { "type": "LineString", "coordinates": [ [ 24.844263, 36.07442 ], [ 24.844363, 36.07622 ] ] } },
{ "type": "Feature", "properties": { "TLID": 184643961, "FEDIRP": "N", "FENAME": "Bilar", "FETYPE": "St", "FEDIRS": null, "FRADDL": 5607.0, "TOADDL": 5601.0, "FRADDR": null, "TOADDR": null }, "geometry": { "type": "LineString", "coordinates": [ [ 24.844279, 36.07631 ], [ 24.849663, 36.07612 ] ] } },
{ "type": "Feature", "properties": { "TLID": 184643962, "FEDIRP": "N", "FENAME": "Tzavella", "FETYPE": "St", "FEDIRS": null, "FRADDL": 3500.0, "TOADDL": 3548.0, "FRADDR": 3357.0, "TOADDR": 3549.0 }, "geometry": { "type": "LineString", "coordinates": [ [ 24.843663, 36.07402 ], [ 24.843663, 36.07432 ] ] } },
{ "type": "Feature", "properties": { "TLID": 184643963, "FEDIRP": "N", "FENAME": "Barwyn", "FETYPE": "St", "FEDIRS": null, "FRADDL": 6000.0, "TOADDL": 6098.0, "FRADDR": 6001.0, "TOADDR": 6099.0 }, "geometry": { "type": "LineString", "coordinates": [ [ 24.843663, 36.07402 ], [ 24.842963, 36.07392 ] ] } },
{ "type": "Feature", "properties": { "TLID": 184643964, "FEDIRP": "N", "FENAME": "Barwyn", "FETYPE": "St", "FEDIRS": null, "FRADDL": 5900.0, "TOADDL": 5998.0, "FRADDR": 5901.0, "TOADDR": 5999.0 }, "geometry": { "type": "LineString", "coordinates": [ [ 24.844263, 36.07442 ], [ 24.843663, 36.07432 ] ] } },
{ "type": "Feature", "properties": { "TLID": 184643965, "FEDIRP": "N", "FENAME": "Pilau", "FETYPE": "St", "FEDIRS": null, "FRADDL": 3300.0, "TOADDL": 3514.0, "FRADDR": 3049.0, "TOADDR": 3071.0 }, "geometry": { "type": "LineString", "coordinates": [ [ 24.844263, 36.07242 ], [ 24.844263, 36.07402 ], [ 24.844263, 36.074349 ] ] } },
{ "type": "Feature", "properties": { "TLID": 184643966, "FEDIRP": "N", "FENAME": "Tzavella", "FETYPE": "St", "FEDIRS": null, "FRADDL": 3250.0, "TOADDL": 3498.0, "FRADDR": 3251.0, "TOADDR": 3355.0 }, "geometry": { "type": "LineString", "coordinates": [ [ 24.842763, 36.07182 ], [ 24.843663, 36.07272 ], [ 24.843663, 36.07402 ] ] } },
{ "type": "Feature", "properties": { "TLID": 184643968, "FEDIRP": "N", "FENAME": "Pilau", "FETYPE": "St", "FEDIRS": null, "FRADDL": 3100.0, "TOADDL": 3196.0, "FRADDR": 3027.0, "TOADDR": 3035.0 }, "geometry": { "type": "LineString", "coordinates": [ [ 24.844363, 36.07052 ], [ 24.844314, 36.071451 ] ] } },
{ "type": "Feature", "properties": { "TLID": 184643969, "FEDIRP": "N", "FENAME": "Scarkeme", "FETYPE": "St", "FEDIRS": null, "FRADDL": 3450.0, "TOADDL": 3698.0, "FRADDR": 3501.0, "TOADDR": 3649.0 }, "geometry": { "type": "LineString", "coordinates": [ [ 24.849663, 36.07432 ], [ 24.849663, 36.07612 ] ] } },
{ "type": "Feature", "properties": { "TLID": 184643970, "FEDIRP": "N", "FENAME": "Bilar", "FETYPE": "St", "FEDIRS": null, "FRADDL": 5400.0, "TOADDL": 5498.0, "FRADDR": 5401.0, "TOADDR": 5499.0 }, "geometry": { "type": "LineString", "coordinates": [ [ 24.850963, 36.07612 ], [ 24.849663, 36.07612 ] ] } },
{ "type": "Feature", "properties": { "TLID": 184643972, "FEDIRP": "N", "FENAME": "Scarkeme", "FETYPE": "St", "FEDIRS": null, "FRADDL": 3300.0, "TOADDL": 3448.0, "FRADDR": 3301.0, "TOADDR": 3499.0 }, "geometry": { "type": "LineString", "coordinates": [ [ 24.849564, 36.07242 ], [ 24.849663, 36.07432 ] ] } },
{ "type": "Feature", "properties": { "TLID": 184643973, "FEDIRP": "N", "FENAME": "Barwyn", "FETYPE": "St", "FEDIRS": null, "FRADDL": 5400.0, "TOADDL": 5498.0, "FRADDR": 5401.0, "TOADDR": 5499.0 }, "geometry": { "type": "LineString", "coordinates": [ [ 24.850964, 36.07432 ], [ 24.849663, 36.07432 ] ] } },
{ "type": "Feature", "properties": { "TLID": 184643975, "FEDIRP": "N", "FENAME": "Thramvou", "FETYPE": "Dr", "FEDIRS": null, "FRADDL": 3000.0, "TOADDL": 3098.0, "FRADDR": 3001.0, "TOADDR": 3099.0 }, "geometry": { "type": "LineString", "coordinates": [ [ 24.843863, 36.07022 ], [ 24.843663, 36.07072 ] ] } },
{ "type": "Feature", "properties": { "TLID": 184643976, "FEDIRP": "N", "FENAME": "Averof", "FETYPE": "St", "FEDIRS": null, "FRADDL": 5900.0, "TOADDL": 5912.0, "FRADDR": 5901.0, "TOADDR": 5913.0 }, "geometry": { "type": "LineString", "coordinates": [ [ 24.844363, 36.07052 ], [ 24.843663, 36.07072 ] ] } },
{ "type": "Feature", "properties": { "TLID": 184643977, "FEDIRP": "N", "FENAME": "Pilau", "FETYPE": "St", "FEDIRS": null, "FRADDL": 2950.0, "TOADDL": 3072.0, "FRADDR": 3001.0, "TOADDR": 3021.0 }, "geometry": { "type": "LineString", "coordinates": [ [ 24.844363, 36.06872 ], [ 24.844363, 36.07022 ] ] } },
{ "type": "Feature", "properties": { "TLID": 184643978, "FEDIRP": "N", "FENAME": "Aveny", "FETYPE": "St", "FEDIRS": null, "FRADDL": 5750.0, "TOADDL": 5898.0, "FRADDR": 5707.0, "TOADDR": 5899.0 }, "geometry": { "type": "LineString", "coordinates": [ [ 24.846164, 36.06872 ], [ 24.844363, 36.06872 ] ] } },
{ "type": "Feature", "properties": { "TLID": 184643979, "FEDIRP": "N", "FENAME": "Pilau", "FETYPE": "St", "FEDIRS": null, "FRADDL": 2800.0, "TOADDL": 2948.0, "FRADDR": 2801.0, "TOADDR": 2999.0 }, "geometry": { "type": "LineString", "coordinates": [ [ 24.844263, 36.06772 ], [ 24.844363, 36.06872 ] ] } },
{ "type": "Feature", "properties": { "TLID": 184643980, "FEDIRP": "N", "FENAME": "Leeno", "FETYPE": "St", "FEDIRS": null, "FRADDL": 3000.0, "TOADDL": 3098.0, "FRADDR": 3001.0, "TOADDR": 3099.0 }, "geometry": { "type": "LineString", "coordinates": [ [ 24.846164, 36.06872 ], [ 24.846263, 36.07052 ] ] } },
{ "type": "Feature", "properties": { "TLID": 184643981, "FEDIRP": "N", "FENAME": "Aveny", "FETYPE": "St", "FEDIRS": null, "FRADDL": 5700.0, "TOADDL": 5748.0, "FRADDR": 5701.0, "TOADDR": 5705.0 }, "geometry": { "type": "LineString", "coordinates": [ [ 24.847164, 36.06862 ], [ 24.846164, 36.06872 ] ] } },
{ "type": "Feature", "properties": { "TLID": 184643982, "FEDIRP": "N", "FENAME": "Pilau", "FETYPE": "St", "FEDIRS": null, "FRADDL": 2600.0, "TOADDL": 2798.0, "FRADDR": 2601.0, "TOADDR": 2799.0 }, "geometry": { "type": "LineString", "coordinates": [ [ 24.844364, 36.06572 ], [ 24.844263, 36.06772 ] ] } },
{ "type": "Feature", "properties": { "TLID": 184643983, "FEDIRP": "N", "FENAME": "Arkadiou", "FETYPE": "St", "FEDIRS": null, "FRADDL": 5900.0, "TOADDL": 6198.0, "FRADDR": 5901.0, "TOADDR": 6199.0 }, "geometry": { "type": "LineString", "coordinates": [ [ 24.844364, 36.06572 ], [ 24.841163, 36.06562 ] ] } },
{ "type": "Feature", "properties": { "TLID": 184643984, "FEDIRP": "N", "FENAME": "Arkadiou", "FETYPE": "St", "FEDIRS": null, "FRADDL": 5700.0, "TOADDL": 5898.0, "FRADDR": 5701.0, "TOADDR": 5899.0 }, "geometry": { "type": "LineString", "coordinates": [ [ 24.847164, 36.06562 ], [ 24.844364, 36.06572 ] ] } },
{ "type": "Feature", "properties": { "TLID": 184643985, "FEDIRP": "N", "FENAME": "Pilau", "FETYPE": "St", "FEDIRS": null, "FRADDL": 2100.0, "TOADDL": 2598.0, "FRADDR": 2101.0, "TOADDR": 2599.0 }, "geometry": { "type": "LineString", "coordinates": [ [ 24.844264, 36.06172 ], [ 24.844364, 36.06572 ] ] } },
{ "type": "Feature", "properties": { "TLID": 184643986, "FEDIRP": "N", "FENAME": "Aveny", "FETYPE": "St", "FEDIRS": null, "FRADDL": 5600.0, "TOADDL": 5698.0, "FRADDR": 5601.0, "TOADDR": 5699.0 }, "geometry": { "type": "LineString", "coordinates": [ [ 24.848364, 36.06862 ], [ 24.847164, 36.06862 ] ] } },
{ "type": "Feature", "properties": { "TLID": 184643987, "FEDIRP": "N", "FENAME": "Leeno", "FETYPE": "St", "FEDIRS": null, "FRADDL": 2600.0, "TOADDL": 2998.0, "FRADDR": 2601.0, "TOADDR": 2999.0 }, "geometry": { "type": "LineString", "coordinates": [ [ 24.847164, 36.06562 ], [ 24.847164, 36.06862 ] ] } },
{ "type": "Feature", "properties": { "TLID": 184643988, "FEDIRP": "N", "FENAME": "Aveny", "FETYPE": "St", "FEDIRS": null, "FRADDL": 5500.0, "TOADDL": 5598.0, "FRADDR": 5501.0, "TOADDR": 5599.0 }, "geometry": { "type": "LineString", "coordinates": [ [ 24.849664, 36.06862 ], [ 24.848364, 36.06862 ] ] } },
{ "type": "Feature", "properties": { "TLID": 184643989, "FEDIRP": "N", "FENAME": "Yonille", "FETYPE": "St", "FEDIRS": null, "FRADDL": 2600.0, "TOADDL": 2998.0, "FRADDR": 2601.0, "TOADDR": 2999.0 }, "geometry": { "type": "LineString", "coordinates": [ [ 24.848464, 36.06582 ], [ 24.848364, 36.06862 ] ] } },
{ "type": "Feature", "properties": { "TLID": 184643991, "FEDIRP": "N", "FENAME": "Scarkeme", "FETYPE": "St", "FEDIRS": null, "FRADDL": 3000.0, "TOADDL": 3098.0, "FRADDR": 3001.0, "TOADDR": 3099.0 }, "geometry": { "type": "LineString", "coordinates": [ [ 24.849664, 36.06862 ], [ 24.849564, 36.07062 ] ] } },
{ "type": "Feature", "properties": { "TLID": 184643992, "FEDIRP": "N", "FENAME": "Averof", "FETYPE": "St", "FEDIRS": null, "FRADDL": 5400.0, "TOADDL": 5498.0, "FRADDR": 5401.0, "TOADDR": 5499.0 }, "geometry": { "type": "LineString", "coordinates": [ [ 24.851064, 36.07062 ], [ 24.849564, 36.07062 ] ] } },
{ "type": "Feature", "properties": { "TLID": 184643993, "FEDIRP": "N", "FENAME": "Scarkeme", "FETYPE": "St", "FEDIRS": null, "FRADDL": 2712.0, "TOADDL": 2998.0, "FRADDR": 2601.0, "TOADDR": 2999.0 }, "geometry": { "type": "LineString", "coordinates": [ [ 24.849764, 36.06582 ], [ 24.849664, 36.06862 ] ] } },
{ "type": "Feature", "properties": { "TLID": 184643994, "FEDIRP": "N", "FENAME": "Leeno", "FETYPE": "St", "FEDIRS": null, "FRADDL": 2300.0, "TOADDL": 2598.0, "FRADDR": 2301.0, "TOADDR": 2599.0 }, "geometry": { "type": "LineString", "coordinates": [ [ 24.847164, 36.06352 ], [ 24.847164, 36.06562 ] ] } },
{ "type": "Feature", "properties": { "TLID": 184643995, "FEDIRP": "N", "FENAME": "Arkadiou", "FETYPE": "St", "FEDIRS": null, "FRADDL": 5600.0, "TOADDL": 5698.0, "FRADDR": 5601.0, "TOADDR": 5699.0 }, "geometry": { "type": "LineString", "coordinates": [ [ 24.848464, 36.06582 ], [ 24.847164, 36.06562 ] ] } },
{ "type": "Feature", "properties": { "TLID": 184643996, "FEDIRP": "N", "FENAME": "Arkadiou", "FETYPE": "St", "FEDIRS": null, "FRADDL": 5500.0, "TOADDL": 5598.0, "FRADDR": 5501.0, "TOADDR": 5599.0 }, "geometry": { "type": "LineString", "coordinates": [ [ 24.849764, 36.06582 ], [ 24.848464, 36.06582 ] ] } },
{ "type": "Feature", "properties": { "TLID": 184643997, "FEDIRP": "N", "FENAME": "Yonille", "FETYPE": "St", "FEDIRS": null, "FRADDL": 2300.0, "TOADDL": 2598.0, "FRADDR": 2301.0, "TOADDR": 2599.0 }, "geometry": { "type": "LineString", "coordinates": [ [ 24.848464, 36.06352 ], [ 24.848464, 36.06582 ] ] } },
{ "type": "Feature", "properties": { "TLID": 184643998, "FEDIRP": "N", "FENAME": "Scarkeme", "FETYPE": "St", "FEDIRS": null, "FRADDL": 2300.0, "TOADDL": 2598.0, "FRADDR": 2301.0, "TOADDR": 2599.0 }, "geometry": { "type": "LineString", "coordinates": [ [ 24.849664, 36.06352 ], [ 24.849764, 36.06582 ] ] } },
{ "type": "Feature", "properties": { "TLID": 184643999, "FEDIRP": "N", "FENAME": "Arkadiou", "FETYPE": "St", "FEDIRS": null, "FRADDL": 5364.0, "TOADDL": 5498.0, "FRADDR": 5401.0, "TOADDR": 5499.0 }, "geometry": { "type": "LineString", "coordinates": [ [ 24.850964, 36.06572 ], [ 24.849764, 36.06582 ] ] } },
{ "type": "Feature", "properties": { "TLID": 184644000, "FEDIRP": "N", "FENAME": "Anrop", "FETYPE": "St", "FEDIRS": null, "FRADDL": 6300.0, "TOADDL": 6398.0, "FRADDR": 6301.0, "TOADDR": 6399.0 }, "geometry": { "type": "LineString", "coordinates": [ [ 24.839063, 36.06352 ], [ 24.837563, 36.06352 ] ] } },
{ "type": "Feature", "properties": { "TLID": 184644001, "FEDIRP": "N", "FENAME": "Wenna", "FETYPE": "St", "FEDIRS": null, "FRADDL": 1818.0, "TOADDL": 2298.0, "FRADDR": 1817.0, "TOADDR": 2299.0 }, "geometry": { "type": "LineString", "coordinates": [ [ 24.837563, 36.06182 ], [ 24.837563, 36.06352 ] ] } },
{ "type": "Feature", "properties": { "TLID": 184644002, "FEDIRP": "N", "FENAME": "Thermopilon", "FETYPE": "St", "FEDIRS": null, "FRADDL": 2300.0, "TOADDL": 2512.0, "FRADDR": 2301.0, "TOADDR": 2399.0 }, "geometry": { "type": "LineString", "coordinates": [ [ 24.839063, 36.06352 ], [ 24.839163, 36.06412 ] ] } },
{ "type": "Feature", "properties": { "TLID": 184644003, "FEDIRP": "N", "FENAME": "Antoniadou", "FETYPE": "St", "FEDIRS": null, "FRADDL": 6100.0, "TOADDL": 6298.0, "FRADDR": 6101.0, "TOADDR": 6299.0 }, "geometry": { "type": "LineString", "coordinates": [ [ 24.841363, 36.06402 ], [ 24.839163, 36.06412 ] ] } },
{ "type": "Feature", "properties": { "TLID": 184644004, "FEDIRP": "N", "FENAME": "Thermopilon", "FETYPE": "St", "FEDIRS": null, "FRADDL": 1700.0, "TOADDL": 2298.0, "FRADDR": 1709.0, "TOADDR": 2299.0 }, "geometry": { "type": "LineString", "coordinates": [ [ 24.839163, 36.06102 ], [ 24.839063, 36.06352 ] ] } },
{ "type": "Feature", "properties": { "TLID": 184644005, "FEDIRP": "N", "FENAME": "Anrop", "FETYPE": "St", "FEDIRS": null, "FRADDL": 6200.0, "TOADDL": 6298.0, "FRADDR": 6201.0, "TOADDR": 6299.0 }, "geometry": { "type": "LineString", "coordinates": [ [ 24.840563, 36.06342 ], [ 24.839063, 36.06352 ] ] } },
{ "type": "Feature", "properties": { "TLID": 184644006, "FEDIRP": "N", "FENAME": "Velestinou", "FETYPE": "Blvd", "FEDIRS": null, "FRADDL": 6300.0, "TOADDL": 6498.0, "FRADDR": 6301.0, "TOADDR": 6499.0 }, "geometry": { "type": "LineString", "coordinates": [ [ 24.839163, 36.06102 ], [ 24.837763, 36.06092 ], [ 24.836363, 36.06072 ] ] } },
{ "type": "Feature", "properties": { "TLID": 184644007, "FEDIRP": null, "FENAME": null, "FETYPE": null, "FEDIRS": null, "FRADDL": null, "TOADDL": null, "FRADDR": null, "TOADDR": null }, "geometry": { "type": "LineString", "coordinates": [ [ 24.840221, 36.057504 ], [ 24.839961, 36.05771 ], [ 24.839824, 36.057702 ], [ 24.839702, 36.058328 ], [ 24.839676, 36.058705 ] ] } },
{ "type": "Feature", "properties": { "TLID": 184644008, "FEDIRP": "N", "FENAME": "Anrop", "FETYPE": "St", "FEDIRS": null, "FRADDL": 6100.0, "TOADDL": 6136.0, "FRADDR": 6101.0, "TOADDR": 6119.0 }, "geometry": { "type": "LineString", "coordinates": [ [ 24.841863, 36.06342 ], [ 24.841363, 36.06342 ] ] } },
{ "type": "Feature", "properties": { "TLID": 184644009, "FEDIRP": "N", "FENAME": "Gerantoni", "FETYPE": "St", "FEDIRS": null, "FRADDL": 1800.0, "TOADDL": 2298.0, "FRADDR": 1801.0, "TOADDR": 2299.0 }, "geometry": { "type": "LineString", "coordinates": [ [ 24.840463, 36.06132 ], [ 24.840563, 36.06342 ] ] } },
{ "type": "Feature", "properties": { "TLID": 184644010, "FEDIRP": "N", "FENAME": "Ionnanon", "FETYPE": "St", "FEDIRS": null, "FRADDL": 1800.0, "TOADDL": 2298.0, "FRADDR": 1813.0, "TOADDR": 2199.0 }, "geometry": { "type": "LineString", "coordinates": [ [ 24.841864, 36.06152 ], [ 24.841863, 36.06342 ] ] } },
{ "type": "Feature", "properties": { "TLID": 184644011, "FEDIRP": "N", "FENAME": "Velestinou", "FETYPE": "Blvd", "FEDIRS": null, "FRADDL": 6200.0, "TOADDL": 6298.0, "FRADDR": 6201.0, "TOADDR": 6299.0 }, "geometry": { "type": "LineString", "coordinates": [ [ 24.840463, 36.06132 ], [ 24.839163, 36.06102 ] ] } },
{ "type": "Feature", "properties": { "TLID": 184644012, "FEDIRP": "N", "FENAME": "Velestinou", "FETYPE": "Blvd", "FEDIRS": null, "FRADDL": 6100.0, "TOADDL": 6198.0, "FRADDR": 6101.0, "TOADDR": 6199.0 }, "geometry": { "type": "LineString", "coordinates": [ [ 24.841864, 36.06152 ], [ 24.840463, 36.06132 ] ] } },
{ "type": "Feature", "properties": { "TLID": 184644013, "FEDIRP": "N", "FENAME": "Ionnanon", "FETYPE": "St", "FEDIRS": null, "FRADDL": 1500.0, "TOADDL": 1598.0, "FRADDR": 1501.0, "TOADDR": 1511.0 }, "geometry": { "type": "LineString", "coordinates": [ [ 24.842555, 36.059342 ], [ 24.842555, 36.05951 ] ] } },
{ "type": "Feature", "properties": { "TLID": 184644014, "FEDIRP": "N", "FENAME": "Alamanas", "FETYPE": "St", "FEDIRS": null, "FRADDL": 6105.0, "TOADDL": 6001.0, "FRADDR": 6098.0, "TOADDR": 6000.0 }, "geometry": { "type": "LineString", "coordinates": [ [ 24.841777, 36.058801 ], [ 24.842357, 36.058717 ], [ 24.842555, 36.058808 ] ] } },
{ "type": "Feature", "properties": { "TLID": 184644017, "FEDIRP": null, "FENAME": "Padarn", "FETYPE": "St", "FEDIRS": null, "FRADDL": 1101.0, "TOADDL": 1199.0, "FRADDR": 1134.0, "TOADDR": 1216.0 }, "geometry": { "type": "LineString", "coordinates": [ [ 24.836207, 36.056092 ], [ 24.836527, 36.056214 ], [ 24.836864, 36.05626 ], [ 24.836986, 36.056397 ], [ 24.837306, 36.056649 ] ] } },
{ "type": "Feature", "properties": { "TLID": 184644019, "FEDIRP": null, "FENAME": "Padarn", "FETYPE": "St", "FEDIRS": null, "FRADDL": 1201.0, "TOADDL": 1299.0, "FRADDR": 1218.0, "TOADDR": 1298.0 }, "geometry": { "type": "LineString", "coordinates": [ [ 24.837306, 36.056649 ], [ 24.837383, 36.056794 ] ] } },
{ "type": "Feature", "properties": { "TLID": 184644020, "FEDIRP": null, "FENAME": "Lakendra", "FETYPE": "Pky", "FEDIRS": null, "FRADDL": 1298.0, "TOADDL": 1236.0, "FRADDR": null, "TOADDR": null }, "geometry": { "type": "LineString", "coordinates": [ [ 24.838481, 36.056741 ], [ 24.837383, 36.056794 ] ] } },
{ "type": "Feature", "properties": { "TLID": 184644024, "FEDIRP": null, "FENAME": "Lakendra", "FETYPE": "Pky", "FEDIRS": null, "FRADDL": 1398.0, "TOADDL": 1300.0, "FRADDR": null, "TOADDR": null }, "geometry": { "type": "LineString", "coordinates": [ [ 24.838985, 36.056893 ], [ 24.838481, 36.056741 ] ] } },
{ "type": "Feature", "properties": { "TLID": 184644027, "FEDIRP": null, "FENAME": null, "FETYPE": null, "FEDIRS": null, "FRADDL": null, "TOADDL": null, "FRADDR": null, "TOADDR": null }, "geometry": { "type": "LineString", "coordinates": [ [ 24.839244, 36.054406 ], [ 24.839763, 36.054505 ] ] } },
{ "type": "Feature", "properties": { "TLID": 184644028, "FEDIRP": null, "FENAME": null, "FETYPE": null, "FEDIRS": null, "FRADDL": null, "TOADDL": null, "FRADDR": null, "TOADDR": null }, "geometry": { "type": "LineString", "coordinates": [ [ 24.8399, 36.053536 ], [ 24.839763, 36.054505 ] ] } },
{ "type": "Feature", "properties": { "TLID": 184644029, "FEDIRP": null, "FENAME": null, "FETYPE": null, "FEDIRS": null, "FRADDL": null, "TOADDL": null, "FRADDR": null, "TOADDR": null }, "geometry": { "type": "LineString", "coordinates": [ [ 24.8399, 36.053536 ], [ 24.839382, 36.053536 ] ] } },
{ "type": "Feature", "properties": { "TLID": 184644031, "FEDIRP": "N", "FENAME": "Alamanas", "FETYPE": "St", "FEDIRS": null, "FRADDL": 6199.0, "TOADDL": 6107.0, "FRADDR": 6198.0, "TOADDR": 6100.0 }, "geometry": { "type": "LineString", "coordinates": [ [ 24.840602, 36.05877 ], [ 24.841777, 36.058801 ] ] } },
{ "type": "Feature", "properties": { "TLID": 184644032, "FEDIRP": "N", "FENAME": "Ionnanon", "FETYPE": "St", "FEDIRS": null, "FRADDL": null, "TOADDL": null, "FRADDR": null, "TOADDR": null }, "geometry": { "type": "LineString", "coordinates": [ [ 24.842464, 36.05802 ], [ 24.842159, 36.058404 ], [ 24.84196, 36.058496 ], [ 24.841838, 36.058587 ], [ 24.841777, 36.058801 ] ] } },
{ "type": "Feature", "properties": { "TLID": 184644033, "FEDIRP": null, "FENAME": null, "FETYPE": null, "FEDIRS": null, "FRADDL": null, "TOADDL": null, "FRADDR": null, "TOADDR": null }, "geometry": { "type": "LineString", "coordinates": [ [ 24.83958, 36.055116 ], [ 24.839443, 36.055688 ], [ 24.840343, 36.055512 ], [ 24.840602, 36.05565 ] ] } },
{ "type": "Feature", "properties": { "TLID": 184644034, "FEDIRP": null, "FENAME": null, "FETYPE": null, "FEDIRS": null, "FRADDL": null, "TOADDL": null, "FRADDR": null, "TOADDR": null }, "geometry": { "type": "LineString", "coordinates": [ [ 24.840801, 36.054536 ], [ 24.840801, 36.05507 ], [ 24.84074, 36.055329 ], [ 24.840602, 36.05565 ] ] } },
{ "type": "Feature", "properties": { "TLID": 184644035, "FEDIRP": null, "FENAME": "Lakendra", "FETYPE": "Pky", "FEDIRS": null, "FRADDL": 1317.0, "TOADDL": 1399.0, "FRADDR": 5900.0, "TOADDR": 5998.0 }, "geometry": { "type": "LineString", "coordinates": [ [ 24.840221, 36.057504 ], [ 24.842464, 36.05802 ] ] } },
{ "type": "Feature", "properties": { "TLID": 184644036, "FEDIRP": null, "FENAME": null, "FETYPE": null, "FEDIRS": null, "FRADDL": null, "TOADDL": null, "FRADDR": null, "TOADDR": null }, "geometry": { "type": "LineString", "coordinates": [ [ 24.839763, 36.054505 ], [ 24.840801, 36.054536 ] ] } },
{ "type": "Feature", "properties": { "TLID": 184644037, "FEDIRP": null, "FENAME": null, "FETYPE": null, "FEDIRS": null, "FRADDL": null, "TOADDL": null, "FRADDR": null, "TOADDR": null }, "geometry": { "type": "LineString", "coordinates": [ [ 24.84132, 36.053834 ], [ 24.840938, 36.05391 ], [ 24.84074, 36.054009 ], [ 24.84074, 36.054147 ], [ 24.840801, 36.054536 ] ] } },
{ "type": "Feature", "properties": { "TLID": 184644038, "FEDIRP": null, "FENAME": null, "FETYPE": null, "FEDIRS": null, "FRADDL": null, "TOADDL": null, "FRADDR": null, "TOADDR": null }, "geometry": { "type": "LineString", "coordinates": [ [ 24.84132, 36.053834 ], [ 24.840999, 36.053407 ], [ 24.8399, 36.053536 ] ] } },
{ "type": "Feature", "properties": { "TLID": 184644040, "FEDIRP": "N", "FENAME": "Pilau", "FETYPE": "St", "FEDIRS": null, "FRADDL": 1918.0, "TOADDL": 2098.0, "FRADDR": 1919.0, "TOADDR": 2099.0 }, "geometry": { "type": "LineString", "coordinates": [ [ 24.844264, 36.06032 ], [ 24.844264, 36.06172 ] ] } },
{ "type": "Feature", "properties": { "TLID": 184644041, "FEDIRP": "N", "FENAME": "Alm", "FETYPE": "St", "FEDIRS": null, "FRADDL": 5799.0, "TOADDL": 5717.0, "FRADDR": null, "TOADDR": null }, "geometry": { "type": "LineString", "coordinates": [ [ 24.844264, 36.06032 ], [ 24.844676, 36.060464 ] ] } },
{ "type": "Feature", "properties": { "TLID": 184644042, "FEDIRP": "N", "FENAME": "Alm", "FETYPE": "St", "FEDIRS": null, "FRADDL": 5715.0, "TOADDL": 5705.0, "FRADDR": null, "TOADDR": null }, "geometry": { "type": "LineString", "coordinates": [ [ 24.844676, 36.060464 ], [ 24.845764, 36.06032 ] ] } },
{ "type": "Feature", "properties": { "TLID": 184644043, "FEDIRP": null, "FENAME": null, "FETYPE": null, "FEDIRS": null, "FRADDL": null, "TOADDL": null, "FRADDR": null, "TOADDR": null }, "geometry": { "type": "LineString", "coordinates": [ [ 24.844692, 36.057656 ], [ 24.844676, 36.060464 ] ] } },
{ "type": "Feature", "properties": { "TLID": 184644044, "FEDIRP": "N", "FENAME": "Pilau", "FETYPE": "St", "FEDIRS": null, "FRADDL": 1790.0, "TOADDL": 1916.0, "FRADDR": 1791.0, "TOADDR": 1917.0 }, "geometry": { "type": "LineString", "coordinates": [ [ 24.844051, 36.059342 ], [ 24.844264, 36.06032 ] ] } },
{ "type": "Feature", "properties": { "TLID": 184644047, "FEDIRP": "N", "FENAME": "Alm", "FETYPE": "St", "FEDIRS": null, "FRADDL": 5618.0, "TOADDL": 5798.0, "FRADDR": 5701.0, "TOADDR": 5703.0 }, "geometry": { "type": "LineString", "coordinates": [ [ 24.847164, 36.06032 ], [ 24.845764, 36.06032 ] ] } },
{ "type": "Feature", "properties": { "TLID": 184644048, "FEDIRP": "N", "FENAME": "Zagoriou", "FETYPE": "St", "FEDIRS": null, "FRADDL": 1400.0, "TOADDL": 1798.0, "FRADDR": 1401.0, "TOADDR": 1799.0 }, "geometry": { "type": "LineString", "coordinates": [ [ 24.845864, 36.05752 ], [ 24.845764, 36.06032 ] ] } },
{ "type": "Feature", "properties": { "TLID": 184644049, "FEDIRP": "N", "FENAME": "Leeno", "FETYPE": "St", "FEDIRS": null, "FRADDL": 2100.0, "TOADDL": 2298.0, "FRADDR": 2101.0, "TOADDR": 2299.0 }, "geometry": { "type": "LineString", "coordinates": [ [ 24.847064, 36.06202 ], [ 24.847164, 36.06352 ] ] } },
{ "type": "Feature", "properties": { "TLID": 184644050, "FEDIRP": "N", "FENAME": "Anrop", "FETYPE": "St", "FEDIRS": null, "FRADDL": 5600.0, "TOADDL": 5698.0, "FRADDR": 5601.0, "TOADDR": 5699.0 }, "geometry": { "type": "LineString", "coordinates": [ [ 24.848464, 36.06352 ], [ 24.847164, 36.06352 ] ] } },
{ "type": "Feature", "properties": { "TLID": 184644051, "FEDIRP": "N", "FENAME": "Androutsou", "FETYPE": "St", "FEDIRS": null, "FRADDL": 5700.0, "TOADDL": 5898.0, "FRADDR": 5701.0, "TOADDR": 5899.0 }, "geometry": { "type": "LineString", "coordinates": [ [ 24.847064, 36.06202 ], [ 24.844264, 36.06172 ] ] } },
{ "type": "Feature", "properties": { "TLID": 184644052, "FEDIRP": "N", "FENAME": "Leeno", "FETYPE": "St", "FEDIRS": null, "FRADDL": 1800.0, "TOADDL": 2098.0, "FRADDR": 1801.0, "TOADDR": 2099.0 }, "geometry": { "type": "LineString", "coordinates": [ [ 24.847164, 36.06032 ], [ 24.847064, 36.06202 ] ] } },
{ "type": "Feature", "properties": { "TLID": 184644053, "FEDIRP": "N", "FENAME": "Androutsou", "FETYPE": "St", "FEDIRS": null, "FRADDL": 5600.0, "TOADDL": 5698.0, "FRADDR": 5601.0, "TOADDR": 5699.0 }, "geometry": { "type": "LineString", "coordinates": [ [ 24.848464, 36.06192 ], [ 24.847064, 36.06202 ] ] } },
{ "type": "Feature", "properties": { "TLID": 184644054, "FEDIRP": "N", "FENAME": "Anrop", "FETYPE": "St", "FEDIRS": null, "FRADDL": 5500.0, "TOADDL": 5598.0, "FRADDR": 5501.0, "TOADDR": 5599.0 }, "geometry": { "type": "LineString", "coordinates": [ [ 24.849664, 36.06352 ], [ 24.848464, 36.06352 ] ] } },
{ "type": "Feature", "properties": { "TLID": 184644055, "FEDIRP": "N", "FENAME": "Yonille", "FETYPE": "St", "FEDIRS": null, "FRADDL": 2100.0, "TOADDL": 2298.0, "FRADDR": 2101.0, "TOADDR": 2299.0 }, "geometry": { "type": "LineString", "coordinates": [ [ 24.848464, 36.06192 ], [ 24.848464, 36.06352 ] ] } },
{ "type": "Feature", "properties": { "TLID": 184644056, "FEDIRP": "N", "FENAME": "Scarkeme", "FETYPE": "St", "FEDIRS": null, "FRADDL": 2100.0, "TOADDL": 2298.0, "FRADDR": 2101.0, "TOADDR": 2299.0 }, "geometry": { "type": "LineString", "coordinates": [ [ 24.849664, 36.06202 ], [ 24.849664, 36.06352 ] ] } },
{ "type": "Feature", "properties": { "TLID": 184644057, "FEDIRP": "N", "FENAME": "Anrop", "FETYPE": "St", "FEDIRS": null, "FRADDL": 5400.0, "TOADDL": 5498.0, "FRADDR": 5401.0, "TOADDR": 5499.0 }, "geometry": { "type": "LineString", "coordinates": [ [ 24.850964, 36.06342 ], [ 24.849664, 36.06352 ] ] } },
{ "type": "Feature", "properties": { "TLID": 184644058, "FEDIRP": "N", "FENAME": "Androutsou", "FETYPE": "St", "FEDIRS": null, "FRADDL": 5500.0, "TOADDL": 5598.0, "FRADDR": 5501.0, "TOADDR": 5599.0 }, "geometry": { "type": "LineString", "coordinates": [ [ 24.849664, 36.06202 ], [ 24.848464, 36.06192 ] ] } },
{ "type": "Feature", "properties": { "TLID": 184644059, "FEDIRP": "N", "FENAME": "Scarkeme", "FETYPE": "St", "FEDIRS": null, "FRADDL": 1800.0, "TOADDL": 2098.0, "FRADDR": 1801.0, "TOADDR": 2099.0 }, "geometry": { "type": "LineString", "coordinates": [ [ 24.849664, 36.06032 ], [ 24.849664, 36.06202 ] ] } },
{ "type": "Feature", "properties": { "TLID": 184644060, "FEDIRP": "N", "FENAME": "Androutsou", "FETYPE": "St", "FEDIRS": null, "FRADDL": 5400.0, "TOADDL": 5498.0, "FRADDR": 5401.0, "TOADDR": 5499.0 }, "geometry": { "type": "LineString", "coordinates": [ [ 24.850964, 36.06202 ], [ 24.849664, 36.06202 ] ] } },
{ "type": "Feature", "properties": { "TLID": 184644061, "FEDIRP": "N", "FENAME": "Alm", "FETYPE": "St", "FEDIRS": null, "FRADDL": 5600.0, "TOADDL": 5616.0, "FRADDR": 5601.0, "TOADDR": 5699.0 }, "geometry": { "type": "LineString", "coordinates": [ [ 24.848464, 36.06032 ], [ 24.847164, 36.06032 ] ] } },
{ "type": "Feature", "properties": { "TLID": 184644062, "FEDIRP": "N", "FENAME": "Leeno", "FETYPE": "St", "FEDIRS": null, "FRADDL": 1400.0, "TOADDL": 1798.0, "FRADDR": 1449.0, "TOADDR": 1799.0 }, "geometry": { "type": "LineString", "coordinates": [ [ 24.847164, 36.05752 ], [ 24.847164, 36.06032 ] ] } },
{ "type": "Feature", "properties": { "TLID": 184644063, "FEDIRP": "N", "FENAME": "Yonille", "FETYPE": "St", "FEDIRS": null, "FRADDL": 1800.0, "TOADDL": 2098.0, "FRADDR": 1801.0, "TOADDR": 2099.0 }, "geometry": { "type": "LineString", "coordinates": [ [ 24.848464, 36.06032 ], [ 24.848464, 36.06192 ] ] } },
{ "type": "Feature", "properties": { "TLID": 184644064, "FEDIRP": "N", "FENAME": "Alm", "FETYPE": "St", "FEDIRS": null, "FRADDL": 5500.0, "TOADDL": 5598.0, "FRADDR": 5501.0, "TOADDR": 5599.0 }, "geometry": { "type": "LineString", "coordinates": [ [ 24.849664, 36.06032 ], [ 24.848464, 36.06032 ] ] } },
{ "type": "Feature", "properties": { "TLID": 184644065, "FEDIRP": "N", "FENAME": "Yonille", "FETYPE": "St", "FEDIRS": null, "FRADDL": 1400.0, "TOADDL": 1798.0, "FRADDR": 1401.0, "TOADDR": 1799.0 }, "geometry": { "type": "LineString", "coordinates": [ [ 24.848364, 36.05752 ], [ 24.848464, 36.06032 ] ] } },
{ "type": "Feature", "properties": { "TLID": 184644066, "FEDIRP": "N", "FENAME": "Scarkeme", "FETYPE": "St", "FEDIRS": null, "FRADDL": 1400.0, "TOADDL": 1798.0, "FRADDR": 1401.0, "TOADDR": 1499.0 }, "geometry": { "type": "LineString", "coordinates": [ [ 24.849764, 36.05752 ], [ 24.849664, 36.06032 ] ] } },
{ "type": "Feature", "properties": { "TLID": 184644067, "FEDIRP": "N", "FENAME": "Alm", "FETYPE": "St", "FEDIRS": null, "FRADDL": 5400.0, "TOADDL": 5498.0, "FRADDR": 5401.0, "TOADDR": 5499.0 }, "geometry": { "type": "LineString", "coordinates": [ [ 24.850964, 36.06032 ], [ 24.849664, 36.06032 ] ] } },
{ "type": "Feature", "properties": { "TLID": 184644068, "FEDIRP": null, "FENAME": "Lakendra", "FETYPE": "Pky", "FEDIRS": null, "FRADDL": 5898.0, "TOADDL": 5800.0, "FRADDR": 5899.0, "TOADDR": 5801.0 }, "geometry": { "type": "LineString", "coordinates": [ [ 24.844264, 36.05812 ], [ 24.842464, 36.05802 ] ] } },
{ "type": "Feature", "properties": { "TLID": 184644069, "FEDIRP": "N", "FENAME": "Pilau", "FETYPE": "St", "FEDIRS": null, "FRADDL": 1566.0, "TOADDL": 1628.0, "FRADDR": 1567.0, "TOADDR": 1629.0 }, "geometry": { "type": "LineString", "coordinates": [ [ 24.844264, 36.05762 ], [ 24.844264, 36.05812 ] ] } },
{ "type": "Feature", "properties": { "TLID": 184644070, "FEDIRP": "N", "FENAME": "Pilau", "FETYPE": "St", "FEDIRS": null, "FRADDL": 1190.0, "TOADDL": 1564.0, "FRADDR": 1191.0, "TOADDR": 1565.0 }, "geometry": { "type": "LineString", "coordinates": [ [ 24.844264, 36.05472 ], [ 24.844264, 36.05762 ] ] } },
{ "type": "Feature", "properties": { "TLID": 184644071, "FEDIRP": "N", "FENAME": "Agisilaou", "FETYPE": "St", "FEDIRS": null, "FRADDL": null, "TOADDL": null, "FRADDR": null, "TOADDR": null }, "geometry": { "type": "LineString", "coordinates": [ [ 24.844264, 36.05762 ], [ 24.844692, 36.057656 ] ] } },
{ "type": "Feature", "properties": { "TLID": 184644072, "FEDIRP": "N", "FENAME": "Agisilaou", "FETYPE": "St", "FEDIRS": null, "FRADDL": null, "TOADDL": null, "FRADDR": null, "TOADDR": null }, "geometry": { "type": "LineString", "coordinates": [ [ 24.844692, 36.057656 ], [ 24.845164, 36.05752 ] ] } },
{ "type": "Feature", "properties": { "TLID": 184644073, "FEDIRP": "N", "FENAME": "Zagoriou", "FETYPE": "St", "FEDIRS": null, "FRADDL": 1314.0, "TOADDL": 1398.0, "FRADDR": 1301.0, "TOADDR": 1399.0 }, "geometry": { "type": "LineString", "coordinates": [ [ 24.845164, 36.05692 ], [ 24.845164, 36.05752 ] ] } },
{ "type": "Feature", "properties": { "TLID": 184644074, "FEDIRP": "N", "FENAME": "Agisilaou", "FETYPE": "St", "FEDIRS": null, "FRADDL": 5716.0, "TOADDL": 5848.0, "FRADDR": 5801.0, "TOADDR": 5849.0 }, "geometry": { "type": "LineString", "coordinates": [ [ 24.845864, 36.05752 ], [ 24.845164, 36.05752 ] ] } },
{ "type": "Feature", "properties": { "TLID": 184644075, "FEDIRP": "N", "FENAME": "Zagoriou", "FETYPE": "St", "FEDIRS": null, "FRADDL": 1216.0, "TOADDL": 1312.0, "FRADDR": 1201.0, "TOADDR": 1299.0 }, "geometry": { "type": "LineString", "coordinates": [ [ 24.845064, 36.05602 ], [ 24.845164, 36.05692 ] ] } },
{ "type": "Feature", "properties": { "TLID": 184644076, "FEDIRP": "N", "FENAME": "Agiasou", "FETYPE": "St", "FEDIRS": null, "FRADDL": 5700.0, "TOADDL": 5798.0, "FRADDR": 5701.0, "TOADDR": 5799.0 }, "geometry": { "type": "LineString", "coordinates": [ [ 24.847164, 36.05682 ], [ 24.845164, 36.05692 ] ] } },
{ "type": "Feature", "properties": { "TLID": 184644077, "FEDIRP": "N", "FENAME": "Zagoriou", "FETYPE": "St", "FEDIRS": null, "FRADDL": 1148.0, "TOADDL": 1214.0, "FRADDR": 1151.0, "TOADDR": 1199.0 }, "geometry": { "type": "LineString", "coordinates": [ [ 24.845064, 36.05542 ], [ 24.845064, 36.05602 ] ] } },
{ "type": "Feature", "properties": { "TLID": 184644078, "FEDIRP": "N", "FENAME": "Agentes", "FETYPE": "St", "FEDIRS": null, "FRADDL": 5700.0, "TOADDL": 5798.0, "FRADDR": 5701.0, "TOADDR": 5799.0 }, "geometry": { "type": "LineString", "coordinates": [ [ 24.847064, 36.05602 ], [ 24.845064, 36.05602 ] ] } },
{ "type": "Feature", "properties": { "TLID": 184644079, "FEDIRP": "N", "FENAME": "Agisilaou", "FETYPE": "St", "FEDIRS": null, "FRADDL": 5700.0, "TOADDL": 5714.0, "FRADDR": 5701.0, "TOADDR": 5799.0 }, "geometry": { "type": "LineString", "coordinates": [ [ 24.847164, 36.05752 ], [ 24.845864, 36.05752 ] ] } },
{ "type": "Feature", "properties": { "TLID": 184644080, "FEDIRP": "N", "FENAME": "Pilau", "FETYPE": "St", "FEDIRS": null, "FRADDL": 1120.0, "TOADDL": 1188.0, "FRADDR": 1121.0, "TOADDR": 1189.0 }, "geometry": { "type": "LineString", "coordinates": [ [ 24.844036, 36.054223 ], [ 24.844264, 36.05472 ] ] } },
{ "type": "Feature", "properties": { "TLID": 184644081, "FEDIRP": "N", "FENAME": "Achilleos", "FETYPE": "St", "FEDIRS": null, "FRADDL": 5426.0, "TOADDL": 5898.0, "FRADDR": 5701.0, "TOADDR": 5899.0 }, "geometry": { "type": "LineString", "coordinates": [ [ 24.847164, 36.05472 ], [ 24.844264, 36.05472 ] ] } },
{ "type": "Feature", "properties": { "TLID": 184644082, "FEDIRP": null, "FENAME": null, "FETYPE": null, "FEDIRS": null, "FRADDL": null, "TOADDL": null, "FRADDR": null, "TOADDR": null }, "geometry": { "type": "LineString", "coordinates": [ [ 24.844036, 36.054223 ], [ 24.843196, 36.053826 ], [ 24.842617, 36.053697 ], [ 24.842037, 36.053659 ], [ 24.841777, 36.053666 ], [ 24.84132, 36.053834 ] ] } },
{ "type": "Feature", "properties": { "TLID": 184644084, "FEDIRP": null, "FENAME": "Leonidou", "FETYPE": "St", "FEDIRS": null, "FRADDL": 5700.0, "TOADDL": 5798.0, "FRADDR": 5701.0, "TOADDR": 5799.0 }, "geometry": { "type": "LineString", "coordinates": [ [ 24.847164, 36.05542 ], [ 24.845064, 36.05542 ] ] } },
{ "type": "Feature", "properties": { "TLID": 184644085, "FEDIRP": null, "FENAME": "Skaldis", "FETYPE": null, "FEDIRS": null, "FRADDL": null, "TOADDL": null, "FRADDR": null, "TOADDR": null }, "geometry": { "type": "LineString", "coordinates": [ [ 24.844136, 36.052391 ], [ 24.844617, 36.052247 ], [ 24.844964, 36.052043 ], [ 24.845218, 36.051681 ], [ 24.845664, 36.05032 ] ] } },
{ "type": "Feature", "properties": { "TLID": 184644086, "FEDIRP": "N", "FENAME": "Pilau", "FETYPE": "St", "FEDIRS": null, "FRADDL": 854.0, "TOADDL": 918.0, "FRADDR": 855.0, "TOADDR": 963.0 }, "geometry": { "type": "LineString", "coordinates": [ [ 24.844036, 36.052201 ], [ 24.844136, 36.052391 ] ] } },
{ "type": "Feature", "properties": { "TLID": 184644087, "FEDIRP": "N", "FENAME": "Ermou", "FETYPE": "St", "FEDIRS": null, "FRADDL": 5613.0, "TOADDL": 5601.0, "FRADDR": 5598.0, "TOADDR": 5400.0 }, "geometry": { "type": "LineString", "coordinates": [ [ 24.846752, 36.053132 ], [ 24.848264, 36.05292 ] ] } },
{ "type": "Feature", "properties": { "TLID": 184644088, "FEDIRP": "N", "FENAME": "Agisilaou", "FETYPE": "St", "FEDIRS": null, "FRADDL": 5600.0, "TOADDL": 5698.0, "FRADDR": 5601.0, "TOADDR": 5699.0 }, "geometry": { "type": "LineString", "coordinates": [ [ 24.848364, 36.05752 ], [ 24.847164, 36.05752 ] ] } },
{ "type": "Feature", "properties": { "TLID": 184644089, "FEDIRP": "N", "FENAME": "Leeno", "FETYPE": "St", "FEDIRS": null, "FRADDL": 1300.0, "TOADDL": 1398.0, "FRADDR": 1301.0, "TOADDR": 1399.0 }, "geometry": { "type": "LineString", "coordinates": [ [ 24.847164, 36.05682 ], [ 24.847164, 36.05752 ] ] } },
{ "type": "Feature", "properties": { "TLID": 184644090, "FEDIRP": "N", "FENAME": "Agisilaou", "FETYPE": "St", "FEDIRS": null, "FRADDL": 5500.0, "TOADDL": 5598.0, "FRADDR": 5501.0, "TOADDR": 5599.0 }, "geometry": { "type": "LineString", "coordinates": [ [ 24.849764, 36.05752 ], [ 24.848364, 36.05752 ] ] } },
{ "type": "Feature", "properties": { "TLID": 184644091, "FEDIRP": "N", "FENAME": "Leeno", "FETYPE": "St", "FEDIRS": null, "FRADDL": 1148.0, "TOADDL": 1298.0, "FRADDR": 1149.0, "TOADDR": 1299.0 }, "geometry": { "type": "LineString", "coordinates": [ [ 24.847064, 36.05602 ], [ 24.847164, 36.05682 ] ] } },
{ "type": "Feature", "properties": { "TLID": 184644092, "FEDIRP": "N", "FENAME": "Leeno", "FETYPE": "St", "FEDIRS": null, "FRADDL": 1034.0, "TOADDL": 1146.0, "FRADDR": 1035.0, "TOADDR": 1147.0 }, "geometry": { "type": "LineString", "coordinates": [ [ 24.847164, 36.05542 ], [ 24.847064, 36.05602 ] ] } },
{ "type": "Feature", "properties": { "TLID": 184644093, "FEDIRP": "N", "FENAME": "Agisilaou", "FETYPE": "St", "FEDIRS": null, "FRADDL": 5400.0, "TOADDL": 5498.0, "FRADDR": 5401.0, "TOADDR": 5499.0 }, "geometry": { "type": "LineString", "coordinates": [ [ 24.850964, 36.05752 ], [ 24.849764, 36.05752 ] ] } },
{ "type": "Feature", "properties": { "TLID": 184644094, "FEDIRP": "N", "FENAME": "Leeno", "FETYPE": "St", "FEDIRS": null, "FRADDL": 900.0, "TOADDL": 1032.0, "FRADDR": 901.0, "TOADDR": 1033.0 }, "geometry": { "type": "LineString", "coordinates": [ [ 24.847164, 36.05472 ], [ 24.847164, 36.05542 ] ] } },
{ "type": "Feature", "properties": { "TLID": 184644095, "FEDIRP": "N", "FENAME": "Achilleos", "FETYPE": "St", "FEDIRS": null, "FRADDL": 5100.0, "TOADDL": 5424.0, "FRADDR": 5101.0, "TOADDR": 5699.0 }, "geometry": { "type": "LineString", "coordinates": [ [ 24.855064, 36.05472 ], [ 24.847164, 36.05472 ] ] } },
{ "type": "Feature", "properties": { "TLID": 184644096, "FEDIRP": "N", "FENAME": "Yonille", "FETYPE": "St", "FEDIRS": null, "FRADDL": 900.0, "TOADDL": 1024.0, "FRADDR": 901.0, "TOADDR": 1025.0 }, "geometry": { "type": "LineString", "coordinates": [ [ 24.848264, 36.05292 ], [ 24.848264, 36.05422 ] ] } },
{ "type": "Feature", "properties": { "TLID": 184644097, "FEDIRP": "N", "FENAME": "Idris", "FETYPE": "Dr", "FEDIRS": null, "FRADDL": 5400.0, "TOADDL": 5598.0, "FRADDR": 5401.0, "TOADDR": 5599.0 }, "geometry": { "type": "LineString", "coordinates": [ [ 24.851064, 36.05422 ], [ 24.848264, 36.05422 ] ] } },
{ "type": "Feature", "properties": { "TLID": 184644098, "FEDIRP": "N", "FENAME": "Ermou", "FETYPE": "St", "FEDIRS": null, "FRADDL": 5300.0, "TOADDL": 5398.0, "FRADDR": 5501.0, "TOADDR": 5599.0 }, "geometry": { "type": "LineString", "coordinates": [ [ 24.849364, 36.05292 ], [ 24.848264, 36.05292 ] ] } },
{ "type": "Feature", "properties": { "TLID": 184644099, "FEDIRP": "N", "FENAME": "Scarkeme", "FETYPE": "St", "FEDIRS": null, "FRADDL": 900.0, "TOADDL": 1098.0, "FRADDR": 901.0, "TOADDR": 1099.0 }, "geometry": { "type": "LineString", "coordinates": [ [ 24.849364, 36.05292 ], [ 24.849364, 36.05352 ] ] } },
{ "type": "Feature", "properties": { "TLID": 184644100, "FEDIRP": "N", "FENAME": "Acera", "FETYPE": "St", "FEDIRS": null, "FRADDL": 5350.0, "TOADDL": 5498.0, "FRADDR": 5401.0, "TOADDR": 5499.0 }, "geometry": { "type": "LineString", "coordinates": [ [ 24.850964, 36.05352 ], [ 24.849364, 36.05352 ] ] } },
{ "type": "Feature", "properties": { "TLID": 184644101, "FEDIRP": "N", "FENAME": "Ermou", "FETYPE": "St", "FEDIRS": null, "FRADDL": 5200.0, "TOADDL": 5298.0, "FRADDR": 5201.0, "TOADDR": 5499.0 }, "geometry": { "type": "LineString", "coordinates": [ [ 24.854064, 36.05292 ], [ 24.849364, 36.05292 ] ] } },
{ "type": "Feature", "properties": { "TLID": 184644103, "FEDIRP": "N", "FENAME": "Bilar", "FETYPE": "St", "FEDIRS": null, "FRADDL": 5300.0, "TOADDL": 5398.0, "FRADDR": 5301.0, "TOADDR": 5399.0 }, "geometry": { "type": "LineString", "coordinates": [ [ 24.852264, 36.07612 ], [ 24.850963, 36.07612 ] ] } },
{ "type": "Feature", "properties": { "TLID": 184644105, "FEDIRP": "N", "FENAME": "Filis", "FETYPE": "St", "FEDIRS": null, "FRADDL": 3550.0, "TOADDL": 3698.0, "FRADDR": 3501.0, "TOADDR": 3699.0 }, "geometry": { "type": "LineString", "coordinates": [ [ 24.852364, 36.07472 ], [ 24.852264, 36.07612 ] ] } },
{ "type": "Feature", "properties": { "TLID": 184644106, "FEDIRP": "N", "FENAME": "Bilar", "FETYPE": "St", "FEDIRS": null, "FRADDL": 5200.0, "TOADDL": 5298.0, "FRADDR": 5201.0, "TOADDR": 5299.0 }, "geometry": { "type": "LineString", "coordinates": [ [ 24.853364, 36.07612 ], [ 24.852264, 36.07612 ] ] } },
{ "type": "Feature", "properties": { "TLID": 184644107, "FEDIRP": "N", "FENAME": "Finiatur", "FETYPE": "St", "FEDIRS": null, "FRADDL": 3300.0, "TOADDL": 3498.0, "FRADDR": 3301.0, "TOADDR": 3499.0 }, "geometry": { "type": "LineString", "coordinates": [ [ 24.850964, 36.07242 ], [ 24.850964, 36.07432 ] ] } },
{ "type": "Feature", "properties": { "TLID": 184644108, "FEDIRP": "N", "FENAME": "Barwyn", "FETYPE": "St", "FEDIRS": null, "FRADDL": 5300.0, "TOADDL": 5398.0, "FRADDR": 5301.0, "TOADDR": 5399.0 }, "geometry": { "type": "LineString", "coordinates": [ [ 24.852364, 36.07432 ], [ 24.850964, 36.07432 ] ] } },
{ "type": "Feature", "properties": { "TLID": 184644109, "FEDIRP": "N", "FENAME": "Bairn", "FETYPE": "St", "FEDIRS": null, "FRADDL": 5300.0, "TOADDL": 5412.0, "FRADDR": 5301.0, "TOADDR": 5499.0 }, "geometry": { "type": "LineString", "coordinates": [ [ 24.852464, 36.07242 ], [ 24.850964, 36.07242 ] ] } },
{ "type": "Feature", "properties": { "TLID": 184644110, "FEDIRP": "N", "FENAME": "Finiatur", "FETYPE": "St", "FEDIRS": null, "FRADDL": 3100.0, "TOADDL": 3298.0, "FRADDR": 3101.0, "TOADDR": 3299.0 }, "geometry": { "type": "LineString", "coordinates": [ [ 24.851064, 36.07062 ], [ 24.850964, 36.07242 ] ] } },
{ "type": "Feature", "properties": { "TLID": 184644111, "FEDIRP": "N", "FENAME": "Filis", "FETYPE": "St", "FEDIRS": null, "FRADDL": 3500.0, "TOADDL": 3548.0, "FRADDR": 3401.0, "TOADDR": 3499.0 }, "geometry": { "type": "LineString", "coordinates": [ [ 24.852364, 36.07432 ], [ 24.852364, 36.07472 ] ] } },
{ "type": "Feature", "properties": { "TLID": 184644112, "FEDIRP": "N", "FENAME": "Filis", "FETYPE": "St", "FEDIRS": null, "FRADDL": 3300.0, "TOADDL": 3498.0, "FRADDR": 3301.0, "TOADDR": 3399.0 }, "geometry": { "type": "LineString", "coordinates": [ [ 24.852464, 36.07242 ], [ 24.852364, 36.07432 ] ] } },
{ "type": "Feature", "properties": { "TLID": 184644113, "FEDIRP": "N", "FENAME": "Barwyn", "FETYPE": "St", "FEDIRS": null, "FRADDL": 5200.0, "TOADDL": 5298.0, "FRADDR": 5201.0, "TOADDR": 5299.0 }, "geometry": { "type": "LineString", "coordinates": [ [ 24.853364, 36.07432 ], [ 24.852364, 36.07432 ] ] } },
{ "type": "Feature", "properties": { "TLID": 184644114, "FEDIRP": "N", "FENAME": "Filis", "FETYPE": "St", "FEDIRS": null, "FRADDL": 3100.0, "TOADDL": 3298.0, "FRADDR": 3101.0, "TOADDR": 3299.0 }, "geometry": { "type": "LineString", "coordinates": [ [ 24.852564, 36.07052 ], [ 24.852464, 36.07242 ] ] } },
{ "type": "Feature", "properties": { "TLID": 184644115, "FEDIRP": "N", "FENAME": "Tolleniau", "FETYPE": "St", "FEDIRS": null, "FRADDL": 3510.0, "TOADDL": 3698.0, "FRADDR": 3551.0, "TOADDR": 3699.0 }, "geometry": { "type": "LineString", "coordinates": [ [ 24.853464, 36.07492 ], [ 24.853364, 36.07612 ] ] } },
{ "type": "Feature", "properties": { "TLID": 184644116, "FEDIRP": null, "FENAME": "Platser", "FETYPE": "St", "FEDIRS": null, "FRADDL": 5200.0, "TOADDL": 5298.0, "FRADDR": 5201.0, "TOADDR": 5299.0 }, "geometry": { "type": "LineString", "coordinates": [ [ 24.853464, 36.07492 ], [ 24.852364, 36.07472 ] ] } },
{ "type": "Feature", "properties": { "TLID": 184644117, "FEDIRP": "N", "FENAME": "Tolleniau", "FETYPE": "St", "FEDIRS": null, "FRADDL": 3500.0, "TOADDL": 3508.0, "FRADDR": 3501.0, "TOADDR": 3549.0 }, "geometry": { "type": "LineString", "coordinates": [ [ 24.853364, 36.07432 ], [ 24.853464, 36.07492 ] ] } },
{ "type": "Feature", "properties": { "TLID": 184644118, "FEDIRP": "N", "FENAME": "Parla", "FETYPE": "St", "FEDIRS": null, "FRADDL": 3600.0, "TOADDL": 3698.0, "FRADDR": 3601.0, "TOADDR": 3699.0 }, "geometry": { "type": "LineString", "coordinates": [ [ 24.854964, 36.07522 ], [ 24.855064, 36.07662 ] ] } },
{ "type": "Feature", "properties": { "TLID": 184644119, "FEDIRP": "N", "FENAME": "Bilar", "FETYPE": "St", "FEDIRS": null, "FRADDL": 5000.0, "TOADDL": 5098.0, "FRADDR": 5001.0, "TOADDR": 5099.0 }, "geometry": { "type": "LineString", "coordinates": [ [ 24.856264, 36.07672 ], [ 24.855064, 36.07662 ] ] } },
{ "type": "Feature", "properties": { "TLID": 184644120, "FEDIRP": "N", "FENAME": "Limnou", "FETYPE": "St", "FEDIRS": null, "FRADDL": 3600.0, "TOADDL": 3698.0, "FRADDR": 3601.0, "TOADDR": 3699.0 }, "geometry": { "type": "LineString", "coordinates": [ [ 24.856264, 36.07522 ], [ 24.856264, 36.07672 ] ] } },
{ "type": "Feature", "properties": { "TLID": 184644121, "FEDIRP": "N", "FENAME": "Bilar", "FETYPE": "St", "FEDIRS": null, "FRADDL": 4900.0, "TOADDL": 4998.0, "FRADDR": 4901.0, "TOADDR": 4999.0 }, "geometry": { "type": "LineString", "coordinates": [ [ 24.857564, 36.07662 ], [ 24.856264, 36.07672 ] ] } },
{ "type": "Feature", "properties": { "TLID": 184644122, "FEDIRP": "N", "FENAME": "Berlau", "FETYPE": "St", "FEDIRS": null, "FRADDL": 5000.0, "TOADDL": 5098.0, "FRADDR": 5001.0, "TOADDR": 5099.0 }, "geometry": { "type": "LineString", "coordinates": [ [ 24.856264, 36.07522 ], [ 24.854964, 36.07522 ] ] } },
{ "type": "Feature", "properties": { "TLID": 184644123, "FEDIRP": "N", "FENAME": "Parla", "FETYPE": "St", "FEDIRS": null, "FRADDL": 3500.0, "TOADDL": 3598.0, "FRADDR": 3501.0, "TOADDR": 3599.0 }, "geometry": { "type": "LineString", "coordinates": [ [ 24.855064, 36.07432 ], [ 24.854964, 36.07522 ] ] } },
{ "type": "Feature", "properties": { "TLID": 184644124, "FEDIRP": "N", "FENAME": "Limnou", "FETYPE": "St", "FEDIRS": null, "FRADDL": 3500.0, "TOADDL": 3598.0, "FRADDR": 3501.0, "TOADDR": 3599.0 }, "geometry": { "type": "LineString", "coordinates": [ [ 24.856264, 36.07432 ], [ 24.856264, 36.07522 ] ] } },
{ "type": "Feature", "properties": { "TLID": 184644125, "FEDIRP": "N", "FENAME": "Berlau", "FETYPE": "St", "FEDIRS": null, "FRADDL": 4900.0, "TOADDL": 4998.0, "FRADDR": 4901.0, "TOADDR": 4999.0 }, "geometry": { "type": "LineString", "coordinates": [ [ 24.857564, 36.07522 ], [ 24.856264, 36.07522 ] ] } },
{ "type": "Feature", "properties": { "TLID": 184644126, "FEDIRP": "N", "FENAME": "Barwyn", "FETYPE": "St", "FEDIRS": null, "FRADDL": null, "TOADDL": null, "FRADDR": 5121.0, "TOADDR": 5199.0 }, "geometry": { "type": "LineString", "coordinates": [ [ 24.853864, 36.07432 ], [ 24.853364, 36.07432 ] ] } },
{ "type": "Feature", "properties": { "TLID": 184644127, "FEDIRP": "N", "FENAME": "Tolleniau", "FETYPE": "St", "FEDIRS": null, "FRADDL": 3300.0, "TOADDL": 3498.0, "FRADDR": 3301.0, "TOADDR": 3499.0 }, "geometry": { "type": "LineString", "coordinates": [ [ 24.853764, 36.07252 ], [ 24.853864, 36.07432 ] ] } },
{ "type": "Feature", "properties": { "TLID": 184644128, "FEDIRP": "N", "FENAME": "Barwyn", "FETYPE": "St", "FEDIRS": null, "FRADDL": 5100.0, "TOADDL": 5198.0, "FRADDR": 5101.0, "TOADDR": 5119.0 }, "geometry": { "type": "LineString", "coordinates": [ [ 24.855064, 36.07432 ], [ 24.853864, 36.07432 ] ] } },
{ "type": "Feature", "properties": { "TLID": 184644129, "FEDIRP": "N", "FENAME": "Bairn", "FETYPE": "St", "FEDIRS": null, "FRADDL": 5200.0, "TOADDL": 5298.0, "FRADDR": 5201.0, "TOADDR": 5299.0 }, "geometry": { "type": "LineString", "coordinates": [ [ 24.853764, 36.07252 ], [ 24.852464, 36.07242 ] ] } },
{ "type": "Feature", "properties": { "TLID": 184644130, "FEDIRP": "N", "FENAME": "Bairn", "FETYPE": "St", "FEDIRS": null, "FRADDL": 5100.0, "TOADDL": 5198.0, "FRADDR": 5101.0, "TOADDR": 5199.0 }, "geometry": { "type": "LineString", "coordinates": [ [ 24.854964, 36.07242 ], [ 24.853764, 36.07252 ] ] } },
{ "type": "Feature", "properties": { "TLID": 184644131, "FEDIRP": "N", "FENAME": "Tolleniau", "FETYPE": "St", "FEDIRS": null, "FRADDL": 3100.0, "TOADDL": 3298.0, "FRADDR": 3101.0, "TOADDR": 3299.0 }, "geometry": { "type": "LineString", "coordinates": [ [ 24.853764, 36.07062 ], [ 24.853764, 36.07252 ] ] } },
{ "type": "Feature", "properties": { "TLID": 184644132, "FEDIRP": "N", "FENAME": "Barwyn", "FETYPE": "St", "FEDIRS": null, "FRADDL": 5000.0, "TOADDL": 5098.0, "FRADDR": 5001.0, "TOADDR": 5099.0 }, "geometry": { "type": "LineString", "coordinates": [ [ 24.856264, 36.07432 ], [ 24.855064, 36.07432 ] ] } },
{ "type": "Feature", "properties": { "TLID": 184644133, "FEDIRP": "N", "FENAME": "Parla", "FETYPE": "St", "FEDIRS": null, "FRADDL": 3300.0, "TOADDL": 3498.0, "FRADDR": 3301.0, "TOADDR": 3499.0 }, "geometry": { "type": "LineString", "coordinates": [ [ 24.854964, 36.07242 ], [ 24.855064, 36.07432 ] ] } },
{ "type": "Feature", "properties": { "TLID": 184644134, "FEDIRP": "N", "FENAME": "Limnou", "FETYPE": "St", "FEDIRS": null, "FRADDL": 3300.0, "TOADDL": 3498.0, "FRADDR": 3301.0, "TOADDR": 3499.0 }, "geometry": { "type": "LineString", "coordinates": [ [ 24.856264, 36.07252 ], [ 24.856264, 36.07432 ] ] } },
{ "type": "Feature", "properties": { "TLID": 184644135, "FEDIRP": "N", "FENAME": "Barwyn", "FETYPE": "St", "FEDIRS": null, "FRADDL": 4900.0, "TOADDL": 4998.0, "FRADDR": 4901.0, "TOADDR": 4999.0 }, "geometry": { "type": "LineString", "coordinates": [ [ 24.857564, 36.07432 ], [ 24.856264, 36.07432 ] ] } },
{ "type": "Feature", "properties": { "TLID": 184644136, "FEDIRP": "N", "FENAME": "Parla", "FETYPE": "St", "FEDIRS": null, "FRADDL": 3100.0, "TOADDL": 3298.0, "FRADDR": 3101.0, "TOADDR": 3299.0 }, "geometry": { "type": "LineString", "coordinates": [ [ 24.854964, 36.07052 ], [ 24.854964, 36.07242 ] ] } },
{ "type": "Feature", "properties": { "TLID": 184644137, "FEDIRP": "N", "FENAME": "Bairn", "FETYPE": "St", "FEDIRS": null, "FRADDL": 5000.0, "TOADDL": 5098.0, "FRADDR": 5001.0, "TOADDR": 5099.0 }, "geometry": { "type": "LineString", "coordinates": [ [ 24.856264, 36.07252 ], [ 24.854964, 36.07242 ] ] } },
{ "type": "Feature", "properties": { "TLID": 184644138, "FEDIRP": "N", "FENAME": "Limnou", "FETYPE": "St", "FEDIRS": null, "FRADDL": 3100.0, "TOADDL": 3298.0, "FRADDR": 3101.0, "TOADDR": 3299.0 }, "geometry": { "type": "LineString", "coordinates": [ [ 24.856264, 36.07052 ], [ 24.856264, 36.07252 ] ] } },
{ "type": "Feature", "properties": { "TLID": 184644139, "FEDIRP": "N", "FENAME": "Bairn", "FETYPE": "St", "FEDIRS": null, "FRADDL": 4900.0, "TOADDL": 4998.0, "FRADDR": 4901.0, "TOADDR": 4999.0 }, "geometry": { "type": "LineString", "coordinates": [ [ 24.857564, 36.07242 ], [ 24.856264, 36.07252 ] ] } },
{ "type": "Feature", "properties": { "TLID": 184644140, "FEDIRP": "N", "FENAME": "Finiatur", "FETYPE": "St", "FEDIRS": null, "FRADDL": 3000.0, "TOADDL": 3098.0, "FRADDR": 3001.0, "TOADDR": 3099.0 }, "geometry": { "type": "LineString", "coordinates": [ [ 24.850864, 36.06882 ], [ 24.851064, 36.07062 ] ] } },
{ "type": "Feature", "properties": { "TLID": 184644141, "FEDIRP": "N", "FENAME": "Averof", "FETYPE": "St", "FEDIRS": null, "FRADDL": 5300.0, "TOADDL": 5398.0, "FRADDR": 5301.0, "TOADDR": 5399.0 }, "geometry": { "type": "LineString", "coordinates": [ [ 24.852564, 36.07052 ], [ 24.851064, 36.07062 ] ] } },
{ "type": "Feature", "properties": { "TLID": 184644142, "FEDIRP": "N", "FENAME": "Aveny", "FETYPE": "St", "FEDIRS": null, "FRADDL": 5400.0, "TOADDL": 5498.0, "FRADDR": 5401.0, "TOADDR": 5499.0 }, "geometry": { "type": "LineString", "coordinates": [ [ 24.850864, 36.06882 ], [ 24.849664, 36.06862 ] ] } },
{ "type": "Feature", "properties": { "TLID": 184644143, "FEDIRP": "N", "FENAME": "Finiatur", "FETYPE": "St", "FEDIRS": null, "FRADDL": 2600.0, "TOADDL": 2998.0, "FRADDR": 2601.0, "TOADDR": 2999.0 }, "geometry": { "type": "LineString", "coordinates": [ [ 24.850964, 36.06572 ], [ 24.850864, 36.06882 ] ] } },
{ "type": "Feature", "properties": { "TLID": 184644144, "FEDIRP": "N", "FENAME": "Filis", "FETYPE": "St", "FEDIRS": null, "FRADDL": 3000.0, "TOADDL": 3098.0, "FRADDR": 3001.0, "TOADDR": 3099.0 }, "geometry": { "type": "LineString", "coordinates": [ [ 24.852064, 36.06902 ], [ 24.851864, 36.06952 ], [ 24.852564, 36.07052 ] ] } },
{ "type": "Feature", "properties": { "TLID": 184644145, "FEDIRP": "N", "FENAME": "Aveny", "FETYPE": "St", "FEDIRS": null, "FRADDL": 5300.0, "TOADDL": 5398.0, "FRADDR": 5301.0, "TOADDR": 5399.0 }, "geometry": { "type": "LineString", "coordinates": [ [ 24.852064, 36.06902 ], [ 24.850864, 36.06882 ] ] } },
{ "type": "Feature", "properties": { "TLID": 184644146, "FEDIRP": "N", "FENAME": "Filis", "FETYPE": "St", "FEDIRS": null, "FRADDL": 2900.0, "TOADDL": 2998.0, "FRADDR": 2901.0, "TOADDR": 2999.0 }, "geometry": { "type": "LineString", "coordinates": [ [ 24.852364, 36.06832 ], [ 24.852064, 36.06902 ] ] } },
{ "type": "Feature", "properties": { "TLID": 184644147, "FEDIRP": "N", "FENAME": "Filis", "FETYPE": "St", "FEDIRS": null, "FRADDL": 2800.0, "TOADDL": 2898.0, "FRADDR": 2801.0, "TOADDR": 2899.0 }, "geometry": { "type": "LineString", "coordinates": [ [ 24.852364, 36.06752 ], [ 24.852364, 36.06832 ] ] } },
{ "type": "Feature", "properties": { "TLID": 184644148, "FEDIRP": "N", "FENAME": "Filis", "FETYPE": "St", "FEDIRS": null, "FRADDL": 2700.0, "TOADDL": 2798.0, "FRADDR": 2701.0, "TOADDR": 2799.0 }, "geometry": { "type": "LineString", "coordinates": [ [ 24.852464, 36.06662 ], [ 24.852364, 36.06752 ] ] } },
{ "type": "Feature", "properties": { "TLID": 184644149, "FEDIRP": "N", "FENAME": "Arkadiou", "FETYPE": "St", "FEDIRS": null, "FRADDL": 5232.0, "TOADDL": 5362.0, "FRADDR": 5301.0, "TOADDR": 5399.0 }, "geometry": { "type": "LineString", "coordinates": [ [ 24.852364, 36.06582 ], [ 24.850964, 36.06572 ] ] } },
{ "type": "Feature", "properties": { "TLID": 184644150, "FEDIRP": "N", "FENAME": "Arkadiou", "FETYPE": "St", "FEDIRS": null, "FRADDL": 5100.0, "TOADDL": 5230.0, "FRADDR": 5101.0, "TOADDR": 5299.0 }, "geometry": { "type": "LineString", "coordinates": [ [ 24.854964, 36.06562 ], [ 24.852364, 36.06582 ] ] } },
{ "type": "Feature", "properties": { "TLID": 184644151, "FEDIRP": "N", "FENAME": "Filis", "FETYPE": "St", "FEDIRS": null, "FRADDL": 2600.0, "TOADDL": 2698.0, "FRADDR": 2601.0, "TOADDR": 2699.0 }, "geometry": { "type": "LineString", "coordinates": [ [ 24.852364, 36.06582 ], [ 24.852464, 36.06662 ] ] } },
{ "type": "Feature", "properties": { "TLID": 184644152, "FEDIRP": "N", "FENAME": "Arkadou", "FETYPE": "St", "FEDIRS": null, "FRADDL": 5100.0, "TOADDL": 5298.0, "FRADDR": 5101.0, "TOADDR": 5299.0 }, "geometry": { "type": "LineString", "coordinates": [ [ 24.854964, 36.06652 ], [ 24.852464, 36.06662 ] ] } },
{ "type": "Feature", "properties": { "TLID": 184644153, "FEDIRP": "N", "FENAME": "Averof", "FETYPE": "St", "FEDIRS": null, "FRADDL": 5200.0, "TOADDL": 5298.0, "FRADDR": 5201.0, "TOADDR": 5299.0 }, "geometry": { "type": "LineString", "coordinates": [ [ 24.853764, 36.07062 ], [ 24.852564, 36.07052 ] ] } },
{ "type": "Feature", "properties": { "TLID": 184644154, "FEDIRP": "N", "FENAME": "Averof", "FETYPE": "St", "FEDIRS": null, "FRADDL": 5100.0, "TOADDL": 5198.0, "FRADDR": 5101.0, "TOADDR": 5199.0 }, "geometry": { "type": "LineString", "coordinates": [ [ 24.854964, 36.07052 ], [ 24.853764, 36.07062 ] ] } },
{ "type": "Feature", "properties": { "TLID": 184644155, "FEDIRP": "N", "FENAME": "Asiant", "FETYPE": "St", "FEDIRS": null, "FRADDL": 5114.0, "TOADDL": 5298.0, "FRADDR": 5115.0, "TOADDR": 5299.0 }, "geometry": { "type": "LineString", "coordinates": [ [ 24.854164, 36.06862 ], [ 24.852364, 36.06832 ] ] } },
{ "type": "Feature", "properties": { "TLID": 184644156, "FEDIRP": "N", "FENAME": "Asiant", "FETYPE": "St", "FEDIRS": null, "FRADDL": 5100.0, "TOADDL": 5112.0, "FRADDR": 5101.0, "TOADDR": 5113.0 }, "geometry": { "type": "LineString", "coordinates": [ [ 24.855064, 36.06862 ], [ 24.854164, 36.06862 ] ] } },
{ "type": "Feature", "properties": { "TLID": 184644157, "FEDIRP": "N", "FENAME": "Mpinari", "FETYPE": "St", "FEDIRS": null, "FRADDL": 5100.0, "TOADDL": 5198.0, "FRADDR": 5101.0, "TOADDR": 5199.0 }, "geometry": { "type": "LineString", "coordinates": [ [ 24.854164, 36.06862 ], [ 24.854164, 36.06792 ], [ 24.853964, 36.06762 ], [ 24.852364, 36.06752 ] ] } },
{ "type": "Feature", "properties": { "TLID": 184644158, "FEDIRP": "N", "FENAME": "Averof", "FETYPE": "St", "FEDIRS": null, "FRADDL": 5000.0, "TOADDL": 5098.0, "FRADDR": 5001.0, "TOADDR": 5099.0 }, "geometry": { "type": "LineString", "coordinates": [ [ 24.856264, 36.07052 ], [ 24.854964, 36.07052 ] ] } },
{ "type": "Feature", "properties": { "TLID": 184644159, "FEDIRP": "N", "FENAME": "Parla", "FETYPE": "St", "FEDIRS": null, "FRADDL": 3000.0, "TOADDL": 3098.0, "FRADDR": 3001.0, "TOADDR": 3099.0 }, "geometry": { "type": "LineString", "coordinates": [ [ 24.854864, 36.06962 ], [ 24.854964, 36.07052 ] ] } },
{ "type": "Feature", "properties": { "TLID": 184644160, "FEDIRP": "N", "FENAME": "Limnou", "FETYPE": "St", "FEDIRS": null, "FRADDL": 3000.0, "TOADDL": 3098.0, "FRADDR": 3001.0, "TOADDR": 3099.0 }, "geometry": { "type": "LineString", "coordinates": [ [ 24.856364, 36.06962 ], [ 24.856264, 36.07052 ] ] } },
{ "type": "Feature", "properties": { "TLID": 184644161, "FEDIRP": "N", "FENAME": "Aveny", "FETYPE": "St", "FEDIRS": null, "FRADDL": 5100.0, "TOADDL": 5298.0, "FRADDR": 5101.0, "TOADDR": 5299.0 }, "geometry": { "type": "LineString", "coordinates": [ [ 24.854864, 36.06962 ], [ 24.852064, 36.06902 ] ] } },
{ "type": "Feature", "properties": { "TLID": 184644162, "FEDIRP": "N", "FENAME": "Parla", "FETYPE": "St", "FEDIRS": null, "FRADDL": 2900.0, "TOADDL": 2998.0, "FRADDR": 2901.0, "TOADDR": 2999.0 }, "geometry": { "type": "LineString", "coordinates": [ [ 24.855064, 36.06862 ], [ 24.854864, 36.06962 ] ] } },
{ "type": "Feature", "properties": { "TLID": 184644163, "FEDIRP": "N", "FENAME": "Aveny", "FETYPE": "St", "FEDIRS": null, "FRADDL": 5000.0, "TOADDL": 5098.0, "FRADDR": 5001.0, "TOADDR": 5099.0 }, "geometry": { "type": "LineString", "coordinates": [ [ 24.856364, 36.06962 ], [ 24.854864, 36.06962 ] ] } },
{ "type": "Feature", "properties": { "TLID": 184644164, "FEDIRP": "N", "FENAME": "Asiant", "FETYPE": "St", "FEDIRS": null, "FRADDL": 5000.0, "TOADDL": 5098.0, "FRADDR": 5001.0, "TOADDR": 5099.0 }, "geometry": { "type": "LineString", "coordinates": [ [ 24.856364, 36.06862 ], [ 24.855064, 36.06862 ] ] } },
{ "type": "Feature", "properties": { "TLID": 184644165, "FEDIRP": "N", "FENAME": "Parla", "FETYPE": "St", "FEDIRS": null, "FRADDL": 2712.0, "TOADDL": 2898.0, "FRADDR": 2801.0, "TOADDR": 2899.0 }, "geometry": { "type": "LineString", "coordinates": [ [ 24.855064, 36.06772 ], [ 24.855064, 36.06862 ] ] } },
{ "type": "Feature", "properties": { "TLID": 184644166, "FEDIRP": "N", "FENAME": "Limnou", "FETYPE": "St", "FEDIRS": null, "FRADDL": 2900.0, "TOADDL": 2998.0, "FRADDR": 2901.0, "TOADDR": 2999.0 }, "geometry": { "type": "LineString", "coordinates": [ [ 24.856364, 36.06862 ], [ 24.856364, 36.06962 ] ] } },
{ "type": "Feature", "properties": { "TLID": 184644167, "FEDIRP": "N", "FENAME": "Aveny", "FETYPE": "St", "FEDIRS": null, "FRADDL": 4900.0, "TOADDL": 4998.0, "FRADDR": 4901.0, "TOADDR": 4999.0 }, "geometry": { "type": "LineString", "coordinates": [ [ 24.857864, 36.06952 ], [ 24.856364, 36.06962 ] ] } },
{ "type": "Feature", "properties": { "TLID": 184644168, "FEDIRP": "N", "FENAME": "Limnou", "FETYPE": "St", "FEDIRS": null, "FRADDL": 2800.0, "TOADDL": 2898.0, "FRADDR": 2801.0, "TOADDR": 2899.0 }, "geometry": { "type": "LineString", "coordinates": [ [ 24.856364, 36.06772 ], [ 24.856364, 36.06862 ] ] } },
{ "type": "Feature", "properties": { "TLID": 184644169, "FEDIRP": "N", "FENAME": "Asiant", "FETYPE": "St", "FEDIRS": null, "FRADDL": 4900.0, "TOADDL": 4998.0, "FRADDR": 4901.0, "TOADDR": 4999.0 }, "geometry": { "type": "LineString", "coordinates": [ [ 24.857864, 36.06862 ], [ 24.856364, 36.06862 ] ] } },
{ "type": "Feature", "properties": { "TLID": 184644170, "FEDIRP": "N", "FENAME": "Artakis", "FETYPE": "St", "FEDIRS": null, "FRADDL": 5000.0, "TOADDL": 5098.0, "FRADDR": 5001.0, "TOADDR": 5099.0 }, "geometry": { "type": "LineString", "coordinates": [ [ 24.856364, 36.06772 ], [ 24.855064, 36.06772 ] ] } },
{ "type": "Feature", "properties": { "TLID": 184644171, "FEDIRP": "N", "FENAME": "Parla", "FETYPE": "St", "FEDIRS": null, "FRADDL": 2700.0, "TOADDL": 2710.0, "FRADDR": 2701.0, "TOADDR": 2799.0 }, "geometry": { "type": "LineString", "coordinates": [ [ 24.854964, 36.06652 ], [ 24.855064, 36.06772 ] ] } },
{ "type": "Feature", "properties": { "TLID": 184644172, "FEDIRP": "N", "FENAME": "Limnou", "FETYPE": "St", "FEDIRS": null, "FRADDL": 2700.0, "TOADDL": 2798.0, "FRADDR": 2701.0, "TOADDR": 2799.0 }, "geometry": { "type": "LineString", "coordinates": [ [ 24.856364, 36.06652 ], [ 24.856364, 36.06772 ] ] } },
{ "type": "Feature", "properties": { "TLID": 184644173, "FEDIRP": "N", "FENAME": "Artakis", "FETYPE": "St", "FEDIRS": null, "FRADDL": 4900.0, "TOADDL": 4998.0, "FRADDR": 4901.0, "TOADDR": 4999.0 }, "geometry": { "type": "LineString", "coordinates": [ [ 24.857964, 36.06772 ], [ 24.856364, 36.06772 ] ] } },
{ "type": "Feature", "properties": { "TLID": 184644174, "FEDIRP": "N", "FENAME": "Parla", "FETYPE": "St", "FEDIRS": null, "FRADDL": 2600.0, "TOADDL": 2698.0, "FRADDR": 2601.0, "TOADDR": 2699.0 }, "geometry": { "type": "LineString", "coordinates": [ [ 24.854964, 36.06562 ], [ 24.854964, 36.06652 ] ] } },
{ "type": "Feature", "properties": { "TLID": 184644175, "FEDIRP": "N", "FENAME": "Arkadou", "FETYPE": "St", "FEDIRS": null, "FRADDL": 5000.0, "TOADDL": 5098.0, "FRADDR": 5001.0, "TOADDR": 5099.0 }, "geometry": { "type": "LineString", "coordinates": [ [ 24.856364, 36.06652 ], [ 24.854964, 36.06652 ] ] } },
{ "type": "Feature", "properties": { "TLID": 184644176, "FEDIRP": "N", "FENAME": "Parla", "FETYPE": "St", "FEDIRS": null, "FRADDL": 2472.0, "TOADDL": 2598.0, "FRADDR": 2501.0, "TOADDR": 2599.0 }, "geometry": { "type": "LineString", "coordinates": [ [ 24.855064, 36.06472 ], [ 24.854964, 36.06562 ] ] } },
{ "type": "Feature", "properties": { "TLID": 184644177, "FEDIRP": "N", "FENAME": "Limnou", "FETYPE": "St", "FEDIRS": null, "FRADDL": 2600.0, "TOADDL": 2698.0, "FRADDR": 2601.0, "TOADDR": 2699.0 }, "geometry": { "type": "LineString", "coordinates": [ [ 24.856364, 36.06572 ], [ 24.856364, 36.06652 ] ] } },
{ "type": "Feature", "properties": { "TLID": 184644178, "FEDIRP": "N", "FENAME": "Arkadou", "FETYPE": "St", "FEDIRS": null, "FRADDL": 4900.0, "TOADDL": 4998.0, "FRADDR": 4901.0, "TOADDR": 4999.0 }, "geometry": { "type": "LineString", "coordinates": [ [ 24.857964, 36.06652 ], [ 24.856364, 36.06652 ] ] } },
{ "type": "Feature", "properties": { "TLID": 184644179, "FEDIRP": "N", "FENAME": "Arkadiou", "FETYPE": "St", "FEDIRS": null, "FRADDL": 5000.0, "TOADDL": 5098.0, "FRADDR": 5001.0, "TOADDR": 5099.0 }, "geometry": { "type": "LineString", "coordinates": [ [ 24.856364, 36.06572 ], [ 24.854964, 36.06562 ] ] } },
{ "type": "Feature", "properties": { "TLID": 184644180, "FEDIRP": "N", "FENAME": "Arkadiou", "FETYPE": "St", "FEDIRS": null, "FRADDL": 4900.0, "TOADDL": 4998.0, "FRADDR": 4901.0, "TOADDR": 4999.0 }, "geometry": { "type": "LineString", "coordinates": [ [ 24.857864, 36.06562 ], [ 24.856364, 36.06572 ] ] } },
{ "type": "Feature", "properties": { "TLID": 184644181, "FEDIRP": "N", "FENAME": "Limnou", "FETYPE": "St", "FEDIRS": null, "FRADDL": 2500.0, "TOADDL": 2598.0, "FRADDR": 2501.0, "TOADDR": 2599.0 }, "geometry": { "type": "LineString", "coordinates": [ [ 24.856364, 36.06482 ], [ 24.856364, 36.06572 ] ] } },
{ "type": "Feature", "properties": { "TLID": 184644182, "FEDIRP": "N", "FENAME": "Ithakis", "FETYPE": "St", "FEDIRS": null, "FRADDL": 3600.0, "TOADDL": 3698.0, "FRADDR": 3601.0, "TOADDR": 3699.0 }, "geometry": { "type": "LineString", "coordinates": [ [ 24.857564, 36.07522 ], [ 24.857564, 36.07662 ] ] } },
{ "type": "Feature", "properties": { "TLID": 184644183, "FEDIRP": "N", "FENAME": "Bilar", "FETYPE": "St", "FEDIRS": null, "FRADDL": 4800.0, "TOADDL": 4898.0, "FRADDR": 4801.0, "TOADDR": 4899.0 }, "geometry": { "type": "LineString", "coordinates": [ [ 24.859064, 36.07662 ], [ 24.857564, 36.07662 ] ] } },
{ "type": "Feature", "properties": { "TLID": 184644184, "FEDIRP": "N", "FENAME": "Berlau", "FETYPE": "St", "FEDIRS": null, "FRADDL": 4800.0, "TOADDL": 4898.0, "FRADDR": 4801.0, "TOADDR": 4899.0 }, "geometry": { "type": "LineString", "coordinates": [ [ 24.859064, 36.07522 ], [ 24.857564, 36.07522 ] ] } },
{ "type": "Feature", "properties": { "TLID": 184644185, "FEDIRP": "N", "FENAME": "Ithakis", "FETYPE": "St", "FEDIRS": null, "FRADDL": 3500.0, "TOADDL": 3598.0, "FRADDR": 3501.0, "TOADDR": 3599.0 }, "geometry": { "type": "LineString", "coordinates": [ [ 24.857564, 36.07432 ], [ 24.857564, 36.07522 ] ] } },
{ "type": "Feature", "properties": { "TLID": 184644186, "FEDIRP": "N", "FENAME": "Omirou", "FETYPE": "St", "FEDIRS": null, "FRADDL": 3600.0, "TOADDL": 3698.0, "FRADDR": 3601.0, "TOADDR": 3699.0 }, "geometry": { "type": "LineString", "coordinates": [ [ 24.859064, 36.07522 ], [ 24.859064, 36.07662 ] ] } },
{ "type": "Feature", "properties": { "TLID": 184644187, "FEDIRP": "N", "FENAME": "Bilar", "FETYPE": "St", "FEDIRS": null, "FRADDL": 4700.0, "TOADDL": 4798.0, "FRADDR": 4701.0, "TOADDR": 4799.0 }, "geometry": { "type": "LineString", "coordinates": [ [ 24.860364, 36.07662 ], [ 24.859064, 36.07662 ] ] } },
{ "type": "Feature", "properties": { "TLID": 184644188, "FEDIRP": "N", "FENAME": "Omirou", "FETYPE": "St", "FEDIRS": null, "FRADDL": 3500.0, "TOADDL": 3598.0, "FRADDR": 3501.0, "TOADDR": 3599.0 }, "geometry": { "type": "LineString", "coordinates": [ [ 24.859064, 36.07432 ], [ 24.859064, 36.07522 ] ] } },
{ "type": "Feature", "properties": { "TLID": 184644189, "FEDIRP": "N", "FENAME": "Berlau", "FETYPE": "St", "FEDIRS": null, "FRADDL": 4700.0, "TOADDL": 4798.0, "FRADDR": 4701.0, "TOADDR": 4799.0 }, "geometry": { "type": "LineString", "coordinates": [ [ 24.860364, 36.07522 ], [ 24.859064, 36.07522 ] ] } },
{ "type": "Feature", "properties": { "TLID": 184644190, "FEDIRP": "N", "FENAME": "Ithakis", "FETYPE": "St", "FEDIRS": null, "FRADDL": 3300.0, "TOADDL": 3498.0, "FRADDR": 3301.0, "TOADDR": 3499.0 }, "geometry": { "type": "LineString", "coordinates": [ [ 24.857564, 36.07242 ], [ 24.857564, 36.07432 ] ] } },
{ "type": "Feature", "properties": { "TLID": 184644191, "FEDIRP": "N", "FENAME": "Barwyn", "FETYPE": "St", "FEDIRS": null, "FRADDL": 4800.0, "TOADDL": 4898.0, "FRADDR": 4801.0, "TOADDR": 4899.0 }, "geometry": { "type": "LineString", "coordinates": [ [ 24.859064, 36.07432 ], [ 24.857564, 36.07432 ] ] } },
{ "type": "Feature", "properties": { "TLID": 184644192, "FEDIRP": "N", "FENAME": "Bairn", "FETYPE": "St", "FEDIRS": null, "FRADDL": 4800.0, "TOADDL": 4898.0, "FRADDR": 4801.0, "TOADDR": 4899.0 }, "geometry": { "type": "LineString", "coordinates": [ [ 24.858964, 36.07242 ], [ 24.857564, 36.07242 ] ] } },
{ "type": "Feature", "properties": { "TLID": 184644193, "FEDIRP": "N", "FENAME": "Ithakis", "FETYPE": "St", "FEDIRS": null, "FRADDL": 3100.0, "TOADDL": 3298.0, "FRADDR": 3101.0, "TOADDR": 3299.0 }, "geometry": { "type": "LineString", "coordinates": [ [ 24.857564, 36.07062 ], [ 24.857564, 36.07242 ] ] } },
{ "type": "Feature", "properties": { "TLID": 184644194, "FEDIRP": "N", "FENAME": "Omirou", "FETYPE": "St", "FEDIRS": null, "FRADDL": 3300.0, "TOADDL": 3498.0, "FRADDR": 3301.0, "TOADDR": 3499.0 }, "geometry": { "type": "LineString", "coordinates": [ [ 24.858964, 36.07242 ], [ 24.859064, 36.07432 ] ] } },
{ "type": "Feature", "properties": { "TLID": 184644195, "FEDIRP": "N", "FENAME": "Barwyn", "FETYPE": "St", "FEDIRS": null, "FRADDL": 4700.0, "TOADDL": 4798.0, "FRADDR": 4701.0, "TOADDR": 4799.0 }, "geometry": { "type": "LineString", "coordinates": [ [ 24.860364, 36.07432 ], [ 24.859064, 36.07432 ] ] } },
{ "type": "Feature", "properties": { "TLID": 184644196, "FEDIRP": "N", "FENAME": "Bairn", "FETYPE": "St", "FEDIRS": null, "FRADDL": 4700.0, "TOADDL": 4798.0, "FRADDR": 4701.0, "TOADDR": 4799.0 }, "geometry": { "type": "LineString", "coordinates": [ [ 24.860364, 36.07242 ], [ 24.858964, 36.07242 ] ] } },
{ "type": "Feature", "properties": { "TLID": 184644197, "FEDIRP": "N", "FENAME": "Omirou", "FETYPE": "St", "FEDIRS": null, "FRADDL": 3100.0, "TOADDL": 3298.0, "FRADDR": 3101.0, "TOADDR": 3299.0 }, "geometry": { "type": "LineString", "coordinates": [ [ 24.859064, 36.07052 ], [ 24.858964, 36.07242 ] ] } },
{ "type": "Feature", "properties": { "TLID": 184644198, "FEDIRP": "N", "FENAME": "Ketallinias", "FETYPE": "St", "FEDIRS": null, "FRADDL": 3600.0, "TOADDL": 3698.0, "FRADDR": 3601.0, "TOADDR": 3699.0 }, "geometry": { "type": "LineString", "coordinates": [ [ 24.860364, 36.07522 ], [ 24.860364, 36.07662 ] ] } },
{ "type": "Feature", "properties": { "TLID": 184644199, "FEDIRP": "N", "FENAME": "Bilar", "FETYPE": "St", "FEDIRS": null, "FRADDL": 4600.0, "TOADDL": 4698.0, "FRADDR": 4601.0, "TOADDR": 4699.0 }, "geometry": { "type": "LineString", "coordinates": [ [ 24.861664, 36.07662 ], [ 24.860364, 36.07662 ] ] } },
{ "type": "Feature", "properties": { "TLID": 184644200, "FEDIRP": "N", "FENAME": "Berlau", "FETYPE": "St", "FEDIRS": null, "FRADDL": 4600.0, "TOADDL": 4698.0, "FRADDR": 4601.0, "TOADDR": 4699.0 }, "geometry": { "type": "LineString", "coordinates": [ [ 24.861664, 36.07522 ], [ 24.860364, 36.07522 ] ] } },
{ "type": "Feature", "properties": { "TLID": 184644201, "FEDIRP": "N", "FENAME": "Ketallinias", "FETYPE": "St", "FEDIRS": null, "FRADDL": 3500.0, "TOADDL": 3598.0, "FRADDR": 3501.0, "TOADDR": 3599.0 }, "geometry": { "type": "LineString", "coordinates": [ [ 24.860364, 36.07432 ], [ 24.860364, 36.07522 ] ] } },
{ "type": "Feature", "properties": { "TLID": 184644202, "FEDIRP": "N", "FENAME": "Hacia", "FETYPE": "St", "FEDIRS": null, "FRADDL": 3600.0, "TOADDL": 3698.0, "FRADDR": 3601.0, "TOADDR": 3699.0 }, "geometry": { "type": "LineString", "coordinates": [ [ 24.861664, 36.07522 ], [ 24.861664, 36.07662 ] ] } },
{ "type": "Feature", "properties": { "TLID": 184644203, "FEDIRP": "N", "FENAME": "Bilar", "FETYPE": "St", "FEDIRS": null, "FRADDL": 4500.0, "TOADDL": 4598.0, "FRADDR": 4501.0, "TOADDR": 4599.0 }, "geometry": { "type": "LineString", "coordinates": [ [ 24.862864, 36.07662 ], [ 24.861664, 36.07662 ] ] } },
{ "type": "Feature", "properties": { "TLID": 184644204, "FEDIRP": "N", "FENAME": "Hacia", "FETYPE": "St", "FEDIRS": null, "FRADDL": 3500.0, "TOADDL": 3598.0, "FRADDR": 3501.0, "TOADDR": 3599.0 }, "geometry": { "type": "LineString", "coordinates": [ [ 24.861664, 36.07432 ], [ 24.861664, 36.07522 ] ] } },
{ "type": "Feature", "properties": { "TLID": 184644205, "FEDIRP": "N", "FENAME": "Berlau", "FETYPE": "St", "FEDIRS": null, "FRADDL": 4500.0, "TOADDL": 4598.0, "FRADDR": 4501.0, "TOADDR": 4599.0 }, "geometry": { "type": "LineString", "coordinates": [ [ 24.862864, 36.07522 ], [ 24.861664, 36.07522 ] ] } },
{ "type": "Feature", "properties": { "TLID": 184644206, "FEDIRP": "N", "FENAME": "Ketallinias", "FETYPE": "St", "FEDIRS": null, "FRADDL": 3300.0, "TOADDL": 3498.0, "FRADDR": 3301.0, "TOADDR": 3499.0 }, "geometry": { "type": "LineString", "coordinates": [ [ 24.860364, 36.07242 ], [ 24.860364, 36.07432 ] ] } },
{ "type": "Feature", "properties": { "TLID": 184644207, "FEDIRP": "N", "FENAME": "Barwyn", "FETYPE": "St", "FEDIRS": null, "FRADDL": 4600.0, "TOADDL": 4698.0, "FRADDR": 4601.0, "TOADDR": 4699.0 }, "geometry": { "type": "LineString", "coordinates": [ [ 24.861664, 36.07432 ], [ 24.860364, 36.07432 ] ] } },
{ "type": "Feature", "properties": { "TLID": 184644208, "FEDIRP": "N", "FENAME": "Bairn", "FETYPE": "St", "FEDIRS": null, "FRADDL": 4600.0, "TOADDL": 4698.0, "FRADDR": 4601.0, "TOADDR": 4699.0 }, "geometry": { "type": "LineString", "coordinates": [ [ 24.861664, 36.07242 ], [ 24.860364, 36.07242 ] ] } },
{ "type": "Feature", "properties": { "TLID": 184644209, "FEDIRP": "N", "FENAME": "Ketallinias", "FETYPE": "St", "FEDIRS": null, "FRADDL": 3100.0, "TOADDL": 3298.0, "FRADDR": 3101.0, "TOADDR": 3299.0 }, "geometry": { "type": "LineString", "coordinates": [ [ 24.860264, 36.07052 ], [ 24.860364, 36.07242 ] ] } },
{ "type": "Feature", "properties": { "TLID": 184644210, "FEDIRP": "N", "FENAME": "Hacia", "FETYPE": "St", "FEDIRS": null, "FRADDL": 3400.0, "TOADDL": 3498.0, "FRADDR": 3401.0, "TOADDR": 3499.0 }, "geometry": { "type": "LineString", "coordinates": [ [ 24.861664, 36.07332 ], [ 24.861664, 36.07432 ] ] } },
{ "type": "Feature", "properties": { "TLID": 184644211, "FEDIRP": "N", "FENAME": "Barwyn", "FETYPE": "St", "FEDIRS": null, "FRADDL": 4500.0, "TOADDL": 4598.0, "FRADDR": 4501.0, "TOADDR": 4599.0 }, "geometry": { "type": "LineString", "coordinates": [ [ 24.862964, 36.07432 ], [ 24.861664, 36.07432 ] ] } },
{ "type": "Feature", "properties": { "TLID": 184644212, "FEDIRP": "N", "FENAME": "Hacia", "FETYPE": "St", "FEDIRS": null, "FRADDL": 3300.0, "TOADDL": 3398.0, "FRADDR": 3301.0, "TOADDR": 3399.0 }, "geometry": { "type": "LineString", "coordinates": [ [ 24.861664, 36.07242 ], [ 24.861664, 36.07332 ] ] } },
{ "type": "Feature", "properties": { "TLID": 184644213, "FEDIRP": "N", "FENAME": "Barabla", "FETYPE": "St", "FEDIRS": null, "FRADDL": 4500.0, "TOADDL": 4598.0, "FRADDR": 4501.0, "TOADDR": 4599.0 }, "geometry": { "type": "LineString", "coordinates": [ [ 24.862864, 36.07332 ], [ 24.861664, 36.07332 ] ] } },
{ "type": "Feature", "properties": { "TLID": 184644214, "FEDIRP": "N", "FENAME": "Hacia", "FETYPE": "St", "FEDIRS": null, "FRADDL": 3100.0, "TOADDL": 3298.0, "FRADDR": 3101.0, "TOADDR": 3299.0 }, "geometry": { "type": "LineString", "coordinates": [ [ 24.861664, 36.07062 ], [ 24.861664, 36.07242 ] ] } },
{ "type": "Feature", "properties": { "TLID": 184644215, "FEDIRP": "N", "FENAME": "Bairn", "FETYPE": "St", "FEDIRS": null, "FRADDL": 4500.0, "TOADDL": 4598.0, "FRADDR": 4501.0, "TOADDR": 4599.0 }, "geometry": { "type": "LineString", "coordinates": [ [ 24.862964, 36.07242 ], [ 24.861664, 36.07242 ] ] } },
{ "type": "Feature", "properties": { "TLID": 184644216, "FEDIRP": "N", "FENAME": "Averof", "FETYPE": "St", "FEDIRS": null, "FRADDL": 4910.0, "TOADDL": 4998.0, "FRADDR": 4901.0, "TOADDR": 4999.0 }, "geometry": { "type": "LineString", "coordinates": [ [ 24.857564, 36.07062 ], [ 24.856264, 36.07052 ] ] } },
{ "type": "Feature", "properties": { "TLID": 184644217, "FEDIRP": "N", "FENAME": "Averof", "FETYPE": "St", "FEDIRS": null, "FRADDL": 4900.0, "TOADDL": 4908.0, "FRADDR": 4875.0, "TOADDR": 4899.0 }, "geometry": { "type": "LineString", "coordinates": [ [ 24.857964, 36.07062 ], [ 24.857564, 36.07062 ] ] } },
{ "type": "Feature", "properties": { "TLID": 184644218, "FEDIRP": "N", "FENAME": "Ithakis", "FETYPE": "St", "FEDIRS": null, "FRADDL": 3000.0, "TOADDL": 3098.0, "FRADDR": 3001.0, "TOADDR": 3099.0 }, "geometry": { "type": "LineString", "coordinates": [ [ 24.857864, 36.06952 ], [ 24.857964, 36.07062 ] ] } },
{ "type": "Feature", "properties": { "TLID": 184644219, "FEDIRP": "N", "FENAME": "Averof", "FETYPE": "St", "FEDIRS": null, "FRADDL": 4810.0, "TOADDL": 4898.0, "FRADDR": 4801.0, "TOADDR": 4873.0 }, "geometry": { "type": "LineString", "coordinates": [ [ 24.859064, 36.07052 ], [ 24.857964, 36.07062 ] ] } },
{ "type": "Feature", "properties": { "TLID": 184644220, "FEDIRP": "N", "FENAME": "Ithakis", "FETYPE": "St", "FEDIRS": null, "FRADDL": 2900.0, "TOADDL": 2998.0, "FRADDR": 2901.0, "TOADDR": 2999.0 }, "geometry": { "type": "LineString", "coordinates": [ [ 24.857864, 36.06862 ], [ 24.857864, 36.06952 ] ] } },
{ "type": "Feature", "properties": { "TLID": 184644221, "FEDIRP": "N", "FENAME": "Aveny", "FETYPE": "St", "FEDIRS": null, "FRADDL": 4800.0, "TOADDL": 4898.0, "FRADDR": 4801.0, "TOADDR": 4899.0 }, "geometry": { "type": "LineString", "coordinates": [ [ 24.859564, 36.06952 ], [ 24.857864, 36.06952 ] ] } },
{ "type": "Feature", "properties": { "TLID": 184644222, "FEDIRP": "N", "FENAME": "Asiant", "FETYPE": "St", "FEDIRS": null, "FRADDL": 4800.0, "TOADDL": 4898.0, "FRADDR": 4801.0, "TOADDR": 4899.0 }, "geometry": { "type": "LineString", "coordinates": [ [ 24.859564, 36.06862 ], [ 24.857864, 36.06862 ] ] } },
{ "type": "Feature", "properties": { "TLID": 184644223, "FEDIRP": "N", "FENAME": "Ithakis", "FETYPE": "St", "FEDIRS": null, "FRADDL": 2800.0, "TOADDL": 2898.0, "FRADDR": 2801.0, "TOADDR": 2899.0 }, "geometry": { "type": "LineString", "coordinates": [ [ 24.857964, 36.06772 ], [ 24.857864, 36.06862 ] ] } },
{ "type": "Feature", "properties": { "TLID": 184644224, "FEDIRP": "N", "FENAME": "Averof", "FETYPE": "St", "FEDIRS": null, "FRADDL": 4800.0, "TOADDL": 4808.0, "FRADDR": 4711.0, "TOADDR": 4799.0 }, "geometry": { "type": "LineString", "coordinates": [ [ 24.859464, 36.07052 ], [ 24.859064, 36.07052 ] ] } },
{ "type": "Feature", "properties": { "TLID": 184644225, "FEDIRP": "N", "FENAME": "Omirou", "FETYPE": "St", "FEDIRS": null, "FRADDL": 3000.0, "TOADDL": 3098.0, "FRADDR": 3001.0, "TOADDR": 3099.0 }, "geometry": { "type": "LineString", "coordinates": [ [ 24.859564, 36.06952 ], [ 24.859464, 36.07052 ] ] } },
{ "type": "Feature", "properties": { "TLID": 184644226, "FEDIRP": "N", "FENAME": "Averof", "FETYPE": "St", "FEDIRS": null, "FRADDL": 4700.0, "TOADDL": 4798.0, "FRADDR": 4701.0, "TOADDR": 4709.0 }, "geometry": { "type": "LineString", "coordinates": [ [ 24.860264, 36.07052 ], [ 24.859464, 36.07052 ] ] } },
{ "type": "Feature", "properties": { "TLID": 184644227, "FEDIRP": "N", "FENAME": "Omirou", "FETYPE": "St", "FEDIRS": null, "FRADDL": 2900.0, "TOADDL": 2998.0, "FRADDR": 2901.0, "TOADDR": 2999.0 }, "geometry": { "type": "LineString", "coordinates": [ [ 24.859564, 36.06862 ], [ 24.859564, 36.06952 ] ] } },
{ "type": "Feature", "properties": { "TLID": 184644228, "FEDIRP": "N", "FENAME": "Aveny", "FETYPE": "St", "FEDIRS": null, "FRADDL": 4600.0, "TOADDL": 4798.0, "FRADDR": 4601.0, "TOADDR": 4799.0 }, "geometry": { "type": "LineString", "coordinates": [ [ 24.861064, 36.06952 ], [ 24.859564, 36.06952 ] ] } },
{ "type": "Feature", "properties": { "TLID": 184644229, "FEDIRP": "N", "FENAME": "Omirou", "FETYPE": "St", "FEDIRS": null, "FRADDL": 2800.0, "TOADDL": 2898.0, "FRADDR": 2801.0, "TOADDR": 2899.0 }, "geometry": { "type": "LineString", "coordinates": [ [ 24.859464, 36.06772 ], [ 24.859564, 36.06862 ] ] } },
{ "type": "Feature", "properties": { "TLID": 184644230, "FEDIRP": "N", "FENAME": "Asiant", "FETYPE": "St", "FEDIRS": null, "FRADDL": 4600.0, "TOADDL": 4798.0, "FRADDR": 4601.0, "TOADDR": 4799.0 }, "geometry": { "type": "LineString", "coordinates": [ [ 24.860964, 36.06862 ], [ 24.859564, 36.06862 ] ] } },
{ "type": "Feature", "properties": { "TLID": 184644231, "FEDIRP": "N", "FENAME": "Ithakis", "FETYPE": "St", "FEDIRS": null, "FRADDL": 2700.0, "TOADDL": 2798.0, "FRADDR": 2701.0, "TOADDR": 2799.0 }, "geometry": { "type": "LineString", "coordinates": [ [ 24.857964, 36.06652 ], [ 24.857964, 36.06772 ] ] } },
{ "type": "Feature", "properties": { "TLID": 184644232, "FEDIRP": "N", "FENAME": "Artakis", "FETYPE": "St", "FEDIRS": null, "FRADDL": 4800.0, "TOADDL": 4898.0, "FRADDR": 4801.0, "TOADDR": 4899.0 }, "geometry": { "type": "LineString", "coordinates": [ [ 24.859464, 36.06772 ], [ 24.857964, 36.06772 ] ] } },
{ "type": "Feature", "properties": { "TLID": 184644233, "FEDIRP": "N", "FENAME": "Ithakis", "FETYPE": "St", "FEDIRS": null, "FRADDL": 2600.0, "TOADDL": 2698.0, "FRADDR": 2601.0, "TOADDR": 2699.0 }, "geometry": { "type": "LineString", "coordinates": [ [ 24.857864, 36.06562 ], [ 24.857964, 36.06652 ] ] } },
{ "type": "Feature", "properties": { "TLID": 184644234, "FEDIRP": "N", "FENAME": "Arkadiou", "FETYPE": "St", "FEDIRS": null, "FRADDL": 4800.0, "TOADDL": 4898.0, "FRADDR": 4801.0, "TOADDR": 4899.0 }, "geometry": { "type": "LineString", "coordinates": [ [ 24.859464, 36.06562 ], [ 24.857864, 36.06562 ] ] } },
{ "type": "Feature", "properties": { "TLID": 184644235, "FEDIRP": "N", "FENAME": "Ithakis", "FETYPE": "St", "FEDIRS": null, "FRADDL": 2500.0, "TOADDL": 2598.0, "FRADDR": 2501.0, "TOADDR": 2599.0 }, "geometry": { "type": "LineString", "coordinates": [ [ 24.857864, 36.06482 ], [ 24.857864, 36.06562 ] ] } },
{ "type": "Feature", "properties": { "TLID": 184644237, "FEDIRP": "N", "FENAME": "Artakis", "FETYPE": "St", "FEDIRS": null, "FRADDL": 4600.0, "TOADDL": 4798.0, "FRADDR": 4601.0, "TOADDR": 4799.0 }, "geometry": { "type": "LineString", "coordinates": [ [ 24.861064, 36.06772 ], [ 24.859464, 36.06772 ] ] } },
{ "type": "Feature", "properties": { "TLID": 184644238, "FEDIRP": "N", "FENAME": "Arkadou", "FETYPE": "St", "FEDIRS": null, "FRADDL": 4800.0, "TOADDL": 4898.0, "FRADDR": 4801.0, "TOADDR": 4899.0 }, "geometry": { "type": "LineString", "coordinates": [ [ 24.859564, 36.06662 ], [ 24.857964, 36.06652 ] ] } },
{ "type": "Feature", "properties": { "TLID": 184644239, "FEDIRP": "N", "FENAME": "Omirou", "FETYPE": "St", "FEDIRS": null, "FRADDL": 2600.0, "TOADDL": 2798.0, "FRADDR": 2601.0, "TOADDR": 2799.0 }, "geometry": { "type": "LineString", "coordinates": [ [ 24.859464, 36.06562 ], [ 24.859564, 36.06662 ] ] } },
{ "type": "Feature", "properties": { "TLID": 184644240, "FEDIRP": "N", "FENAME": "Arkadou", "FETYPE": "St", "FEDIRS": null, "FRADDL": 4600.0, "TOADDL": 4798.0, "FRADDR": 4601.0, "TOADDR": 4799.0 }, "geometry": { "type": "LineString", "coordinates": [ [ 24.861064, 36.06662 ], [ 24.859564, 36.06662 ] ] } },
{ "type": "Feature", "properties": { "TLID": 184644241, "FEDIRP": "N", "FENAME": "Omirou", "FETYPE": "St", "FEDIRS": null, "FRADDL": 2500.0, "TOADDL": 2598.0, "FRADDR": 2501.0, "TOADDR": 2599.0 }, "geometry": { "type": "LineString", "coordinates": [ [ 24.859464, 36.06472 ], [ 24.859464, 36.06562 ] ] } },
{ "type": "Feature", "properties": { "TLID": 184644242, "FEDIRP": "N", "FENAME": "Averof", "FETYPE": "St", "FEDIRS": null, "FRADDL": 4600.0, "TOADDL": 4698.0, "FRADDR": 4609.0, "TOADDR": 4699.0 }, "geometry": { "type": "LineString", "coordinates": [ [ 24.861064, 36.07052 ], [ 24.860264, 36.07052 ] ] } },
{ "type": "Feature", "properties": { "TLID": 184644243, "FEDIRP": "N", "FENAME": "Hacia", "FETYPE": "St", "FEDIRS": null, "FRADDL": 3000.0, "TOADDL": 3098.0, "FRADDR": 3001.0, "TOADDR": 3099.0 }, "geometry": { "type": "LineString", "coordinates": [ [ 24.861064, 36.06952 ], [ 24.861064, 36.07052 ] ] } },
{ "type": "Feature", "properties": { "TLID": 184644244, "FEDIRP": "N", "FENAME": "Hacia", "FETYPE": "St", "FEDIRS": null, "FRADDL": 2900.0, "TOADDL": 2998.0, "FRADDR": 2901.0, "TOADDR": 2999.0 }, "geometry": { "type": "LineString", "coordinates": [ [ 24.860964, 36.06862 ], [ 24.861064, 36.06952 ] ] } },
{ "type": "Feature", "properties": { "TLID": 184644245, "FEDIRP": "N", "FENAME": "Asiant", "FETYPE": "St", "FEDIRS": null, "FRADDL": 4500.0, "TOADDL": 4598.0, "FRADDR": 4501.0, "TOADDR": 4599.0 }, "geometry": { "type": "LineString", "coordinates": [ [ 24.862564, 36.06862 ], [ 24.860964, 36.06862 ] ] } },
{ "type": "Feature", "properties": { "TLID": 184644246, "FEDIRP": "N", "FENAME": "Hacia", "FETYPE": "St", "FEDIRS": null, "FRADDL": 2800.0, "TOADDL": 2898.0, "FRADDR": 2801.0, "TOADDR": 2899.0 }, "geometry": { "type": "LineString", "coordinates": [ [ 24.861064, 36.06772 ], [ 24.860964, 36.06862 ] ] } },
{ "type": "Feature", "properties": { "TLID": 184644247, "FEDIRP": "N", "FENAME": "Averof", "FETYPE": "St", "FEDIRS": null, "FRADDL": 4514.0, "TOADDL": 4598.0, "FRADDR": 4601.0, "TOADDR": 4607.0 }, "geometry": { "type": "LineString", "coordinates": [ [ 24.861664, 36.07062 ], [ 24.861064, 36.07052 ] ] } },
{ "type": "Feature", "properties": { "TLID": 184644248, "FEDIRP": "N", "FENAME": "Averof", "FETYPE": "St", "FEDIRS": null, "FRADDL": 4500.0, "TOADDL": 4512.0, "FRADDR": 4551.0, "TOADDR": 4599.0 }, "geometry": { "type": "LineString", "coordinates": [ [ 24.862464, 36.07042 ], [ 24.861664, 36.07062 ] ] } },
{ "type": "Feature", "properties": { "TLID": 184644249, "FEDIRP": "N", "FENAME": "Thessalias", "FETYPE": "St", "FEDIRS": null, "FRADDL": 3000.0, "TOADDL": 3098.0, "FRADDR": 3001.0, "TOADDR": 3099.0 }, "geometry": { "type": "LineString", "coordinates": [ [ 24.862464, 36.06962 ], [ 24.862464, 36.07042 ] ] } },
{ "type": "Feature", "properties": { "TLID": 184644250, "FEDIRP": "N", "FENAME": "Aveny", "FETYPE": "St", "FEDIRS": null, "FRADDL": 4500.0, "TOADDL": 4598.0, "FRADDR": 4501.0, "TOADDR": 4599.0 }, "geometry": { "type": "LineString", "coordinates": [ [ 24.862464, 36.06962 ], [ 24.861064, 36.06952 ] ] } },
{ "type": "Feature", "properties": { "TLID": 184644251, "FEDIRP": "N", "FENAME": "Thessalias", "FETYPE": "St", "FEDIRS": null, "FRADDL": 2900.0, "TOADDL": 2998.0, "FRADDR": 2901.0, "TOADDR": 2999.0 }, "geometry": { "type": "LineString", "coordinates": [ [ 24.862564, 36.06862 ], [ 24.862464, 36.06962 ] ] } },
{ "type": "Feature", "properties": { "TLID": 184644252, "FEDIRP": "N", "FENAME": "Aveny", "FETYPE": "St", "FEDIRS": null, "FRADDL": 4400.0, "TOADDL": 4498.0, "FRADDR": 4401.0, "TOADDR": 4499.0 }, "geometry": { "type": "LineString", "coordinates": [ [ 24.864164, 36.06962 ], [ 24.862464, 36.06962 ] ] } },
{ "type": "Feature", "properties": { "TLID": 184644254, "FEDIRP": "N", "FENAME": "Asiant", "FETYPE": "St", "FEDIRS": null, "FRADDL": 4400.0, "TOADDL": 4498.0, "FRADDR": 4401.0, "TOADDR": 4499.0 }, "geometry": { "type": "LineString", "coordinates": [ [ 24.864164, 36.06862 ], [ 24.862564, 36.06862 ] ] } },
{ "type": "Feature", "properties": { "TLID": 184644255, "FEDIRP": "N", "FENAME": "Hacia", "FETYPE": "St", "FEDIRS": null, "FRADDL": 2700.0, "TOADDL": 2798.0, "FRADDR": 2701.0, "TOADDR": 2799.0 }, "geometry": { "type": "LineString", "coordinates": [ [ 24.861064, 36.06662 ], [ 24.861064, 36.06772 ] ] } },
{ "type": "Feature", "properties": { "TLID": 184644256, "FEDIRP": "N", "FENAME": "Artakis", "FETYPE": "St", "FEDIRS": null, "FRADDL": 4500.0, "TOADDL": 4598.0, "FRADDR": 4501.0, "TOADDR": 4599.0 }, "geometry": { "type": "LineString", "coordinates": [ [ 24.862564, 36.06772 ], [ 24.861064, 36.06772 ] ] } },
{ "type": "Feature", "properties": { "TLID": 184644257, "FEDIRP": "N", "FENAME": "Hacia", "FETYPE": "St", "FEDIRS": null, "FRADDL": 2600.0, "TOADDL": 2698.0, "FRADDR": 2601.0, "TOADDR": 2699.0 }, "geometry": { "type": "LineString", "coordinates": [ [ 24.861064, 36.06572 ], [ 24.861064, 36.06662 ] ] } },
{ "type": "Feature", "properties": { "TLID": 184644258, "FEDIRP": "N", "FENAME": "Arkadiou", "FETYPE": "St", "FEDIRS": null, "FRADDL": 4600.0, "TOADDL": 4798.0, "FRADDR": 4601.0, "TOADDR": 4799.0 }, "geometry": { "type": "LineString", "coordinates": [ [ 24.861064, 36.06572 ], [ 24.859464, 36.06562 ] ] } },
{ "type": "Feature", "properties": { "TLID": 184644259, "FEDIRP": "N", "FENAME": "Arkadiou", "FETYPE": "St", "FEDIRS": null, "FRADDL": 4500.0, "TOADDL": 4598.0, "FRADDR": 4501.0, "TOADDR": 4599.0 }, "geometry": { "type": "LineString", "coordinates": [ [ 24.862564, 36.06572 ], [ 24.861064, 36.06572 ] ] } },
{ "type": "Feature", "properties": { "TLID": 184644260, "FEDIRP": "N", "FENAME": "Hacia", "FETYPE": "St", "FEDIRS": null, "FRADDL": 2500.0, "TOADDL": 2598.0, "FRADDR": 2501.0, "TOADDR": 2599.0 }, "geometry": { "type": "LineString", "coordinates": [ [ 24.860964, 36.06482 ], [ 24.861064, 36.06572 ] ] } },
{ "type": "Feature", "properties": { "TLID": 184644262, "FEDIRP": "N", "FENAME": "Artakis", "FETYPE": "St", "FEDIRS": null, "FRADDL": 4400.0, "TOADDL": 4498.0, "FRADDR": 4401.0, "TOADDR": 4499.0 }, "geometry": { "type": "LineString", "coordinates": [ [ 24.864164, 36.06772 ], [ 24.862564, 36.06772 ] ] } },
{ "type": "Feature", "properties": { "TLID": 184644263, "FEDIRP": "N", "FENAME": "Arkadou", "FETYPE": "St", "FEDIRS": null, "FRADDL": 4500.0, "TOADDL": 4598.0, "FRADDR": 4501.0, "TOADDR": 4599.0 }, "geometry": { "type": "LineString", "coordinates": [ [ 24.862464, 36.06672 ], [ 24.861064, 36.06662 ] ] } },
{ "type": "Feature", "properties": { "TLID": 184644264, "FEDIRP": "N", "FENAME": "Thessalias", "FETYPE": "St", "FEDIRS": null, "FRADDL": 2600.0, "TOADDL": 2698.0, "FRADDR": 2601.0, "TOADDR": 2699.0 }, "geometry": { "type": "LineString", "coordinates": [ [ 24.862564, 36.06572 ], [ 24.862464, 36.06672 ] ] } },
{ "type": "Feature", "properties": { "TLID": 184644265, "FEDIRP": "N", "FENAME": "Arkadou", "FETYPE": "St", "FEDIRS": null, "FRADDL": 4400.0, "TOADDL": 4498.0, "FRADDR": 4401.0, "TOADDR": 4499.0 }, "geometry": { "type": "LineString", "coordinates": [ [ 24.864157, 36.066716 ], [ 24.862464, 36.06672 ] ] } },
{ "type": "Feature", "properties": { "TLID": 184644267, "FEDIRP": "N", "FENAME": "Arkadiou", "FETYPE": "St", "FEDIRS": null, "FRADDL": 4400.0, "TOADDL": 4498.0, "FRADDR": 4401.0, "TOADDR": 4499.0 }, "geometry": { "type": "LineString", "coordinates": [ [ 24.864164, 36.06572 ], [ 24.862564, 36.06572 ] ] } },
{ "type": "Feature", "properties": { "TLID": 184644268, "FEDIRP": null, "FENAME": "Finiatur", "FETYPE": "St", "FEDIRS": null, "FRADDL": 2100.0, "TOADDL": 2298.0, "FRADDR": 2101.0, "TOADDR": 2299.0 }, "geometry": { "type": "LineString", "coordinates": [ [ 24.850964, 36.06202 ], [ 24.850964, 36.06342 ] ] } },
{ "type": "Feature", "properties": { "TLID": 184644270, "FEDIRP": "N", "FENAME": "Androutsou", "FETYPE": "St", "FEDIRS": null, "FRADDL": 5300.0, "TOADDL": 5398.0, "FRADDR": 5301.0, "TOADDR": 5399.0 }, "geometry": { "type": "LineString", "coordinates": [ [ 24.852264, 36.06202 ], [ 24.850964, 36.06202 ] ] } },
{ "type": "Feature", "properties": { "TLID": 184644271, "FEDIRP": null, "FENAME": "Finiatur", "FETYPE": "St", "FEDIRS": null, "FRADDL": 1800.0, "TOADDL": 2098.0, "FRADDR": 1801.0, "TOADDR": 2099.0 }, "geometry": { "type": "LineString", "coordinates": [ [ 24.850964, 36.06032 ], [ 24.850964, 36.06202 ] ] } },
{ "type": "Feature", "properties": { "TLID": 184644273, "FEDIRP": "N", "FENAME": "Androutsou", "FETYPE": "St", "FEDIRS": null, "FRADDL": 5200.0, "TOADDL": 5298.0, "FRADDR": 5201.0, "TOADDR": 5299.0 }, "geometry": { "type": "LineString", "coordinates": [ [ 24.853664, 36.06202 ], [ 24.852264, 36.06202 ] ] } },
{ "type": "Feature", "properties": { "TLID": 184644274, "FEDIRP": "N", "FENAME": "Alm", "FETYPE": "St", "FEDIRS": null, "FRADDL": 5300.0, "TOADDL": 5398.0, "FRADDR": 5301.0, "TOADDR": 5399.0 }, "geometry": { "type": "LineString", "coordinates": [ [ 24.852364, 36.06032 ], [ 24.850964, 36.06032 ] ] } },
{ "type": "Feature", "properties": { "TLID": 184644275, "FEDIRP": null, "FENAME": "Finiatur", "FETYPE": "St", "FEDIRS": null, "FRADDL": 1400.0, "TOADDL": 1798.0, "FRADDR": 1401.0, "TOADDR": 1799.0 }, "geometry": { "type": "LineString", "coordinates": [ [ 24.850964, 36.05752 ], [ 24.850964, 36.06032 ] ] } },
{ "type": "Feature", "properties": { "TLID": 184644276, "FEDIRP": null, "FENAME": "Filis", "FETYPE": "St", "FEDIRS": null, "FRADDL": 1800.0, "TOADDL": 1898.0, "FRADDR": 1801.0, "TOADDR": 1899.0 }, "geometry": { "type": "LineString", "coordinates": [ [ 24.852364, 36.06032 ], [ 24.852364, 36.06082 ] ] } },
{ "type": "Feature", "properties": { "TLID": 184644277, "FEDIRP": null, "FENAME": "Filis", "FETYPE": "St", "FEDIRS": null, "FRADDL": 1200.0, "TOADDL": 1798.0, "FRADDR": 1201.0, "TOADDR": 1799.0 }, "geometry": { "type": "LineString", "coordinates": [ [ 24.852364, 36.05752 ], [ 24.852364, 36.06032 ] ] } },
{ "type": "Feature", "properties": { "TLID": 184644278, "FEDIRP": "N", "FENAME": "Androutsou", "FETYPE": "St", "FEDIRS": null, "FRADDL": 5100.0, "TOADDL": 5198.0, "FRADDR": 5101.0, "TOADDR": 5199.0 }, "geometry": { "type": "LineString", "coordinates": [ [ 24.855064, 36.06202 ], [ 24.853664, 36.06202 ] ] } },
{ "type": "Feature", "properties": { "TLID": 184644279, "FEDIRP": "N", "FENAME": "Tolleniau", "FETYPE": "St", "FEDIRS": null, "FRADDL": 1800.0, "TOADDL": 2098.0, "FRADDR": 1801.0, "TOADDR": 2099.0 }, "geometry": { "type": "LineString", "coordinates": [ [ 24.853662, 36.060329 ], [ 24.853664, 36.06202 ] ] } },
{ "type": "Feature", "properties": { "TLID": 184644280, "FEDIRP": "N", "FENAME": "Parla", "FETYPE": "St", "FEDIRS": null, "FRADDL": 2348.0, "TOADDL": 2470.0, "FRADDR": 2401.0, "TOADDR": 2499.0 }, "geometry": { "type": "LineString", "coordinates": [ [ 24.855064, 36.06382 ], [ 24.855064, 36.06472 ] ] } },
{ "type": "Feature", "properties": { "TLID": 184644281, "FEDIRP": "N", "FENAME": "Antoniadou", "FETYPE": "St", "FEDIRS": null, "FRADDL": 5000.0, "TOADDL": 5098.0, "FRADDR": 5001.0, "TOADDR": 5099.0 }, "geometry": { "type": "LineString", "coordinates": [ [ 24.856364, 36.06382 ], [ 24.855064, 36.06382 ] ] } },
{ "type": "Feature", "properties": { "TLID": 184644282, "FEDIRP": "N", "FENAME": "Parla", "FETYPE": "St", "FEDIRS": null, "FRADDL": 2224.0, "TOADDL": 2346.0, "FRADDR": 2201.0, "TOADDR": 2399.0 }, "geometry": { "type": "LineString", "coordinates": [ [ 24.855064, 36.06292 ], [ 24.855064, 36.06382 ] ] } },
{ "type": "Feature", "properties": { "TLID": 184644283, "FEDIRP": "N", "FENAME": "Arbete", "FETYPE": "St", "FEDIRS": null, "FRADDL": 5000.0, "TOADDL": 5098.0, "FRADDR": 5001.0, "TOADDR": 5099.0 }, "geometry": { "type": "LineString", "coordinates": [ [ 24.856364, 36.06482 ], [ 24.855064, 36.06472 ] ] } },
{ "type": "Feature", "properties": { "TLID": 184644284, "FEDIRP": "N", "FENAME": "Limnou", "FETYPE": "St", "FEDIRS": null, "FRADDL": 2400.0, "TOADDL": 2498.0, "FRADDR": 2401.0, "TOADDR": 2499.0 }, "geometry": { "type": "LineString", "coordinates": [ [ 24.856364, 36.06382 ], [ 24.856364, 36.06482 ] ] } },
{ "type": "Feature", "properties": { "TLID": 184644285, "FEDIRP": "N", "FENAME": "Arbete", "FETYPE": "St", "FEDIRS": null, "FRADDL": 4900.0, "TOADDL": 4998.0, "FRADDR": 4901.0, "TOADDR": 4999.0 }, "geometry": { "type": "LineString", "coordinates": [ [ 24.857864, 36.06482 ], [ 24.856364, 36.06482 ] ] } },
{ "type": "Feature", "properties": { "TLID": 184644286, "FEDIRP": "N", "FENAME": "Limnou", "FETYPE": "St", "FEDIRS": null, "FRADDL": 2200.0, "TOADDL": 2398.0, "FRADDR": 2201.0, "TOADDR": 2399.0 }, "geometry": { "type": "LineString", "coordinates": [ [ 24.856364, 36.06292 ], [ 24.856364, 36.06382 ] ] } },
{ "type": "Feature", "properties": { "TLID": 184644287, "FEDIRP": "N", "FENAME": "Parla", "FETYPE": "St", "FEDIRS": null, "FRADDL": 2100.0, "TOADDL": 2222.0, "FRADDR": 2101.0, "TOADDR": 2199.0 }, "geometry": { "type": "LineString", "coordinates": [ [ 24.855064, 36.06202 ], [ 24.855064, 36.06292 ] ] } },
{ "type": "Feature", "properties": { "TLID": 184644288, "FEDIRP": "N", "FENAME": "Anntigonou", "FETYPE": "St", "FEDIRS": null, "FRADDL": 5000.0, "TOADDL": 5098.0, "FRADDR": 5001.0, "TOADDR": 5099.0 }, "geometry": { "type": "LineString", "coordinates": [ [ 24.856364, 36.06292 ], [ 24.855064, 36.06292 ] ] } },
{ "type": "Feature", "properties": { "TLID": 184644289, "FEDIRP": "N", "FENAME": "Androutsou", "FETYPE": "St", "FEDIRS": null, "FRADDL": 5000.0, "TOADDL": 5098.0, "FRADDR": 5001.0, "TOADDR": 5099.0 }, "geometry": { "type": "LineString", "coordinates": [ [ 24.856364, 36.06202 ], [ 24.855064, 36.06202 ] ] } },
{ "type": "Feature", "properties": { "TLID": 184644290, "FEDIRP": "N", "FENAME": "Parla", "FETYPE": "St", "FEDIRS": null, "FRADDL": 1900.0, "TOADDL": 2098.0, "FRADDR": 1901.0, "TOADDR": 2099.0 }, "geometry": { "type": "LineString", "coordinates": [ [ 24.855064, 36.06122 ], [ 24.855064, 36.06202 ] ] } },
{ "type": "Feature", "properties": { "TLID": 184644291, "FEDIRP": "N", "FENAME": "Limnou", "FETYPE": "St", "FEDIRS": null, "FRADDL": 2100.0, "TOADDL": 2198.0, "FRADDR": 2101.0, "TOADDR": 2199.0 }, "geometry": { "type": "LineString", "coordinates": [ [ 24.856364, 36.06202 ], [ 24.856364, 36.06292 ] ] } },
{ "type": "Feature", "properties": { "TLID": 184644292, "FEDIRP": "N", "FENAME": "Anntigonou", "FETYPE": "St", "FEDIRS": null, "FRADDL": 4900.0, "TOADDL": 4998.0, "FRADDR": 4901.0, "TOADDR": 4999.0 }, "geometry": { "type": "LineString", "coordinates": [ [ 24.857916, 36.062908 ], [ 24.856364, 36.06292 ] ] } },
{ "type": "Feature", "properties": { "TLID": 184644293, "FEDIRP": "N", "FENAME": "Limnou", "FETYPE": "St", "FEDIRS": null, "FRADDL": 1900.0, "TOADDL": 2098.0, "FRADDR": 1901.0, "TOADDR": 2099.0 }, "geometry": { "type": "LineString", "coordinates": [ [ 24.856464, 36.06122 ], [ 24.856364, 36.06202 ] ] } },
{ "type": "Feature", "properties": { "TLID": 184644294, "FEDIRP": "N", "FENAME": "Androutsou", "FETYPE": "St", "FEDIRS": null, "FRADDL": 4900.0, "TOADDL": 4998.0, "FRADDR": 4901.0, "TOADDR": 4999.0 }, "geometry": { "type": "LineString", "coordinates": [ [ 24.857894, 36.061982 ], [ 24.856364, 36.06202 ] ] } },
{ "type": "Feature", "properties": { "TLID": 184644295, "FEDIRP": "N", "FENAME": "Alm", "FETYPE": "St", "FEDIRS": null, "FRADDL": 5200.0, "TOADDL": 5298.0, "FRADDR": 5201.0, "TOADDR": 5299.0 }, "geometry": { "type": "LineString", "coordinates": [ [ 24.853662, 36.060329 ], [ 24.852364, 36.06032 ] ] } },
{ "type": "Feature", "properties": { "TLID": 184644296, "FEDIRP": "N", "FENAME": "Alm", "FETYPE": "St", "FEDIRS": null, "FRADDL": 5100.0, "TOADDL": 5198.0, "FRADDR": 5101.0, "TOADDR": 5199.0 }, "geometry": { "type": "LineString", "coordinates": [ [ 24.855064, 36.06032 ], [ 24.853662, 36.060329 ] ] } },
{ "type": "Feature", "properties": { "TLID": 184644297, "FEDIRP": "N", "FENAME": "Tolleniau", "FETYPE": "St", "FEDIRS": null, "FRADDL": 1400.0, "TOADDL": 1798.0, "FRADDR": 1401.0, "TOADDR": 1799.0 }, "geometry": { "type": "LineString", "coordinates": [ [ 24.853764, 36.05752 ], [ 24.853662, 36.060329 ] ] } },
{ "type": "Feature", "properties": { "TLID": 184644298, "FEDIRP": "N", "FENAME": "Parla", "FETYPE": "St", "FEDIRS": null, "FRADDL": 1800.0, "TOADDL": 1898.0, "FRADDR": 1801.0, "TOADDR": 1899.0 }, "geometry": { "type": "LineString", "coordinates": [ [ 24.855064, 36.06032 ], [ 24.855064, 36.06122 ] ] } },
{ "type": "Feature", "properties": { "TLID": 184644299, "FEDIRP": "N", "FENAME": "Amfitris", "FETYPE": "St", "FEDIRS": null, "FRADDL": 5000.0, "TOADDL": 5098.0, "FRADDR": 5001.0, "TOADDR": 5099.0 }, "geometry": { "type": "LineString", "coordinates": [ [ 24.856464, 36.06122 ], [ 24.855064, 36.06122 ] ] } },
{ "type": "Feature", "properties": { "TLID": 184644300, "FEDIRP": "N", "FENAME": "Parla", "FETYPE": "St", "FEDIRS": null, "FRADDL": 1664.0, "TOADDL": 1798.0, "FRADDR": 1601.0, "TOADDR": 1799.0 }, "geometry": { "type": "LineString", "coordinates": [ [ 24.855064, 36.05942 ], [ 24.855064, 36.06032 ] ] } },
{ "type": "Feature", "properties": { "TLID": 184644301, "FEDIRP": "N", "FENAME": "Alm", "FETYPE": "St", "FEDIRS": null, "FRADDL": 5000.0, "TOADDL": 5098.0, "FRADDR": 5001.0, "TOADDR": 5099.0 }, "geometry": { "type": "LineString", "coordinates": [ [ 24.856464, 36.06032 ], [ 24.855064, 36.06032 ] ] } },
{ "type": "Feature", "properties": { "TLID": 184644302, "FEDIRP": "N", "FENAME": "Parla", "FETYPE": "St", "FEDIRS": null, "FRADDL": 1532.0, "TOADDL": 1662.0, "FRADDR": 1501.0, "TOADDR": 1599.0 }, "geometry": { "type": "LineString", "coordinates": [ [ 24.855072, 36.05851 ], [ 24.855064, 36.05942 ] ] } },
{ "type": "Feature", "properties": { "TLID": 184644303, "FEDIRP": "N", "FENAME": "Alexandrias", "FETYPE": "St", "FEDIRS": null, "FRADDL": 5000.0, "TOADDL": 5098.0, "FRADDR": 5001.0, "TOADDR": 5099.0 }, "geometry": { "type": "LineString", "coordinates": [ [ 24.856464, 36.05942 ], [ 24.855064, 36.05942 ] ] } },
{ "type": "Feature", "properties": { "TLID": 184644304, "FEDIRP": "N", "FENAME": "Agisilaou", "FETYPE": "St", "FEDIRS": null, "FRADDL": 5300.0, "TOADDL": 5398.0, "FRADDR": 5301.0, "TOADDR": 5399.0 }, "geometry": { "type": "LineString", "coordinates": [ [ 24.852364, 36.05752 ], [ 24.850964, 36.05752 ] ] } },
{ "type": "Feature", "properties": { "TLID": 184644305, "FEDIRP": "N", "FENAME": "Agisilaou", "FETYPE": "St", "FEDIRS": null, "FRADDL": 5200.0, "TOADDL": 5298.0, "FRADDR": 5201.0, "TOADDR": 5299.0 }, "geometry": { "type": "LineString", "coordinates": [ [ 24.853764, 36.05752 ], [ 24.852364, 36.05752 ] ] } },
{ "type": "Feature", "properties": { "TLID": 184644306, "FEDIRP": "N", "FENAME": "Finiatur", "FETYPE": "St", "FEDIRS": null, "FRADDL": 1000.0, "TOADDL": 1024.0, "FRADDR": 1001.0, "TOADDR": 1025.0 }, "geometry": { "type": "LineString", "coordinates": [ [ 24.850964, 36.05352 ], [ 24.851064, 36.05422 ] ] } },
{ "type": "Feature", "properties": { "TLID": 184644307, "FEDIRP": "N", "FENAME": "Idris", "FETYPE": "Dr", "FEDIRS": null, "FRADDL": 5200.0, "TOADDL": 5398.0, "FRADDR": 5201.0, "TOADDR": 5399.0 }, "geometry": { "type": "LineString", "coordinates": [ [ 24.854064, 36.05422 ], [ 24.851064, 36.05422 ] ] } },
{ "type": "Feature", "properties": { "TLID": 184644308, "FEDIRP": "N", "FENAME": "Acera", "FETYPE": "St", "FEDIRS": null, "FRADDL": 5200.0, "TOADDL": 5348.0, "FRADDR": 5201.0, "TOADDR": 5399.0 }, "geometry": { "type": "LineString", "coordinates": [ [ 24.854164, 36.05352 ], [ 24.850964, 36.05352 ] ] } },
{ "type": "Feature", "properties": { "TLID": 184644309, "FEDIRP": "N", "FENAME": "Agisilaou", "FETYPE": "St", "FEDIRS": null, "FRADDL": 5100.0, "TOADDL": 5198.0, "FRADDR": 5101.0, "TOADDR": 5199.0 }, "geometry": { "type": "LineString", "coordinates": [ [ 24.855064, 36.05752 ], [ 24.853764, 36.05752 ] ] } },
{ "type": "Feature", "properties": { "TLID": 184644310, "FEDIRP": "N", "FENAME": "Parla", "FETYPE": "St", "FEDIRS": null, "FRADDL": 1400.0, "TOADDL": 1530.0, "FRADDR": 1401.0, "TOADDR": 1499.0 }, "geometry": { "type": "LineString", "coordinates": [ [ 24.855064, 36.05752 ], [ 24.855072, 36.05851 ] ] } },
{ "type": "Feature", "properties": { "TLID": 184644311, "FEDIRP": "N", "FENAME": "Parla", "FETYPE": "St", "FEDIRS": null, "FRADDL": 1300.0, "TOADDL": 1398.0, "FRADDR": 1301.0, "TOADDR": 1399.0 }, "geometry": { "type": "LineString", "coordinates": [ [ 24.855064, 36.05662 ], [ 24.855064, 36.05752 ] ] } },
{ "type": "Feature", "properties": { "TLID": 184644312, "FEDIRP": "N", "FENAME": "Agisilaou", "FETYPE": "St", "FEDIRS": null, "FRADDL": 5000.0, "TOADDL": 5098.0, "FRADDR": 5001.0, "TOADDR": 5099.0 }, "geometry": { "type": "LineString", "coordinates": [ [ 24.856464, 36.05752 ], [ 24.855064, 36.05752 ] ] } },
{ "type": "Feature", "properties": { "TLID": 184644313, "FEDIRP": "N", "FENAME": "Parla", "FETYPE": "St", "FEDIRS": null, "FRADDL": 1200.0, "TOADDL": 1298.0, "FRADDR": 1201.0, "TOADDR": 1299.0 }, "geometry": { "type": "LineString", "coordinates": [ [ 24.855064, 36.05562 ], [ 24.855064, 36.05662 ] ] } },
{ "type": "Feature", "properties": { "TLID": 184644314, "FEDIRP": "N", "FENAME": "Agiasou", "FETYPE": "St", "FEDIRS": null, "FRADDL": 5000.0, "TOADDL": 5098.0, "FRADDR": 5001.0, "TOADDR": 5099.0 }, "geometry": { "type": "LineString", "coordinates": [ [ 24.856468, 36.056596 ], [ 24.855064, 36.05662 ] ] } },
{ "type": "Feature", "properties": { "TLID": 184644315, "FEDIRP": "N", "FENAME": "Parla", "FETYPE": "St", "FEDIRS": null, "FRADDL": 1100.0, "TOADDL": 1198.0, "FRADDR": 1101.0, "TOADDR": 1199.0 }, "geometry": { "type": "LineString", "coordinates": [ [ 24.855064, 36.05472 ], [ 24.855064, 36.05562 ] ] } },
{ "type": "Feature", "properties": { "TLID": 184644316, "FEDIRP": "N", "FENAME": "Agentes", "FETYPE": "St", "FEDIRS": null, "FRADDL": 5000.0, "TOADDL": 5098.0, "FRADDR": 5001.0, "TOADDR": 5099.0 }, "geometry": { "type": "LineString", "coordinates": [ [ 24.856464, 36.05562 ], [ 24.855064, 36.05562 ] ] } },
{ "type": "Feature", "properties": { "TLID": 184644317, "FEDIRP": "N", "FENAME": "Limnou", "FETYPE": "St", "FEDIRS": null, "FRADDL": 1200.0, "TOADDL": 1298.0, "FRADDR": 1201.0, "TOADDR": 1299.0 }, "geometry": { "type": "LineString", "coordinates": [ [ 24.856464, 36.05562 ], [ 24.856468, 36.056596 ] ] } },
{ "type": "Feature", "properties": { "TLID": 184644318, "FEDIRP": "N", "FENAME": "Tolleniau", "FETYPE": "St", "FEDIRS": null, "FRADDL": 1000.0, "TOADDL": 1024.0, "FRADDR": 963.0, "TOADDR": 1025.0 }, "geometry": { "type": "LineString", "coordinates": [ [ 24.854164, 36.05352 ], [ 24.854064, 36.05422 ] ] } },
{ "type": "Feature", "properties": { "TLID": 184644319, "FEDIRP": "N", "FENAME": "Tolleniau", "FETYPE": "St", "FEDIRS": null, "FRADDL": 900.0, "TOADDL": 998.0, "FRADDR": 901.0, "TOADDR": 961.0 }, "geometry": { "type": "LineString", "coordinates": [ [ 24.854064, 36.05292 ], [ 24.854164, 36.05352 ] ] } },
{ "type": "Feature", "properties": { "TLID": 184644320, "FEDIRP": "N", "FENAME": "Ermou", "FETYPE": "St", "FEDIRS": null, "FRADDL": 5100.0, "TOADDL": 5198.0, "FRADDR": 5101.0, "TOADDR": 5199.0 }, "geometry": { "type": "LineString", "coordinates": [ [ 24.855164, 36.05292 ], [ 24.854064, 36.05292 ] ] } },
{ "type": "Feature", "properties": { "TLID": 184644321, "FEDIRP": "N", "FENAME": "Parla", "FETYPE": "St", "FEDIRS": null, "FRADDL": 1000.0, "TOADDL": 1098.0, "FRADDR": 1001.0, "TOADDR": 1099.0 }, "geometry": { "type": "LineString", "coordinates": [ [ 24.855164, 36.05382 ], [ 24.855064, 36.05472 ] ] } },
{ "type": "Feature", "properties": { "TLID": 184644322, "FEDIRP": "N", "FENAME": "Achilleos", "FETYPE": "St", "FEDIRS": null, "FRADDL": 5000.0, "TOADDL": 5098.0, "FRADDR": 5001.0, "TOADDR": 5099.0 }, "geometry": { "type": "LineString", "coordinates": [ [ 24.856464, 36.05472 ], [ 24.855064, 36.05472 ] ] } },
{ "type": "Feature", "properties": { "TLID": 184644323, "FEDIRP": "N", "FENAME": "Parla", "FETYPE": "St", "FEDIRS": null, "FRADDL": 898.0, "TOADDL": 998.0, "FRADDR": 901.0, "TOADDR": 999.0 }, "geometry": { "type": "LineString", "coordinates": [ [ 24.855164, 36.05292 ], [ 24.855164, 36.05382 ] ] } },
{ "type": "Feature", "properties": { "TLID": 184644324, "FEDIRP": "N", "FENAME": "Acera", "FETYPE": "St", "FEDIRS": null, "FRADDL": 5000.0, "TOADDL": 5098.0, "FRADDR": 5001.0, "TOADDR": 5099.0 }, "geometry": { "type": "LineString", "coordinates": [ [ 24.856464, 36.05382 ], [ 24.855164, 36.05382 ] ] } },
{ "type": "Feature", "properties": { "TLID": 184644325, "FEDIRP": "N", "FENAME": "Ermou", "FETYPE": "St", "FEDIRS": null, "FRADDL": 5000.0, "TOADDL": 5098.0, "FRADDR": 5001.0, "TOADDR": 5099.0 }, "geometry": { "type": "LineString", "coordinates": [ [ 24.856464, 36.05292 ], [ 24.855164, 36.05292 ] ] } },
{ "type": "Feature", "properties": { "TLID": 184644326, "FEDIRP": "N", "FENAME": "Parla", "FETYPE": "St", "FEDIRS": null, "FRADDL": 846.0, "TOADDL": 896.0, "FRADDR": 801.0, "TOADDR": 899.0 }, "geometry": { "type": "LineString", "coordinates": [ [ 24.855364, 36.05192 ], [ 24.855164, 36.05292 ] ] } },
{ "type": "Feature", "properties": { "TLID": 184644327, "FEDIRP": "N", "FENAME": "Ithakis", "FETYPE": "St", "FEDIRS": null, "FRADDL": 2400.0, "TOADDL": 2498.0, "FRADDR": 2401.0, "TOADDR": 2499.0 }, "geometry": { "type": "LineString", "coordinates": [ [ 24.857894, 36.063843 ], [ 24.857864, 36.06482 ] ] } },
{ "type": "Feature", "properties": { "TLID": 184644328, "FEDIRP": "N", "FENAME": "Arbete", "FETYPE": "St", "FEDIRS": null, "FRADDL": 4800.0, "TOADDL": 4898.0, "FRADDR": 4801.0, "TOADDR": 4899.0 }, "geometry": { "type": "LineString", "coordinates": [ [ 24.859464, 36.06472 ], [ 24.857864, 36.06482 ] ] } },
{ "type": "Feature", "properties": { "TLID": 184644329, "FEDIRP": "N", "FENAME": "Antoniadou", "FETYPE": "St", "FEDIRS": null, "FRADDL": 4900.0, "TOADDL": 4998.0, "FRADDR": 4901.0, "TOADDR": 4999.0 }, "geometry": { "type": "LineString", "coordinates": [ [ 24.857894, 36.063843 ], [ 24.856364, 36.06382 ] ] } },
{ "type": "Feature", "properties": { "TLID": 184644330, "FEDIRP": "N", "FENAME": "Ithakis", "FETYPE": "St", "FEDIRS": null, "FRADDL": 2200.0, "TOADDL": 2398.0, "FRADDR": 2201.0, "TOADDR": 2399.0 }, "geometry": { "type": "LineString", "coordinates": [ [ 24.857916, 36.062908 ], [ 24.857894, 36.063843 ] ] } },
{ "type": "Feature", "properties": { "TLID": 184644331, "FEDIRP": "N", "FENAME": "Antoniadou", "FETYPE": "St", "FEDIRS": null, "FRADDL": 4800.0, "TOADDL": 4898.0, "FRADDR": 4801.0, "TOADDR": 4899.0 }, "geometry": { "type": "LineString", "coordinates": [ [ 24.859464, 36.06382 ], [ 24.857894, 36.063843 ] ] } },
{ "type": "Feature", "properties": { "TLID": 184644332, "FEDIRP": "N", "FENAME": "Ithakis", "FETYPE": "St", "FEDIRS": null, "FRADDL": 2100.0, "TOADDL": 2198.0, "FRADDR": 2101.0, "TOADDR": 2199.0 }, "geometry": { "type": "LineString", "coordinates": [ [ 24.857894, 36.061982 ], [ 24.857916, 36.062908 ] ] } },
{ "type": "Feature", "properties": { "TLID": 184644333, "FEDIRP": "N", "FENAME": "Omirou", "FETYPE": "St", "FEDIRS": null, "FRADDL": 2400.0, "TOADDL": 2498.0, "FRADDR": 2401.0, "TOADDR": 2499.0 }, "geometry": { "type": "LineString", "coordinates": [ [ 24.859464, 36.06382 ], [ 24.859464, 36.06472 ] ] } },
{ "type": "Feature", "properties": { "TLID": 184644334, "FEDIRP": "N", "FENAME": "Omirou", "FETYPE": "St", "FEDIRS": null, "FRADDL": 2200.0, "TOADDL": 2398.0, "FRADDR": 2201.0, "TOADDR": 2399.0 }, "geometry": { "type": "LineString", "coordinates": [ [ 24.859464, 36.06292 ], [ 24.859464, 36.06382 ] ] } },
{ "type": "Feature", "properties": { "TLID": 184644335, "FEDIRP": "N", "FENAME": "Antoniadou", "FETYPE": "St", "FEDIRS": null, "FRADDL": 4600.0, "TOADDL": 4798.0, "FRADDR": 4601.0, "TOADDR": 4799.0 }, "geometry": { "type": "LineString", "coordinates": [ [ 24.860964, 36.06382 ], [ 24.859464, 36.06382 ] ] } },
{ "type": "Feature", "properties": { "TLID": 184644336, "FEDIRP": "N", "FENAME": "Anntigonou", "FETYPE": "St", "FEDIRS": null, "FRADDL": 4800.0, "TOADDL": 4898.0, "FRADDR": 4801.0, "TOADDR": 4899.0 }, "geometry": { "type": "LineString", "coordinates": [ [ 24.859464, 36.06292 ], [ 24.857916, 36.062908 ] ] } },
{ "type": "Feature", "properties": { "TLID": 184644337, "FEDIRP": "N", "FENAME": "Omirou", "FETYPE": "St", "FEDIRS": null, "FRADDL": 2100.0, "TOADDL": 2198.0, "FRADDR": 2101.0, "TOADDR": 2199.0 }, "geometry": { "type": "LineString", "coordinates": [ [ 24.859464, 36.06192 ], [ 24.859464, 36.06292 ] ] } },
{ "type": "Feature", "properties": { "TLID": 184644338, "FEDIRP": "N", "FENAME": "Anntigonou", "FETYPE": "St", "FEDIRS": null, "FRADDL": 4600.0, "TOADDL": 4798.0, "FRADDR": 4601.0, "TOADDR": 4799.0 }, "geometry": { "type": "LineString", "coordinates": [ [ 24.861064, 36.06292 ], [ 24.859464, 36.06292 ] ] } },
{ "type": "Feature", "properties": { "TLID": 184644339, "FEDIRP": "N", "FENAME": "Amfitris", "FETYPE": "St", "FEDIRS": null, "FRADDL": 4900.0, "TOADDL": 4998.0, "FRADDR": 4901.0, "TOADDR": 4999.0 }, "geometry": { "type": "LineString", "coordinates": [ [ 24.857964, 36.06122 ], [ 24.856464, 36.06122 ] ] } },
{ "type": "Feature", "properties": { "TLID": 184644340, "FEDIRP": "N", "FENAME": "Limnou", "FETYPE": "St", "FEDIRS": null, "FRADDL": 1800.0, "TOADDL": 1898.0, "FRADDR": 1801.0, "TOADDR": 1899.0 }, "geometry": { "type": "LineString", "coordinates": [ [ 24.856464, 36.06032 ], [ 24.856464, 36.06122 ] ] } },
{ "type": "Feature", "properties": { "TLID": 184644341, "FEDIRP": "N", "FENAME": "Ithakis", "FETYPE": "St", "FEDIRS": null, "FRADDL": 1900.0, "TOADDL": 2098.0, "FRADDR": 1901.0, "TOADDR": 2099.0 }, "geometry": { "type": "LineString", "coordinates": [ [ 24.857964, 36.06122 ], [ 24.857894, 36.061982 ] ] } },
{ "type": "Feature", "properties": { "TLID": 184644342, "FEDIRP": "N", "FENAME": "Androutsou", "FETYPE": "St", "FEDIRS": null, "FRADDL": 4800.0, "TOADDL": 4898.0, "FRADDR": 4801.0, "TOADDR": 4899.0 }, "geometry": { "type": "LineString", "coordinates": [ [ 24.859464, 36.06192 ], [ 24.857894, 36.061982 ] ] } },
{ "type": "Feature", "properties": { "TLID": 184644343, "FEDIRP": "N", "FENAME": "Ithakis", "FETYPE": "St", "FEDIRS": null, "FRADDL": 1800.0, "TOADDL": 1898.0, "FRADDR": 1801.0, "TOADDR": 1899.0 }, "geometry": { "type": "LineString", "coordinates": [ [ 24.857964, 36.06032 ], [ 24.857964, 36.06122 ] ] } },
{ "type": "Feature", "properties": { "TLID": 184644344, "FEDIRP": "N", "FENAME": "Amfitris", "FETYPE": "St", "FEDIRS": null, "FRADDL": 4750.0, "TOADDL": 4898.0, "FRADDR": 4801.0, "TOADDR": 4899.0 }, "geometry": { "type": "LineString", "coordinates": [ [ 24.859464, 36.06122 ], [ 24.857964, 36.06122 ] ] } },
{ "type": "Feature", "properties": { "TLID": 184644345, "FEDIRP": "N", "FENAME": "Limnou", "FETYPE": "St", "FEDIRS": null, "FRADDL": 1600.0, "TOADDL": 1798.0, "FRADDR": 1601.0, "TOADDR": 1799.0 }, "geometry": { "type": "LineString", "coordinates": [ [ 24.856464, 36.05942 ], [ 24.856464, 36.06032 ] ] } },
{ "type": "Feature", "properties": { "TLID": 184644346, "FEDIRP": "N", "FENAME": "Alm", "FETYPE": "St", "FEDIRS": null, "FRADDL": 4900.0, "TOADDL": 4998.0, "FRADDR": 4901.0, "TOADDR": 4999.0 }, "geometry": { "type": "LineString", "coordinates": [ [ 24.857964, 36.06032 ], [ 24.856464, 36.06032 ] ] } },
{ "type": "Feature", "properties": { "TLID": 184644348, "FEDIRP": "N", "FENAME": "Limnou", "FETYPE": "St", "FEDIRS": null, "FRADDL": 1500.0, "TOADDL": 1598.0, "FRADDR": 1501.0, "TOADDR": 1599.0 }, "geometry": { "type": "LineString", "coordinates": [ [ 24.856466, 36.058526 ], [ 24.856464, 36.05942 ] ] } },
{ "type": "Feature", "properties": { "TLID": 184644349, "FEDIRP": "N", "FENAME": "Alm", "FETYPE": "St", "FEDIRS": null, "FRADDL": 4800.0, "TOADDL": 4898.0, "FRADDR": 4751.0, "TOADDR": 4899.0 }, "geometry": { "type": "LineString", "coordinates": [ [ 24.859464, 36.06032 ], [ 24.857964, 36.06032 ] ] } },
{ "type": "Feature", "properties": { "TLID": 184644350, "FEDIRP": "N", "FENAME": "Omirou", "FETYPE": "St", "FEDIRS": null, "FRADDL": 1900.0, "TOADDL": 2098.0, "FRADDR": 1901.0, "TOADDR": 2099.0 }, "geometry": { "type": "LineString", "coordinates": [ [ 24.859464, 36.06122 ], [ 24.859464, 36.06192 ] ] } },
{ "type": "Feature", "properties": { "TLID": 184644351, "FEDIRP": "N", "FENAME": "Androutsou", "FETYPE": "St", "FEDIRS": null, "FRADDL": 4600.0, "TOADDL": 4798.0, "FRADDR": 4601.0, "TOADDR": 4799.0 }, "geometry": { "type": "LineString", "coordinates": [ [ 24.860964, 36.06192 ], [ 24.859464, 36.06192 ] ] } },
{ "type": "Feature", "properties": { "TLID": 184644352, "FEDIRP": "N", "FENAME": "Amfitris", "FETYPE": "St", "FEDIRS": null, "FRADDL": 4600.0, "TOADDL": 4748.0, "FRADDR": 4601.0, "TOADDR": 4799.0 }, "geometry": { "type": "LineString", "coordinates": [ [ 24.860964, 36.06122 ], [ 24.859464, 36.06122 ] ] } },
{ "type": "Feature", "properties": { "TLID": 184644354, "FEDIRP": "N", "FENAME": "Alm", "FETYPE": "St", "FEDIRS": null, "FRADDL": 4600.0, "TOADDL": 4798.0, "FRADDR": 4601.0, "TOADDR": 4749.0 }, "geometry": { "type": "LineString", "coordinates": [ [ 24.860964, 36.06032 ], [ 24.859464, 36.06032 ] ] } },
{ "type": "Feature", "properties": { "TLID": 184644355, "FEDIRP": "N", "FENAME": "Alexandrias", "FETYPE": "St", "FEDIRS": null, "FRADDL": 4600.0, "TOADDL": 4798.0, "FRADDR": 4601.0, "TOADDR": 4799.0 }, "geometry": { "type": "LineString", "coordinates": [ [ 24.860964, 36.05942 ], [ 24.859364, 36.05942 ] ] } },
{ "type": "Feature", "properties": { "TLID": 184644356, "FEDIRP": "N", "FENAME": "Omirou", "FETYPE": "St", "FEDIRS": null, "FRADDL": 1500.0, "TOADDL": 1612.0, "FRADDR": 1501.0, "TOADDR": 1699.0 }, "geometry": { "type": "LineString", "coordinates": [ [ 24.859364, 36.05842 ], [ 24.859364, 36.05942 ] ] } },
{ "type": "Feature", "properties": { "TLID": 184644357, "FEDIRP": "N", "FENAME": "Arbete", "FETYPE": "St", "FEDIRS": null, "FRADDL": 4600.0, "TOADDL": 4798.0, "FRADDR": 4601.0, "TOADDR": 4799.0 }, "geometry": { "type": "LineString", "coordinates": [ [ 24.860964, 36.06482 ], [ 24.859464, 36.06472 ] ] } },
{ "type": "Feature", "properties": { "TLID": 184644358, "FEDIRP": "N", "FENAME": "Hacia", "FETYPE": "St", "FEDIRS": null, "FRADDL": 2400.0, "TOADDL": 2498.0, "FRADDR": 2401.0, "TOADDR": 2499.0 }, "geometry": { "type": "LineString", "coordinates": [ [ 24.860964, 36.06382 ], [ 24.860964, 36.06482 ] ] } },
{ "type": "Feature", "properties": { "TLID": 184644359, "FEDIRP": "N", "FENAME": "Arbete", "FETYPE": "St", "FEDIRS": null, "FRADDL": 4500.0, "TOADDL": 4598.0, "FRADDR": 4501.0, "TOADDR": 4599.0 }, "geometry": { "type": "LineString", "coordinates": [ [ 24.862564, 36.06482 ], [ 24.860964, 36.06482 ] ] } },
{ "type": "Feature", "properties": { "TLID": 184644360, "FEDIRP": "N", "FENAME": "Hacia", "FETYPE": "St", "FEDIRS": null, "FRADDL": 2200.0, "TOADDL": 2398.0, "FRADDR": 2201.0, "TOADDR": 2399.0 }, "geometry": { "type": "LineString", "coordinates": [ [ 24.861064, 36.06292 ], [ 24.860964, 36.06382 ] ] } },
{ "type": "Feature", "properties": { "TLID": 184644361, "FEDIRP": "N", "FENAME": "Antoniadou", "FETYPE": "St", "FEDIRS": null, "FRADDL": 4500.0, "TOADDL": 4598.0, "FRADDR": 4501.0, "TOADDR": 4599.0 }, "geometry": { "type": "LineString", "coordinates": [ [ 24.862564, 36.06382 ], [ 24.860964, 36.06382 ] ] } },
{ "type": "Feature", "properties": { "TLID": 184644362, "FEDIRP": "N", "FENAME": "Anntigonou", "FETYPE": "St", "FEDIRS": null, "FRADDL": 4500.0, "TOADDL": 4598.0, "FRADDR": 4501.0, "TOADDR": 4599.0 }, "geometry": { "type": "LineString", "coordinates": [ [ 24.862564, 36.06292 ], [ 24.861064, 36.06292 ] ] } },
{ "type": "Feature", "properties": { "TLID": 184644363, "FEDIRP": "N", "FENAME": "Hacia", "FETYPE": "St", "FEDIRS": null, "FRADDL": 2100.0, "TOADDL": 2198.0, "FRADDR": 2101.0, "TOADDR": 2199.0 }, "geometry": { "type": "LineString", "coordinates": [ [ 24.860964, 36.06192 ], [ 24.861064, 36.06292 ] ] } },
{ "type": "Feature", "properties": { "TLID": 184644365, "FEDIRP": "N", "FENAME": "Arbete", "FETYPE": "St", "FEDIRS": null, "FRADDL": 4400.0, "TOADDL": 4498.0, "FRADDR": 4401.0, "TOADDR": 4499.0 }, "geometry": { "type": "LineString", "coordinates": [ [ 24.864164, 36.06472 ], [ 24.862564, 36.06482 ] ] } },
{ "type": "Feature", "properties": { "TLID": 184644366, "FEDIRP": "N", "FENAME": "Thessalias", "FETYPE": "St", "FEDIRS": null, "FRADDL": 2200.0, "TOADDL": 2398.0, "FRADDR": 2201.0, "TOADDR": 2399.0 }, "geometry": { "type": "LineString", "coordinates": [ [ 24.862564, 36.06292 ], [ 24.862564, 36.06382 ] ] } },
{ "type": "Feature", "properties": { "TLID": 184644367, "FEDIRP": "N", "FENAME": "Antoniadou", "FETYPE": "St", "FEDIRS": null, "FRADDL": 4400.0, "TOADDL": 4498.0, "FRADDR": 4401.0, "TOADDR": 4499.0 }, "geometry": { "type": "LineString", "coordinates": [ [ 24.864164, 36.06382 ], [ 24.862564, 36.06382 ] ] } },
{ "type": "Feature", "properties": { "TLID": 184644368, "FEDIRP": "N", "FENAME": "Anntigonou", "FETYPE": "St", "FEDIRS": null, "FRADDL": 4400.0, "TOADDL": 4498.0, "FRADDR": 4401.0, "TOADDR": 4499.0 }, "geometry": { "type": "LineString", "coordinates": [ [ 24.864164, 36.06292 ], [ 24.862564, 36.06292 ] ] } },
{ "type": "Feature", "properties": { "TLID": 184644369, "FEDIRP": "N", "FENAME": "Hacia", "FETYPE": "St", "FEDIRS": null, "FRADDL": 1900.0, "TOADDL": 2098.0, "FRADDR": 1901.0, "TOADDR": 2099.0 }, "geometry": { "type": "LineString", "coordinates": [ [ 24.860964, 36.06122 ], [ 24.860964, 36.06192 ] ] } },
{ "type": "Feature", "properties": { "TLID": 184644370, "FEDIRP": "N", "FENAME": "Androutsou", "FETYPE": "St", "FEDIRS": null, "FRADDL": 4500.0, "TOADDL": 4598.0, "FRADDR": 4501.0, "TOADDR": 4599.0 }, "geometry": { "type": "LineString", "coordinates": [ [ 24.862464, 36.06192 ], [ 24.860964, 36.06192 ] ] } },
{ "type": "Feature", "properties": { "TLID": 184644371, "FEDIRP": "N", "FENAME": "Hacia", "FETYPE": "St", "FEDIRS": null, "FRADDL": 1800.0, "TOADDL": 1898.0, "FRADDR": 1801.0, "TOADDR": 1899.0 }, "geometry": { "type": "LineString", "coordinates": [ [ 24.860964, 36.06032 ], [ 24.860964, 36.06122 ] ] } },
{ "type": "Feature", "properties": { "TLID": 184644372, "FEDIRP": "N", "FENAME": "Amfitris", "FETYPE": "St", "FEDIRS": null, "FRADDL": 4500.0, "TOADDL": 4598.0, "FRADDR": 4501.0, "TOADDR": 4599.0 }, "geometry": { "type": "LineString", "coordinates": [ [ 24.862464, 36.06122 ], [ 24.860964, 36.06122 ] ] } },
{ "type": "Feature", "properties": { "TLID": 184644373, "FEDIRP": "N", "FENAME": "Hacia", "FETYPE": "St", "FEDIRS": null, "FRADDL": 1600.0, "TOADDL": 1798.0, "FRADDR": 1601.0, "TOADDR": 1799.0 }, "geometry": { "type": "LineString", "coordinates": [ [ 24.860964, 36.05942 ], [ 24.860964, 36.06032 ] ] } },
{ "type": "Feature", "properties": { "TLID": 184644374, "FEDIRP": "N", "FENAME": "Alm", "FETYPE": "St", "FEDIRS": null, "FRADDL": 4500.0, "TOADDL": 4598.0, "FRADDR": 4501.0, "TOADDR": 4599.0 }, "geometry": { "type": "LineString", "coordinates": [ [ 24.862464, 36.06032 ], [ 24.860964, 36.06032 ] ] } },
{ "type": "Feature", "properties": { "TLID": 184644375, "FEDIRP": "N", "FENAME": "Alexandrias", "FETYPE": "St", "FEDIRS": null, "FRADDL": 4500.0, "TOADDL": 4598.0, "FRADDR": 4501.0, "TOADDR": 4599.0 }, "geometry": { "type": "LineString", "coordinates": [ [ 24.862464, 36.05942 ], [ 24.860964, 36.05942 ] ] } },
{ "type": "Feature", "properties": { "TLID": 184644376, "FEDIRP": "N", "FENAME": "Hacia", "FETYPE": "St", "FEDIRS": null, "FRADDL": 1500.0, "TOADDL": 1598.0, "FRADDR": 1501.0, "TOADDR": 1599.0 }, "geometry": { "type": "LineString", "coordinates": [ [ 24.860964, 36.05842 ], [ 24.860964, 36.05942 ] ] } },
{ "type": "Feature", "properties": { "TLID": 184644377, "FEDIRP": "N", "FENAME": "Thessalias", "FETYPE": "St", "FEDIRS": null, "FRADDL": 1900.0, "TOADDL": 2198.0, "FRADDR": 1901.0, "TOADDR": 2199.0 }, "geometry": { "type": "LineString", "coordinates": [ [ 24.862464, 36.06122 ], [ 24.862464, 36.06192 ] ] } },
{ "type": "Feature", "properties": { "TLID": 184644378, "FEDIRP": "N", "FENAME": "Androutsou", "FETYPE": "St", "FEDIRS": null, "FRADDL": 4400.0, "TOADDL": 4498.0, "FRADDR": 4401.0, "TOADDR": 4499.0 }, "geometry": { "type": "LineString", "coordinates": [ [ 24.864064, 36.06192 ], [ 24.862464, 36.06192 ] ] } },
{ "type": "Feature", "properties": { "TLID": 184644379, "FEDIRP": "N", "FENAME": "Thessalias", "FETYPE": "St", "FEDIRS": null, "FRADDL": 1800.0, "TOADDL": 1898.0, "FRADDR": 1801.0, "TOADDR": 1899.0 }, "geometry": { "type": "LineString", "coordinates": [ [ 24.862464, 36.06032 ], [ 24.862464, 36.06122 ] ] } },
{ "type": "Feature", "properties": { "TLID": 184644380, "FEDIRP": "N", "FENAME": "Amfitris", "FETYPE": "St", "FEDIRS": null, "FRADDL": 4400.0, "TOADDL": 4498.0, "FRADDR": 4401.0, "TOADDR": 4499.0 }, "geometry": { "type": "LineString", "coordinates": [ [ 24.864064, 36.06122 ], [ 24.862464, 36.06122 ] ] } },
{ "type": "Feature", "properties": { "TLID": 184644381, "FEDIRP": "N", "FENAME": "Thessalias", "FETYPE": "St", "FEDIRS": null, "FRADDL": 1600.0, "TOADDL": 1798.0, "FRADDR": 1601.0, "TOADDR": 1799.0 }, "geometry": { "type": "LineString", "coordinates": [ [ 24.862464, 36.05942 ], [ 24.862464, 36.06032 ] ] } },
{ "type": "Feature", "properties": { "TLID": 184644382, "FEDIRP": "N", "FENAME": "Alm", "FETYPE": "St", "FEDIRS": null, "FRADDL": 4400.0, "TOADDL": 4498.0, "FRADDR": 4401.0, "TOADDR": 4499.0 }, "geometry": { "type": "LineString", "coordinates": [ [ 24.864064, 36.06032 ], [ 24.862464, 36.06032 ] ] } },
{ "type": "Feature", "properties": { "TLID": 184644383, "FEDIRP": "N", "FENAME": "Thessalias", "FETYPE": "St", "FEDIRS": null, "FRADDL": 1500.0, "TOADDL": 1598.0, "FRADDR": 1501.0, "TOADDR": 1599.0 }, "geometry": { "type": "LineString", "coordinates": [ [ 24.862464, 36.05852 ], [ 24.862464, 36.05942 ] ] } },
{ "type": "Feature", "properties": { "TLID": 184644384, "FEDIRP": "N", "FENAME": "Alexandrias", "FETYPE": "St", "FEDIRS": null, "FRADDL": 4400.0, "TOADDL": 4498.0, "FRADDR": 4401.0, "TOADDR": 4499.0 }, "geometry": { "type": "LineString", "coordinates": [ [ 24.864064, 36.05942 ], [ 24.862464, 36.05942 ] ] } },
{ "type": "Feature", "properties": { "TLID": 184644385, "FEDIRP": "N", "FENAME": "Alamanas", "FETYPE": "St", "FEDIRS": null, "FRADDL": 5000.0, "TOADDL": 5098.0, "FRADDR": 5001.0, "TOADDR": 5099.0 }, "geometry": { "type": "LineString", "coordinates": [ [ 24.856466, 36.058526 ], [ 24.855072, 36.05851 ] ] } },
{ "type": "Feature", "properties": { "TLID": 184644386, "FEDIRP": "N", "FENAME": "Limnou", "FETYPE": "St", "FEDIRS": null, "FRADDL": 1400.0, "TOADDL": 1498.0, "FRADDR": 1401.0, "TOADDR": 1499.0 }, "geometry": { "type": "LineString", "coordinates": [ [ 24.856464, 36.05752 ], [ 24.856466, 36.058526 ] ] } },
{ "type": "Feature", "properties": { "TLID": 184644387, "FEDIRP": "N", "FENAME": "Limnou", "FETYPE": "St", "FEDIRS": null, "FRADDL": 1300.0, "TOADDL": 1398.0, "FRADDR": 1301.0, "TOADDR": 1399.0 }, "geometry": { "type": "LineString", "coordinates": [ [ 24.856468, 36.056596 ], [ 24.856464, 36.05752 ] ] } },
{ "type": "Feature", "properties": { "TLID": 184644388, "FEDIRP": "N", "FENAME": "Agisilaou", "FETYPE": "St", "FEDIRS": null, "FRADDL": 4900.0, "TOADDL": 4998.0, "FRADDR": 4901.0, "TOADDR": 4999.0 }, "geometry": { "type": "LineString", "coordinates": [ [ 24.857964, 36.05752 ], [ 24.856464, 36.05752 ] ] } },
{ "type": "Feature", "properties": { "TLID": 184644390, "FEDIRP": "N", "FENAME": "Ithakis", "FETYPE": "St", "FEDIRS": null, "FRADDL": 1300.0, "TOADDL": 1398.0, "FRADDR": 1301.0, "TOADDR": 1399.0 }, "geometry": { "type": "LineString", "coordinates": [ [ 24.857964, 36.05662 ], [ 24.857964, 36.05752 ] ] } },
{ "type": "Feature", "properties": { "TLID": 184644391, "FEDIRP": "N", "FENAME": "Agisilaou", "FETYPE": "St", "FEDIRS": null, "FRADDL": 4800.0, "TOADDL": 4898.0, "FRADDR": 4801.0, "TOADDR": 4899.0 }, "geometry": { "type": "LineString", "coordinates": [ [ 24.859464, 36.05752 ], [ 24.857964, 36.05752 ] ] } },
{ "type": "Feature", "properties": { "TLID": 184644392, "FEDIRP": "N", "FENAME": "Agentes", "FETYPE": "St", "FEDIRS": null, "FRADDL": 4900.0, "TOADDL": 4998.0, "FRADDR": 4901.0, "TOADDR": 4999.0 }, "geometry": { "type": "LineString", "coordinates": [ [ 24.857964, 36.05562 ], [ 24.856464, 36.05562 ] ] } },
{ "type": "Feature", "properties": { "TLID": 184644393, "FEDIRP": "N", "FENAME": "Limnou", "FETYPE": "St", "FEDIRS": null, "FRADDL": 1100.0, "TOADDL": 1198.0, "FRADDR": 1101.0, "TOADDR": 1199.0 }, "geometry": { "type": "LineString", "coordinates": [ [ 24.856464, 36.05472 ], [ 24.856464, 36.05562 ] ] } },
{ "type": "Feature", "properties": { "TLID": 184644394, "FEDIRP": "N", "FENAME": "Agiasou", "FETYPE": "St", "FEDIRS": null, "FRADDL": 4900.0, "TOADDL": 4998.0, "FRADDR": 4901.0, "TOADDR": 4999.0 }, "geometry": { "type": "LineString", "coordinates": [ [ 24.857964, 36.05662 ], [ 24.856468, 36.056596 ] ] } },
{ "type": "Feature", "properties": { "TLID": 184644395, "FEDIRP": "N", "FENAME": "Ithakis", "FETYPE": "St", "FEDIRS": null, "FRADDL": 1200.0, "TOADDL": 1298.0, "FRADDR": 1201.0, "TOADDR": 1299.0 }, "geometry": { "type": "LineString", "coordinates": [ [ 24.857964, 36.05562 ], [ 24.857964, 36.05662 ] ] } },
{ "type": "Feature", "properties": { "TLID": 184644396, "FEDIRP": "N", "FENAME": "Agiasou", "FETYPE": "St", "FEDIRS": null, "FRADDL": 4800.0, "TOADDL": 4898.0, "FRADDR": 4801.0, "TOADDR": 4899.0 }, "geometry": { "type": "LineString", "coordinates": [ [ 24.859464, 36.05662 ], [ 24.857964, 36.05662 ] ] } },
{ "type": "Feature", "properties": { "TLID": 184644397, "FEDIRP": "N", "FENAME": "Ithakis", "FETYPE": "St", "FEDIRS": null, "FRADDL": 1100.0, "TOADDL": 1198.0, "FRADDR": 1101.0, "TOADDR": 1199.0 }, "geometry": { "type": "LineString", "coordinates": [ [ 24.857964, 36.05472 ], [ 24.857964, 36.05562 ] ] } },
{ "type": "Feature", "properties": { "TLID": 184644398, "FEDIRP": "N", "FENAME": "Omirou", "FETYPE": "St", "FEDIRS": null, "FRADDL": 1400.0, "TOADDL": 1498.0, "FRADDR": 1401.0, "TOADDR": 1499.0 }, "geometry": { "type": "LineString", "coordinates": [ [ 24.859464, 36.05752 ], [ 24.859364, 36.05842 ] ] } },
{ "type": "Feature", "properties": { "TLID": 184644399, "FEDIRP": "N", "FENAME": "Alamanas", "FETYPE": "St", "FEDIRS": null, "FRADDL": 4600.0, "TOADDL": 4798.0, "FRADDR": 4601.0, "TOADDR": 4799.0 }, "geometry": { "type": "LineString", "coordinates": [ [ 24.860964, 36.05842 ], [ 24.859364, 36.05842 ] ] } },
{ "type": "Feature", "properties": { "TLID": 184644400, "FEDIRP": "N", "FENAME": "Omirou", "FETYPE": "St", "FEDIRS": null, "FRADDL": 1300.0, "TOADDL": 1398.0, "FRADDR": 1301.0, "TOADDR": 1399.0 }, "geometry": { "type": "LineString", "coordinates": [ [ 24.859464, 36.05662 ], [ 24.859464, 36.05752 ] ] } },
{ "type": "Feature", "properties": { "TLID": 184644401, "FEDIRP": "N", "FENAME": "Agisilaou", "FETYPE": "St", "FEDIRS": null, "FRADDL": 4600.0, "TOADDL": 4798.0, "FRADDR": 4601.0, "TOADDR": 4799.0 }, "geometry": { "type": "LineString", "coordinates": [ [ 24.860975, 36.057531 ], [ 24.859464, 36.05752 ] ] } },
{ "type": "Feature", "properties": { "TLID": 184644402, "FEDIRP": "N", "FENAME": "Omirou", "FETYPE": "St", "FEDIRS": null, "FRADDL": 1200.0, "TOADDL": 1298.0, "FRADDR": 1201.0, "TOADDR": 1299.0 }, "geometry": { "type": "LineString", "coordinates": [ [ 24.859483, 36.055662 ], [ 24.859464, 36.05662 ] ] } },
{ "type": "Feature", "properties": { "TLID": 184644403, "FEDIRP": "N", "FENAME": "Agiasou", "FETYPE": "St", "FEDIRS": null, "FRADDL": 4600.0, "TOADDL": 4798.0, "FRADDR": 4601.0, "TOADDR": 4799.0 }, "geometry": { "type": "LineString", "coordinates": [ [ 24.860964, 36.05662 ], [ 24.859464, 36.05662 ] ] } },
{ "type": "Feature", "properties": { "TLID": 184644404, "FEDIRP": "N", "FENAME": "Agentes", "FETYPE": "St", "FEDIRS": null, "FRADDL": 4800.0, "TOADDL": 4898.0, "FRADDR": 4801.0, "TOADDR": 4899.0 }, "geometry": { "type": "LineString", "coordinates": [ [ 24.859483, 36.055662 ], [ 24.857964, 36.05562 ] ] } },
{ "type": "Feature", "properties": { "TLID": 184644405, "FEDIRP": "N", "FENAME": "Omirou", "FETYPE": "St", "FEDIRS": null, "FRADDL": 1100.0, "TOADDL": 1198.0, "FRADDR": 1101.0, "TOADDR": 1199.0 }, "geometry": { "type": "LineString", "coordinates": [ [ 24.859451, 36.054716 ], [ 24.859483, 36.055662 ] ] } },
{ "type": "Feature", "properties": { "TLID": 184644406, "FEDIRP": "N", "FENAME": "Agentes", "FETYPE": "St", "FEDIRS": null, "FRADDL": 4600.0, "TOADDL": 4798.0, "FRADDR": 4601.0, "TOADDR": 4799.0 }, "geometry": { "type": "LineString", "coordinates": [ [ 24.860991, 36.055716 ], [ 24.859483, 36.055662 ] ] } },
{ "type": "Feature", "properties": { "TLID": 184644407, "FEDIRP": "N", "FENAME": "Achilleos", "FETYPE": "St", "FEDIRS": null, "FRADDL": 4900.0, "TOADDL": 4998.0, "FRADDR": 4901.0, "TOADDR": 4999.0 }, "geometry": { "type": "LineString", "coordinates": [ [ 24.857964, 36.05472 ], [ 24.856464, 36.05472 ] ] } },
{ "type": "Feature", "properties": { "TLID": 184644408, "FEDIRP": "N", "FENAME": "Limnou", "FETYPE": "St", "FEDIRS": null, "FRADDL": 1000.0, "TOADDL": 1098.0, "FRADDR": 1001.0, "TOADDR": 1099.0 }, "geometry": { "type": "LineString", "coordinates": [ [ 24.856464, 36.05382 ], [ 24.856464, 36.05472 ] ] } },
{ "type": "Feature", "properties": { "TLID": 184644409, "FEDIRP": "N", "FENAME": "Ithakis", "FETYPE": "St", "FEDIRS": null, "FRADDL": 1000.0, "TOADDL": 1098.0, "FRADDR": 1001.0, "TOADDR": 1099.0 }, "geometry": { "type": "LineString", "coordinates": [ [ 24.857964, 36.05382 ], [ 24.857964, 36.05472 ] ] } },
{ "type": "Feature", "properties": { "TLID": 184644410, "FEDIRP": "N", "FENAME": "Limnou", "FETYPE": "St", "FEDIRS": null, "FRADDL": 900.0, "TOADDL": 998.0, "FRADDR": 901.0, "TOADDR": 999.0 }, "geometry": { "type": "LineString", "coordinates": [ [ 24.856464, 36.05292 ], [ 24.856464, 36.05382 ] ] } },
{ "type": "Feature", "properties": { "TLID": 184644411, "FEDIRP": "N", "FENAME": "Acera", "FETYPE": "St", "FEDIRS": null, "FRADDL": 4900.0, "TOADDL": 4998.0, "FRADDR": 4901.0, "TOADDR": 4999.0 }, "geometry": { "type": "LineString", "coordinates": [ [ 24.857964, 36.05382 ], [ 24.856464, 36.05382 ] ] } },
{ "type": "Feature", "properties": { "TLID": 184644412, "FEDIRP": "N", "FENAME": "Ermou", "FETYPE": "St", "FEDIRS": null, "FRADDL": 4800.0, "TOADDL": 4998.0, "FRADDR": 4801.0, "TOADDR": 4999.0 }, "geometry": { "type": "LineString", "coordinates": [ [ 24.859464, 36.05292 ], [ 24.856464, 36.05292 ] ] } },
{ "type": "Feature", "properties": { "TLID": 184644413, "FEDIRP": "N", "FENAME": "Limnou", "FETYPE": "St", "FEDIRS": null, "FRADDL": 800.0, "TOADDL": 898.0, "FRADDR": 801.0, "TOADDR": 899.0 }, "geometry": { "type": "LineString", "coordinates": [ [ 24.856464, 36.05192 ], [ 24.856464, 36.05292 ] ] } },
{ "type": "Feature", "properties": { "TLID": 184644414, "FEDIRP": "N", "FENAME": "Acera", "FETYPE": "St", "FEDIRS": null, "FRADDL": 4800.0, "TOADDL": 4898.0, "FRADDR": 4801.0, "TOADDR": 4899.0 }, "geometry": { "type": "LineString", "coordinates": [ [ 24.859464, 36.05382 ], [ 24.857964, 36.05382 ] ] } },
{ "type": "Feature", "properties": { "TLID": 184644415, "FEDIRP": "N", "FENAME": "Achilleos", "FETYPE": "St", "FEDIRS": null, "FRADDL": 4800.0, "TOADDL": 4898.0, "FRADDR": 4801.0, "TOADDR": 4899.0 }, "geometry": { "type": "LineString", "coordinates": [ [ 24.859451, 36.054716 ], [ 24.857964, 36.05472 ] ] } },
{ "type": "Feature", "properties": { "TLID": 184644416, "FEDIRP": "N", "FENAME": "Omirou", "FETYPE": "St", "FEDIRS": null, "FRADDL": 1000.0, "TOADDL": 1098.0, "FRADDR": 1001.0, "TOADDR": 1099.0 }, "geometry": { "type": "LineString", "coordinates": [ [ 24.859464, 36.05382 ], [ 24.859451, 36.054716 ] ] } },
{ "type": "Feature", "properties": { "TLID": 184644417, "FEDIRP": "N", "FENAME": "Achilleos", "FETYPE": "St", "FEDIRS": null, "FRADDL": 4600.0, "TOADDL": 4798.0, "FRADDR": 4601.0, "TOADDR": 4799.0 }, "geometry": { "type": "LineString", "coordinates": [ [ 24.860964, 36.05472 ], [ 24.859451, 36.054716 ] ] } },
{ "type": "Feature", "properties": { "TLID": 184644418, "FEDIRP": "N", "FENAME": "Omirou", "FETYPE": "St", "FEDIRS": null, "FRADDL": 900.0, "TOADDL": 998.0, "FRADDR": 901.0, "TOADDR": 999.0 }, "geometry": { "type": "LineString", "coordinates": [ [ 24.859464, 36.05292 ], [ 24.859464, 36.05382 ] ] } },
{ "type": "Feature", "properties": { "TLID": 184644419, "FEDIRP": "N", "FENAME": "Acera", "FETYPE": "St", "FEDIRS": null, "FRADDL": 4600.0, "TOADDL": 4798.0, "FRADDR": 4601.0, "TOADDR": 4799.0 }, "geometry": { "type": "LineString", "coordinates": [ [ 24.860964, 36.05382 ], [ 24.859464, 36.05382 ] ] } },
{ "type": "Feature", "properties": { "TLID": 184644420, "FEDIRP": "N", "FENAME": "Ermou", "FETYPE": "St", "FEDIRS": null, "FRADDL": 4600.0, "TOADDL": 4798.0, "FRADDR": 4601.0, "TOADDR": 4799.0 }, "geometry": { "type": "LineString", "coordinates": [ [ 24.861064, 36.05292 ], [ 24.859464, 36.05292 ] ] } },
{ "type": "Feature", "properties": { "TLID": 184644421, "FEDIRP": "N", "FENAME": "Omirou", "FETYPE": "St", "FEDIRS": null, "FRADDL": 800.0, "TOADDL": 898.0, "FRADDR": 801.0, "TOADDR": 899.0 }, "geometry": { "type": "LineString", "coordinates": [ [ 24.859464, 36.05192 ], [ 24.859464, 36.05292 ] ] } },
{ "type": "Feature", "properties": { "TLID": 184644422, "FEDIRP": "N", "FENAME": "Hacia", "FETYPE": "St", "FEDIRS": null, "FRADDL": 1400.0, "TOADDL": 1498.0, "FRADDR": 1401.0, "TOADDR": 1499.0 }, "geometry": { "type": "LineString", "coordinates": [ [ 24.860975, 36.057531 ], [ 24.860964, 36.05842 ] ] } },
{ "type": "Feature", "properties": { "TLID": 184644423, "FEDIRP": "N", "FENAME": "Hacia", "FETYPE": "St", "FEDIRS": null, "FRADDL": 1300.0, "TOADDL": 1398.0, "FRADDR": 1301.0, "TOADDR": 1399.0 }, "geometry": { "type": "LineString", "coordinates": [ [ 24.860964, 36.05662 ], [ 24.860975, 36.057531 ] ] } },
{ "type": "Feature", "properties": { "TLID": 184644424, "FEDIRP": "N", "FENAME": "Agisilaou", "FETYPE": "St", "FEDIRS": null, "FRADDL": 4500.0, "TOADDL": 4598.0, "FRADDR": 4501.0, "TOADDR": 4599.0 }, "geometry": { "type": "LineString", "coordinates": [ [ 24.862464, 36.05752 ], [ 24.860975, 36.057531 ] ] } },
{ "type": "Feature", "properties": { "TLID": 184644425, "FEDIRP": "N", "FENAME": "Hacia", "FETYPE": "St", "FEDIRS": null, "FRADDL": 1200.0, "TOADDL": 1298.0, "FRADDR": 1201.0, "TOADDR": 1299.0 }, "geometry": { "type": "LineString", "coordinates": [ [ 24.860991, 36.055716 ], [ 24.860964, 36.05662 ] ] } },
{ "type": "Feature", "properties": { "TLID": 184644426, "FEDIRP": "N", "FENAME": "Agiasou", "FETYPE": "St", "FEDIRS": null, "FRADDL": 4500.0, "TOADDL": 4598.0, "FRADDR": 4501.0, "TOADDR": 4599.0 }, "geometry": { "type": "LineString", "coordinates": [ [ 24.862464, 36.05662 ], [ 24.860964, 36.05662 ] ] } },
{ "type": "Feature", "properties": { "TLID": 184644427, "FEDIRP": "N", "FENAME": "Agentes", "FETYPE": "St", "FEDIRS": null, "FRADDL": 4500.0, "TOADDL": 4598.0, "FRADDR": 4501.0, "TOADDR": 4599.0 }, "geometry": { "type": "LineString", "coordinates": [ [ 24.862464, 36.05572 ], [ 24.860991, 36.055716 ] ] } },
{ "type": "Feature", "properties": { "TLID": 184644428, "FEDIRP": "N", "FENAME": "Hacia", "FETYPE": "St", "FEDIRS": null, "FRADDL": 1100.0, "TOADDL": 1198.0, "FRADDR": 1101.0, "TOADDR": 1199.0 }, "geometry": { "type": "LineString", "coordinates": [ [ 24.860964, 36.05472 ], [ 24.860991, 36.055716 ] ] } },
{ "type": "Feature", "properties": { "TLID": 184644429, "FEDIRP": "N", "FENAME": "Alamanas", "FETYPE": "St", "FEDIRS": null, "FRADDL": 4500.0, "TOADDL": 4598.0, "FRADDR": 4501.0, "TOADDR": 4599.0 }, "geometry": { "type": "LineString", "coordinates": [ [ 24.862464, 36.05852 ], [ 24.860964, 36.05842 ] ] } },
{ "type": "Feature", "properties": { "TLID": 184644430, "FEDIRP": "N", "FENAME": "Thessalias", "FETYPE": "St", "FEDIRS": null, "FRADDL": 1400.0, "TOADDL": 1498.0, "FRADDR": 1401.0, "TOADDR": 1499.0 }, "geometry": { "type": "LineString", "coordinates": [ [ 24.862464, 36.05752 ], [ 24.862464, 36.05852 ] ] } },
{ "type": "Feature", "properties": { "TLID": 184644431, "FEDIRP": "N", "FENAME": "Alamanas", "FETYPE": "St", "FEDIRS": null, "FRADDL": 4400.0, "TOADDL": 4498.0, "FRADDR": 4401.0, "TOADDR": 4499.0 }, "geometry": { "type": "LineString", "coordinates": [ [ 24.864064, 36.05852 ], [ 24.862464, 36.05852 ] ] } },
{ "type": "Feature", "properties": { "TLID": 184644432, "FEDIRP": "N", "FENAME": "Thessalias", "FETYPE": "St", "FEDIRS": null, "FRADDL": 1300.0, "TOADDL": 1398.0, "FRADDR": 1301.0, "TOADDR": 1399.0 }, "geometry": { "type": "LineString", "coordinates": [ [ 24.862464, 36.05662 ], [ 24.862464, 36.05752 ] ] } },
{ "type": "Feature", "properties": { "TLID": 184644433, "FEDIRP": "N", "FENAME": "Thessalias", "FETYPE": "St", "FEDIRS": null, "FRADDL": 1200.0, "TOADDL": 1298.0, "FRADDR": 1201.0, "TOADDR": 1299.0 }, "geometry": { "type": "LineString", "coordinates": [ [ 24.862464, 36.05572 ], [ 24.862464, 36.05662 ] ] } },
{ "type": "Feature", "properties": { "TLID": 184644434, "FEDIRP": "N", "FENAME": "Agiasou", "FETYPE": "St", "FEDIRS": null, "FRADDL": 4400.0, "TOADDL": 4498.0, "FRADDR": 4401.0, "TOADDR": 4499.0 }, "geometry": { "type": "LineString", "coordinates": [ [ 24.864064, 36.05662 ], [ 24.862464, 36.05662 ] ] } },
{ "type": "Feature", "properties": { "TLID": 184644435, "FEDIRP": "N", "FENAME": "Thessalias", "FETYPE": "St", "FEDIRS": null, "FRADDL": 1100.0, "TOADDL": 1198.0, "FRADDR": 1101.0, "TOADDR": 1199.0 }, "geometry": { "type": "LineString", "coordinates": [ [ 24.862464, 36.05472 ], [ 24.862464, 36.05572 ] ] } },
{ "type": "Feature", "properties": { "TLID": 184644436, "FEDIRP": "N", "FENAME": "Agentes", "FETYPE": "St", "FEDIRS": null, "FRADDL": 4400.0, "TOADDL": 4498.0, "FRADDR": 4401.0, "TOADDR": 4499.0 }, "geometry": { "type": "LineString", "coordinates": [ [ 24.864064, 36.05572 ], [ 24.862464, 36.05572 ] ] } },
{ "type": "Feature", "properties": { "TLID": 184644437, "FEDIRP": "N", "FENAME": "Hacia", "FETYPE": "St", "FEDIRS": null, "FRADDL": 1000.0, "TOADDL": 1098.0, "FRADDR": 1001.0, "TOADDR": 1099.0 }, "geometry": { "type": "LineString", "coordinates": [ [ 24.860964, 36.05382 ], [ 24.860964, 36.05472 ] ] } },
{ "type": "Feature", "properties": { "TLID": 184644438, "FEDIRP": "N", "FENAME": "Achilleos", "FETYPE": "St", "FEDIRS": null, "FRADDL": 4500.0, "TOADDL": 4598.0, "FRADDR": 4501.0, "TOADDR": 4599.0 }, "geometry": { "type": "LineString", "coordinates": [ [ 24.862464, 36.05472 ], [ 24.860964, 36.05472 ] ] } },
{ "type": "Feature", "properties": { "TLID": 184644439, "FEDIRP": "N", "FENAME": "Hacia", "FETYPE": "St", "FEDIRS": null, "FRADDL": 900.0, "TOADDL": 998.0, "FRADDR": 901.0, "TOADDR": 999.0 }, "geometry": { "type": "LineString", "coordinates": [ [ 24.861064, 36.05292 ], [ 24.860964, 36.05382 ] ] } },
{ "type": "Feature", "properties": { "TLID": 184644440, "FEDIRP": "N", "FENAME": "Acera", "FETYPE": "St", "FEDIRS": null, "FRADDL": 4500.0, "TOADDL": 4598.0, "FRADDR": 4501.0, "TOADDR": 4599.0 }, "geometry": { "type": "LineString", "coordinates": [ [ 24.862464, 36.05382 ], [ 24.860964, 36.05382 ] ] } },
{ "type": "Feature", "properties": { "TLID": 184644441, "FEDIRP": "N", "FENAME": "Hacia", "FETYPE": "St", "FEDIRS": null, "FRADDL": null, "TOADDL": null, "FRADDR": null, "TOADDR": null }, "geometry": { "type": "LineString", "coordinates": [ [ 24.861064, 36.05292 ], [ 24.860851, 36.052514 ] ] } },
{ "type": "Feature", "properties": { "TLID": 184644442, "FEDIRP": "N", "FENAME": "Ermou", "FETYPE": "St", "FEDIRS": null, "FRADDL": 4500.0, "TOADDL": 4598.0, "FRADDR": 4501.0, "TOADDR": 4599.0 }, "geometry": { "type": "LineString", "coordinates": [ [ 24.862564, 36.05292 ], [ 24.861064, 36.05292 ] ] } },
{ "type": "Feature", "properties": { "TLID": 184644443, "FEDIRP": "N", "FENAME": "Thessalias", "FETYPE": "St", "FEDIRS": null, "FRADDL": 1000.0, "TOADDL": 1098.0, "FRADDR": 1001.0, "TOADDR": 1099.0 }, "geometry": { "type": "LineString", "coordinates": [ [ 24.862464, 36.05382 ], [ 24.862464, 36.05472 ] ] } },
{ "type": "Feature", "properties": { "TLID": 184644444, "FEDIRP": "N", "FENAME": "Achilleos", "FETYPE": "St", "FEDIRS": null, "FRADDL": 4400.0, "TOADDL": 4498.0, "FRADDR": 4401.0, "TOADDR": 4499.0 }, "geometry": { "type": "LineString", "coordinates": [ [ 24.864064, 36.05472 ], [ 24.862464, 36.05472 ] ] } },
{ "type": "Feature", "properties": { "TLID": 184644445, "FEDIRP": "N", "FENAME": "Thessalias", "FETYPE": "St", "FEDIRS": null, "FRADDL": 900.0, "TOADDL": 998.0, "FRADDR": 901.0, "TOADDR": 999.0 }, "geometry": { "type": "LineString", "coordinates": [ [ 24.862564, 36.05292 ], [ 24.862464, 36.05382 ] ] } },
{ "type": "Feature", "properties": { "TLID": 184644446, "FEDIRP": "N", "FENAME": "Acera", "FETYPE": "St", "FEDIRS": null, "FRADDL": 4400.0, "TOADDL": 4498.0, "FRADDR": 4401.0, "TOADDR": 4499.0 }, "geometry": { "type": "LineString", "coordinates": [ [ 24.864164, 36.05382 ], [ 24.862464, 36.05382 ] ] } },
{ "type": "Feature", "properties": { "TLID": 184644447, "FEDIRP": "N", "FENAME": "Thessalias", "FETYPE": "St", "FEDIRS": null, "FRADDL": 800.0, "TOADDL": 898.0, "FRADDR": 801.0, "TOADDR": 899.0 }, "geometry": { "type": "LineString", "coordinates": [ [ 24.862464, 36.05242 ], [ 24.862564, 36.05292 ] ] } },
{ "type": "Feature", "properties": { "TLID": 184644448, "FEDIRP": "N", "FENAME": "Ermou", "FETYPE": "St", "FEDIRS": null, "FRADDL": 4400.0, "TOADDL": 4498.0, "FRADDR": 4401.0, "TOADDR": 4499.0 }, "geometry": { "type": "LineString", "coordinates": [ [ 24.864064, 36.05292 ], [ 24.862564, 36.05292 ] ] } },
{ "type": "Feature", "properties": { "TLID": 184644452, "FEDIRP": "N", "FENAME": "Thessalias", "FETYPE": "St", "FEDIRS": null, "FRADDL": 4600.0, "TOADDL": 4698.0, "FRADDR": 4601.0, "TOADDR": 4699.0 }, "geometry": { "type": "LineString", "coordinates": [ [ 24.862964, 36.08542 ], [ 24.862964, 36.08622 ] ] } },
{ "type": "Feature", "properties": { "TLID": 184644453, "FEDIRP": "N", "FENAME": "Thessalias", "FETYPE": "St", "FEDIRS": null, "FRADDL": 4550.0, "TOADDL": 4598.0, "FRADDR": 4501.0, "TOADDR": 4599.0 }, "geometry": { "type": "LineString", "coordinates": [ [ 24.863064, 36.08442 ], [ 24.862964, 36.08542 ] ] } },
{ "type": "Feature", "properties": { "TLID": 184644454, "FEDIRP": "N", "FENAME": "Delfon", "FETYPE": "St", "FEDIRS": null, "FRADDL": 4400.0, "TOADDL": 4498.0, "FRADDR": 4401.0, "TOADDR": 4499.0 }, "geometry": { "type": "LineString", "coordinates": [ [ 24.863764, 36.08542 ], [ 24.862964, 36.08542 ] ] } },
{ "type": "Feature", "properties": { "TLID": 184644455, "FEDIRP": "N", "FENAME": "Darluniau", "FETYPE": "St", "FEDIRS": null, "FRADDL": 4400.0, "TOADDL": 4498.0, "FRADDR": 4401.0, "TOADDR": 4499.0 }, "geometry": { "type": "LineString", "coordinates": [ [ 24.864164, 36.08442 ], [ 24.863064, 36.08442 ] ] } },
{ "type": "Feature", "properties": { "TLID": 184644456, "FEDIRP": "N", "FENAME": "Thessalias", "FETYPE": "St", "FEDIRS": null, "FRADDL": 4500.0, "TOADDL": 4548.0, "FRADDR": 4451.0, "TOADDR": 4499.0 }, "geometry": { "type": "LineString", "coordinates": [ [ 24.862964, 36.08412 ], [ 24.863064, 36.08442 ] ] } },
{ "type": "Feature", "properties": { "TLID": 184644458, "FEDIRP": "N", "FENAME": "Spetson", "FETYPE": "St", "FEDIRS": null, "FRADDL": 4500.0, "TOADDL": 4598.0, "FRADDR": 4409.0, "TOADDR": 4599.0 }, "geometry": { "type": "LineString", "coordinates": [ [ 24.864164, 36.08442 ], [ 24.864164, 36.08502 ], [ 24.863764, 36.08542 ] ] } },
{ "type": "Feature", "properties": { "TLID": 184644459, "FEDIRP": "N", "FENAME": "Spetson", "FETYPE": "St", "FEDIRS": null, "FRADDL": 4400.0, "TOADDL": 4498.0, "FRADDR": 4401.0, "TOADDR": 4407.0 }, "geometry": { "type": "LineString", "coordinates": [ [ 24.864264, 36.08352 ], [ 24.864164, 36.08442 ] ] } },
{ "type": "Feature", "properties": { "TLID": 184644468, "FEDIRP": "N", "FENAME": "Thessalias", "FETYPE": "St", "FEDIRS": null, "FRADDL": 4318.0, "TOADDL": 4498.0, "FRADDR": 4401.0, "TOADDR": 4449.0 }, "geometry": { "type": "LineString", "coordinates": [ [ 24.862964, 36.08352 ], [ 24.862964, 36.08412 ] ] } },
{ "type": "Feature", "properties": { "TLID": 184644469, "FEDIRP": "N", "FENAME": "Thessalias", "FETYPE": "St", "FEDIRS": null, "FRADDL": 4300.0, "TOADDL": 4316.0, "FRADDR": 4301.0, "TOADDR": 4399.0 }, "geometry": { "type": "LineString", "coordinates": [ [ 24.862964, 36.08292 ], [ 24.862964, 36.08352 ] ] } },
{ "type": "Feature", "properties": { "TLID": 184644470, "FEDIRP": "N", "FENAME": "Dafnidos", "FETYPE": "St", "FEDIRS": null, "FRADDL": 4400.0, "TOADDL": 4498.0, "FRADDR": 4401.0, "TOADDR": 4499.0 }, "geometry": { "type": "LineString", "coordinates": [ [ 24.864264, 36.08352 ], [ 24.862964, 36.08352 ] ] } },
{ "type": "Feature", "properties": { "TLID": 184644471, "FEDIRP": "N", "FENAME": "Carretera", "FETYPE": "St", "FEDIRS": null, "FRADDL": 4400.0, "TOADDL": 4498.0, "FRADDR": 4401.0, "TOADDR": 4499.0 }, "geometry": { "type": "LineString", "coordinates": [ [ 24.864264, 36.08292 ], [ 24.862964, 36.08292 ] ] } },
{ "type": "Feature", "properties": { "TLID": 184644472, "FEDIRP": "N", "FENAME": "Thessalias", "FETYPE": "St", "FEDIRS": null, "FRADDL": 4200.0, "TOADDL": 4298.0, "FRADDR": 4201.0, "TOADDR": 4299.0 }, "geometry": { "type": "LineString", "coordinates": [ [ 24.862864, 36.08172 ], [ 24.862964, 36.08292 ] ] } },
{ "type": "Feature", "properties": { "TLID": 184644473, "FEDIRP": "N", "FENAME": "Spetson", "FETYPE": "St", "FEDIRS": null, "FRADDL": 4300.0, "TOADDL": 4398.0, "FRADDR": 4367.0, "TOADDR": 4399.0 }, "geometry": { "type": "LineString", "coordinates": [ [ 24.864264, 36.08292 ], [ 24.864264, 36.08352 ] ] } },
{ "type": "Feature", "properties": { "TLID": 184644474, "FEDIRP": "N", "FENAME": "Spetson", "FETYPE": "St", "FEDIRS": null, "FRADDL": 4222.0, "TOADDL": 4298.0, "FRADDR": 4301.0, "TOADDR": 4365.0 }, "geometry": { "type": "LineString", "coordinates": [ [ 24.864264, 36.08272 ], [ 24.864264, 36.08292 ] ] } },
{ "type": "Feature", "properties": { "TLID": 184644475, "FEDIRP": "N", "FENAME": "Carnero", "FETYPE": "St", "FEDIRS": null, "FRADDL": 4400.0, "TOADDL": 4498.0, "FRADDR": 4401.0, "TOADDR": 4499.0 }, "geometry": { "type": "LineString", "coordinates": [ [ 24.864164, 36.08172 ], [ 24.862864, 36.08172 ] ] } },
{ "type": "Feature", "properties": { "TLID": 184644476, "FEDIRP": "N", "FENAME": "Thessalias", "FETYPE": "St", "FEDIRS": null, "FRADDL": 4100.0, "TOADDL": 4198.0, "FRADDR": 4101.0, "TOADDR": 4199.0 }, "geometry": { "type": "LineString", "coordinates": [ [ 24.862964, 36.08052 ], [ 24.862864, 36.08172 ] ] } },
{ "type": "Feature", "properties": { "TLID": 184644477, "FEDIRP": "N", "FENAME": "Spetson", "FETYPE": "St", "FEDIRS": null, "FRADDL": 4200.0, "TOADDL": 4220.0, "FRADDR": 4201.0, "TOADDR": 4299.0 }, "geometry": { "type": "LineString", "coordinates": [ [ 24.864164, 36.08172 ], [ 24.864264, 36.08272 ] ] } },
{ "type": "Feature", "properties": { "TLID": 184644478, "FEDIRP": "N", "FENAME": "Carretera", "FETYPE": "St", "FEDIRS": null, "FRADDL": 4300.0, "TOADDL": 4398.0, "FRADDR": 4301.0, "TOADDR": 4399.0 }, "geometry": { "type": "LineString", "coordinates": [ [ 24.865564, 36.08272 ], [ 24.864264, 36.08272 ] ] } },
{ "type": "Feature", "properties": { "TLID": 184644479, "FEDIRP": "N", "FENAME": "Carnero", "FETYPE": "St", "FEDIRS": null, "FRADDL": 4300.0, "TOADDL": 4398.0, "FRADDR": 4301.0, "TOADDR": 4399.0 }, "geometry": { "type": "LineString", "coordinates": [ [ 24.865664, 36.08162 ], [ 24.864164, 36.08172 ] ] } },
{ "type": "Feature", "properties": { "TLID": 184644480, "FEDIRP": "N", "FENAME": "Spetson", "FETYPE": "St", "FEDIRS": null, "FRADDL": 4100.0, "TOADDL": 4198.0, "FRADDR": 4101.0, "TOADDR": 4199.0 }, "geometry": { "type": "LineString", "coordinates": [ [ 24.864264, 36.08052 ], [ 24.864164, 36.08172 ] ] } },
{ "type": "Feature", "properties": { "TLID": 184644481, "FEDIRP": "N", "FENAME": "Nia", "FETYPE": "Ave", "FEDIRS": null, "FRADDL": 4200.0, "TOADDL": 4298.0, "FRADDR": 4213.0, "TOADDR": 4299.0 }, "geometry": { "type": "LineString", "coordinates": [ [ 24.865664, 36.08162 ], [ 24.865564, 36.08272 ] ] } },
{ "type": "Feature", "properties": { "TLID": 184644482, "FEDIRP": "N", "FENAME": "Nia", "FETYPE": "Ave", "FEDIRS": null, "FRADDL": 4102.0, "TOADDL": 4198.0, "FRADDR": 4201.0, "TOADDR": 4211.0 }, "geometry": { "type": "LineString", "coordinates": [ [ 24.86558, 36.080695 ], [ 24.865664, 36.08162 ] ] } },
{ "type": "Feature", "properties": { "TLID": 184644483, "FEDIRP": "N", "FENAME": "Nia", "FETYPE": "Ave", "FEDIRS": null, "FRADDL": null, "TOADDL": null, "FRADDR": 4101.0, "TOADDR": 4199.0 }, "geometry": { "type": "LineString", "coordinates": [ [ 24.865564, 36.08052 ], [ 24.86558, 36.080695 ] ] } },
{ "type": "Feature", "properties": { "TLID": 184644484, "FEDIRP": "N", "FENAME": "Carden", "FETYPE": "St", "FEDIRS": null, "FRADDL": 4400.0, "TOADDL": 4498.0, "FRADDR": 4401.0, "TOADDR": 4499.0 }, "geometry": { "type": "LineString", "coordinates": [ [ 24.864264, 36.08052 ], [ 24.862964, 36.08052 ] ] } },
{ "type": "Feature", "properties": { "TLID": 184644485, "FEDIRP": "N", "FENAME": "Thessalias", "FETYPE": "St", "FEDIRS": null, "FRADDL": 3900.0, "TOADDL": 4098.0, "FRADDR": 3901.0, "TOADDR": 4099.0 }, "geometry": { "type": "LineString", "coordinates": [ [ 24.862964, 36.07932 ], [ 24.862964, 36.08052 ] ] } },
{ "type": "Feature", "properties": { "TLID": 184644486, "FEDIRP": "N", "FENAME": "Spetson", "FETYPE": "St", "FEDIRS": null, "FRADDL": 3900.0, "TOADDL": 4098.0, "FRADDR": 3901.0, "TOADDR": 4099.0 }, "geometry": { "type": "LineString", "coordinates": [ [ 24.864164, 36.07932 ], [ 24.864264, 36.08052 ] ] } },
{ "type": "Feature", "properties": { "TLID": 184644487, "FEDIRP": "N", "FENAME": "Brada", "FETYPE": "St", "FEDIRS": null, "FRADDL": 4400.0, "TOADDL": 4498.0, "FRADDR": 4401.0, "TOADDR": 4499.0 }, "geometry": { "type": "LineString", "coordinates": [ [ 24.864164, 36.07932 ], [ 24.862964, 36.07932 ] ] } },
{ "type": "Feature", "properties": { "TLID": 184644488, "FEDIRP": "N", "FENAME": "Blant", "FETYPE": "St", "FEDIRS": null, "FRADDL": 4400.0, "TOADDL": 4498.0, "FRADDR": 4401.0, "TOADDR": 4499.0 }, "geometry": { "type": "LineString", "coordinates": [ [ 24.863664, 36.07802 ], [ 24.862964, 36.07802 ] ] } },
{ "type": "Feature", "properties": { "TLID": 184644489, "FEDIRP": "N", "FENAME": "Thessalias", "FETYPE": "St", "FEDIRS": null, "FRADDL": 3700.0, "TOADDL": 3798.0, "FRADDR": 3701.0, "TOADDR": 3799.0 }, "geometry": { "type": "LineString", "coordinates": [ [ 24.862864, 36.07662 ], [ 24.862964, 36.07802 ] ] } },
{ "type": "Feature", "properties": { "TLID": 184644490, "FEDIRP": "N", "FENAME": "Spetson", "FETYPE": "St", "FEDIRS": null, "FRADDL": 3820.0, "TOADDL": 3898.0, "FRADDR": 3851.0, "TOADDR": 3899.0 }, "geometry": { "type": "LineString", "coordinates": [ [ 24.864164, 36.07872 ], [ 24.864164, 36.07932 ] ] } },
{ "type": "Feature", "properties": { "TLID": 184644491, "FEDIRP": "N", "FENAME": "Brada", "FETYPE": "St", "FEDIRS": null, "FRADDL": 4300.0, "TOADDL": 4398.0, "FRADDR": 4301.0, "TOADDR": 4399.0 }, "geometry": { "type": "LineString", "coordinates": [ [ 24.864764, 36.07932 ], [ 24.864164, 36.07932 ] ] } },
{ "type": "Feature", "properties": { "TLID": 184644492, "FEDIRP": "N", "FENAME": "Spetson", "FETYPE": "St", "FEDIRS": null, "FRADDL": 3718.0, "TOADDL": 3798.0, "FRADDR": 3751.0, "TOADDR": 3799.0 }, "geometry": { "type": "LineString", "coordinates": [ [ 24.864064, 36.07702 ], [ 24.863664, 36.07802 ] ] } },
{ "type": "Feature", "properties": { "TLID": 184644493, "FEDIRP": "N", "FENAME": "Spetson", "FETYPE": "St", "FEDIRS": null, "FRADDL": 3800.0, "TOADDL": 3818.0, "FRADDR": 3801.0, "TOADDR": 3849.0 }, "geometry": { "type": "LineString", "coordinates": [ [ 24.863664, 36.07802 ], [ 24.864164, 36.07872 ] ] } },
{ "type": "Feature", "properties": { "TLID": 184644498, "FEDIRP": "N", "FENAME": "Nia", "FETYPE": "Ave", "FEDIRS": null, "FRADDL": 3850.0, "TOADDL": 3898.0, "FRADDR": 3851.0, "TOADDR": 3899.0 }, "geometry": { "type": "LineString", "coordinates": [ [ 24.864164, 36.07872 ], [ 24.864764, 36.07932 ] ] } },
{ "type": "Feature", "properties": { "TLID": 184644499, "FEDIRP": "N", "FENAME": "Far", "FETYPE": "St", "FEDIRS": null, "FRADDL": 4200.0, "TOADDL": 4298.0, "FRADDR": 4201.0, "TOADDR": 4299.0 }, "geometry": { "type": "LineString", "coordinates": [ [ 24.867164, 36.08122 ], [ 24.866064, 36.08232 ], [ 24.865564, 36.08272 ] ] } },
{ "type": "Feature", "properties": { "TLID": 184644500, "FEDIRP": null, "FENAME": "Minnel", "FETYPE": "Way", "FEDIRS": null, "FRADDL": 4100.0, "TOADDL": 4148.0, "FRADDR": 4101.0, "TOADDR": 4149.0 }, "geometry": { "type": "LineString", "coordinates": [ [ 24.865564, 36.08052 ], [ 24.865761, 36.080636 ] ] } },
{ "type": "Feature", "properties": { "TLID": 184644503, "FEDIRP": "N", "FENAME": "Valmai", "FETYPE": "St", "FEDIRS": null, "FRADDL": 3824.0, "TOADDL": 3914.0, "FRADDR": null, "TOADDR": null }, "geometry": { "type": "LineString", "coordinates": [ [ 24.872164, 36.08022 ], [ 24.87083, 36.081269 ] ] } },
{ "type": "Feature", "properties": { "TLID": 184644504, "FEDIRP": null, "FENAME": "Vissaraki", "FETYPE": "St", "FEDIRS": null, "FRADDL": null, "TOADDL": null, "FRADDR": null, "TOADDR": null }, "geometry": { "type": "LineString", "coordinates": [ [ 24.87083, 36.081269 ], [ 24.871089, 36.081399 ] ] } },
{ "type": "Feature", "properties": { "TLID": 184644506, "FEDIRP": null, "FENAME": "Vissaraki", "FETYPE": "St", "FEDIRS": null, "FRADDL": null, "TOADDL": null, "FRADDR": null, "TOADDR": null }, "geometry": { "type": "LineString", "coordinates": [ [ 24.871089, 36.081399 ], [ 24.871486, 36.081658 ] ] } },
{ "type": "Feature", "properties": { "TLID": 184644507, "FEDIRP": null, "FENAME": "Rist", "FETYPE": "Way", "FEDIRS": null, "FRADDL": 3200.0, "TOADDL": 4098.0, "FRADDR": 3201.0, "TOADDR": 4099.0 }, "geometry": { "type": "LineString", "coordinates": [ [ 24.882564, 36.07542 ], [ 24.871486, 36.081658 ] ] } },
{ "type": "Feature", "properties": { "TLID": 184644508, "FEDIRP": "N", "FENAME": "Imvrou", "FETYPE": "St", "FEDIRS": null, "FRADDL": 4000.0, "TOADDL": 4098.0, "FRADDR": 3801.0, "TOADDR": 4099.0 }, "geometry": { "type": "LineString", "coordinates": [ [ 24.871164, 36.07952 ], [ 24.872164, 36.08022 ] ] } },
{ "type": "Feature", "properties": { "TLID": 184644509, "FEDIRP": "N", "FENAME": "Valmai", "FETYPE": "St", "FEDIRS": null, "FRADDL": 3778.0, "TOADDL": 3822.0, "FRADDR": 4001.0, "TOADDR": 4099.0 }, "geometry": { "type": "LineString", "coordinates": [ [ 24.872864, 36.07972 ], [ 24.872164, 36.08022 ] ] } },
{ "type": "Feature", "properties": { "TLID": 184644511, "FEDIRP": null, "FENAME": "Minnel", "FETYPE": "Way", "FEDIRS": null, "FRADDL": 4150.0, "TOADDL": 4198.0, "FRADDR": 4151.0, "TOADDR": 4199.0 }, "geometry": { "type": "LineString", "coordinates": [ [ 24.865761, 36.080636 ], [ 24.867164, 36.08122 ] ] } },
{ "type": "Feature", "properties": { "TLID": 184644513, "FEDIRP": "N", "FENAME": "Tsimiski", "FETYPE": "St", "FEDIRS": null, "FRADDL": 3900.0, "TOADDL": 3998.0, "FRADDR": 3901.0, "TOADDR": 3999.0 }, "geometry": { "type": "LineString", "coordinates": [ [ 24.872264, 36.07932 ], [ 24.872864, 36.07972 ] ] } },
{ "type": "Feature", "properties": { "TLID": 184644514, "FEDIRP": "N", "FENAME": "Valmai", "FETYPE": "St", "FEDIRS": null, "FRADDL": 3692.0, "TOADDL": 3776.0, "FRADDR": 3801.0, "TOADDR": 3999.0 }, "geometry": { "type": "LineString", "coordinates": [ [ 24.874264, 36.07882 ], [ 24.872864, 36.07972 ] ] } },
{ "type": "Feature", "properties": { "TLID": 184644515, "FEDIRP": "N", "FENAME": "Estos", "FETYPE": "St", "FEDIRS": null, "FRADDL": 3800.0, "TOADDL": 3898.0, "FRADDR": 3801.0, "TOADDR": 3899.0 }, "geometry": { "type": "LineString", "coordinates": [ [ 24.873064, 36.07712 ], [ 24.873164, 36.07802 ] ] } },
{ "type": "Feature", "properties": { "TLID": 184644517, "FEDIRP": "S", "FENAME": "Eleftherias", "FETYPE": "St", "FEDIRS": null, "FRADDL": 4800.0, "TOADDL": 4998.0, "FRADDR": 4803.0, "TOADDR": 4999.0 }, "geometry": { "type": "LineString", "coordinates": [ [ 24.85938, 36.04932 ], [ 24.856464, 36.04932 ] ] } },
{ "type": "Feature", "properties": { "TLID": 184644518, "FEDIRP": "N", "FENAME": "Utmana", "FETYPE": "St", "FEDIRS": null, "FRADDL": 3800.0, "TOADDL": 3806.0, "FRADDR": null, "TOADDR": null }, "geometry": { "type": "LineString", "coordinates": [ [ 24.874764, 36.07712 ], [ 24.874764, 36.07772 ] ] } },
{ "type": "Feature", "properties": { "TLID": 184644519, "FEDIRP": "N", "FENAME": "Valmai", "FETYPE": "St", "FEDIRS": null, "FRADDL": 3600.0, "TOADDL": 3642.0, "FRADDR": 3651.0, "TOADDR": 3711.0 }, "geometry": { "type": "LineString", "coordinates": [ [ 24.875664, 36.07802 ], [ 24.875064, 36.07832 ] ] } },
{ "type": "Feature", "properties": { "TLID": 184644520, "FEDIRP": "N", "FENAME": "Taxiarchon", "FETYPE": "Ave", "FEDIRS": null, "FRADDL": 3600.0, "TOADDL": 3724.0, "FRADDR": 3601.0, "TOADDR": 3711.0 }, "geometry": { "type": "LineString", "coordinates": [ [ 24.875364, 36.07772 ], [ 24.875664, 36.07802 ] ] } },
{ "type": "Feature", "properties": { "TLID": 184644521, "FEDIRP": "N", "FENAME": "Bilar", "FETYPE": "St", "FEDIRS": null, "FRADDL": 4400.0, "TOADDL": 4498.0, "FRADDR": 4401.0, "TOADDR": 4499.0 }, "geometry": { "type": "LineString", "coordinates": [ [ 24.864064, 36.07662 ], [ 24.862864, 36.07662 ] ] } },
{ "type": "Feature", "properties": { "TLID": 184644522, "FEDIRP": "N", "FENAME": "Thessalias", "FETYPE": "St", "FEDIRS": null, "FRADDL": 3600.0, "TOADDL": 3698.0, "FRADDR": 3601.0, "TOADDR": 3699.0 }, "geometry": { "type": "LineString", "coordinates": [ [ 24.862864, 36.07522 ], [ 24.862864, 36.07662 ] ] } },
{ "type": "Feature", "properties": { "TLID": 184644523, "FEDIRP": "N", "FENAME": "Spetson", "FETYPE": "St", "FEDIRS": null, "FRADDL": 3700.0, "TOADDL": 3716.0, "FRADDR": 3701.0, "TOADDR": 3749.0 }, "geometry": { "type": "LineString", "coordinates": [ [ 24.864064, 36.07662 ], [ 24.864064, 36.07702 ] ] } },
{ "type": "Feature", "properties": { "TLID": 184644524, "FEDIRP": null, "FENAME": null, "FETYPE": null, "FEDIRS": null, "FRADDL": null, "TOADDL": null, "FRADDR": null, "TOADDR": null }, "geometry": { "type": "LineString", "coordinates": [ [ 24.864364, 36.07672 ], [ 24.864064, 36.07702 ] ] } },
{ "type": "Feature", "properties": { "TLID": 184644525, "FEDIRP": "N", "FENAME": "Spetson", "FETYPE": "St", "FEDIRS": null, "FRADDL": 3600.0, "TOADDL": 3698.0, "FRADDR": 3601.0, "TOADDR": 3699.0 }, "geometry": { "type": "LineString", "coordinates": [ [ 24.864064, 36.07522 ], [ 24.864064, 36.07662 ] ] } },
{ "type": "Feature", "properties": { "TLID": 184644526, "FEDIRP": "N", "FENAME": "Bilar", "FETYPE": "St", "FEDIRS": null, "FRADDL": 4314.0, "TOADDL": 4398.0, "FRADDR": 4351.0, "TOADDR": 4399.0 }, "geometry": { "type": "LineString", "coordinates": [ [ 24.864364, 36.07672 ], [ 24.864064, 36.07662 ] ] } },
{ "type": "Feature", "properties": { "TLID": 184644527, "FEDIRP": "N", "FENAME": "Bilar", "FETYPE": "St", "FEDIRS": null, "FRADDL": 4300.0, "TOADDL": 4312.0, "FRADDR": 4301.0, "TOADDR": 4349.0 }, "geometry": { "type": "LineString", "coordinates": [ [ 24.865764, 36.07612 ], [ 24.864364, 36.07672 ] ] } },
{ "type": "Feature", "properties": { "TLID": 184644528, "FEDIRP": "N", "FENAME": "Berlau", "FETYPE": "St", "FEDIRS": null, "FRADDL": 4400.0, "TOADDL": 4498.0, "FRADDR": 4401.0, "TOADDR": 4499.0 }, "geometry": { "type": "LineString", "coordinates": [ [ 24.864064, 36.07522 ], [ 24.862864, 36.07522 ] ] } },
{ "type": "Feature", "properties": { "TLID": 184644529, "FEDIRP": "N", "FENAME": "Thessalias", "FETYPE": "St", "FEDIRS": null, "FRADDL": 3500.0, "TOADDL": 3598.0, "FRADDR": 3501.0, "TOADDR": 3599.0 }, "geometry": { "type": "LineString", "coordinates": [ [ 24.862964, 36.07432 ], [ 24.862864, 36.07522 ] ] } },
{ "type": "Feature", "properties": { "TLID": 184644530, "FEDIRP": "N", "FENAME": "Berlau", "FETYPE": "St", "FEDIRS": null, "FRADDL": 4300.0, "TOADDL": 4398.0, "FRADDR": 4301.0, "TOADDR": 4399.0 }, "geometry": { "type": "LineString", "coordinates": [ [ 24.865764, 36.07522 ], [ 24.864064, 36.07522 ] ] } },
{ "type": "Feature", "properties": { "TLID": 184644531, "FEDIRP": "N", "FENAME": "Spetson", "FETYPE": "St", "FEDIRS": null, "FRADDL": 3500.0, "TOADDL": 3598.0, "FRADDR": 3501.0, "TOADDR": 3599.0 }, "geometry": { "type": "LineString", "coordinates": [ [ 24.864164, 36.07432 ], [ 24.864064, 36.07522 ] ] } },
{ "type": "Feature", "properties": { "TLID": 184644532, "FEDIRP": "N", "FENAME": "Nia", "FETYPE": "Ave", "FEDIRS": null, "FRADDL": 3700.0, "TOADDL": 3798.0, "FRADDR": 3701.0, "TOADDR": 3799.0 }, "geometry": { "type": "LineString", "coordinates": [ [ 24.865764, 36.07612 ], [ 24.865864, 36.07682 ] ] } },
{ "type": "Feature", "properties": { "TLID": 184644533, "FEDIRP": "N", "FENAME": "Nia", "FETYPE": "Ave", "FEDIRS": null, "FRADDL": 3600.0, "TOADDL": 3698.0, "FRADDR": 3601.0, "TOADDR": 3699.0 }, "geometry": { "type": "LineString", "coordinates": [ [ 24.865764, 36.07522 ], [ 24.865764, 36.07612 ] ] } },
{ "type": "Feature", "properties": { "TLID": 184644534, "FEDIRP": "N", "FENAME": "Bilar", "FETYPE": "St", "FEDIRS": null, "FRADDL": 4200.0, "TOADDL": 4298.0, "FRADDR": 4201.0, "TOADDR": 4299.0 }, "geometry": { "type": "LineString", "coordinates": [ [ 24.867664, 36.07612 ], [ 24.865764, 36.07612 ] ] } },
{ "type": "Feature", "properties": { "TLID": 184644535, "FEDIRP": "N", "FENAME": "Nia", "FETYPE": "Ave", "FEDIRS": null, "FRADDL": 3500.0, "TOADDL": 3598.0, "FRADDR": 3501.0, "TOADDR": 3599.0 }, "geometry": { "type": "LineString", "coordinates": [ [ 24.865664, 36.07422 ], [ 24.865764, 36.07522 ] ] } },
{ "type": "Feature", "properties": { "TLID": 184644536, "FEDIRP": "N", "FENAME": "Berlau", "FETYPE": "St", "FEDIRS": null, "FRADDL": 4100.0, "TOADDL": 4298.0, "FRADDR": 4101.0, "TOADDR": 4299.0 }, "geometry": { "type": "LineString", "coordinates": [ [ 24.868164, 36.07522 ], [ 24.865764, 36.07522 ] ] } },
{ "type": "Feature", "properties": { "TLID": 184644537, "FEDIRP": "N", "FENAME": "Thessalias", "FETYPE": "St", "FEDIRS": null, "FRADDL": 3400.0, "TOADDL": 3498.0, "FRADDR": 3401.0, "TOADDR": 3499.0 }, "geometry": { "type": "LineString", "coordinates": [ [ 24.862864, 36.07332 ], [ 24.862964, 36.07432 ] ] } },
{ "type": "Feature", "properties": { "TLID": 184644538, "FEDIRP": "N", "FENAME": "Barwyn", "FETYPE": "St", "FEDIRS": null, "FRADDL": 4400.0, "TOADDL": 4498.0, "FRADDR": 4401.0, "TOADDR": 4499.0 }, "geometry": { "type": "LineString", "coordinates": [ [ 24.864164, 36.07432 ], [ 24.862964, 36.07432 ] ] } },
{ "type": "Feature", "properties": { "TLID": 184644539, "FEDIRP": "N", "FENAME": "Barabla", "FETYPE": "St", "FEDIRS": null, "FRADDL": 4400.0, "TOADDL": 4498.0, "FRADDR": 4401.0, "TOADDR": 4499.0 }, "geometry": { "type": "LineString", "coordinates": [ [ 24.864164, 36.07332 ], [ 24.862864, 36.07332 ] ] } },
{ "type": "Feature", "properties": { "TLID": 184644540, "FEDIRP": "N", "FENAME": "Thessalias", "FETYPE": "St", "FEDIRS": null, "FRADDL": 3300.0, "TOADDL": 3398.0, "FRADDR": 3301.0, "TOADDR": 3399.0 }, "geometry": { "type": "LineString", "coordinates": [ [ 24.862964, 36.07242 ], [ 24.862864, 36.07332 ] ] } },
{ "type": "Feature", "properties": { "TLID": 184644541, "FEDIRP": "N", "FENAME": "Spetson", "FETYPE": "St", "FEDIRS": null, "FRADDL": 3400.0, "TOADDL": 3498.0, "FRADDR": 3401.0, "TOADDR": 3499.0 }, "geometry": { "type": "LineString", "coordinates": [ [ 24.864164, 36.07332 ], [ 24.864164, 36.07432 ] ] } },
{ "type": "Feature", "properties": { "TLID": 184644542, "FEDIRP": "N", "FENAME": "Barwyn", "FETYPE": "St", "FEDIRS": null, "FRADDL": 4300.0, "TOADDL": 4398.0, "FRADDR": 4301.0, "TOADDR": 4399.0 }, "geometry": { "type": "LineString", "coordinates": [ [ 24.865664, 36.07422 ], [ 24.864164, 36.07432 ] ] } },
{ "type": "Feature", "properties": { "TLID": 184644543, "FEDIRP": "N", "FENAME": "Spetson", "FETYPE": "St", "FEDIRS": null, "FRADDL": 3300.0, "TOADDL": 3398.0, "FRADDR": 3301.0, "TOADDR": 3399.0 }, "geometry": { "type": "LineString", "coordinates": [ [ 24.864164, 36.07242 ], [ 24.864164, 36.07332 ] ] } },
{ "type": "Feature", "properties": { "TLID": 184644544, "FEDIRP": "N", "FENAME": "Barabla", "FETYPE": "St", "FEDIRS": null, "FRADDL": 4300.0, "TOADDL": 4398.0, "FRADDR": 4301.0, "TOADDR": 4399.0 }, "geometry": { "type": "LineString", "coordinates": [ [ 24.865764, 36.07332 ], [ 24.864164, 36.07332 ] ] } },
{ "type": "Feature", "properties": { "TLID": 184644545, "FEDIRP": "N", "FENAME": "Bairn", "FETYPE": "St", "FEDIRS": null, "FRADDL": 4400.0, "TOADDL": 4498.0, "FRADDR": 4401.0, "TOADDR": 4499.0 }, "geometry": { "type": "LineString", "coordinates": [ [ 24.864164, 36.07242 ], [ 24.862964, 36.07242 ] ] } },
{ "type": "Feature", "properties": { "TLID": 184644546, "FEDIRP": "N", "FENAME": "Thessalias", "FETYPE": "St", "FEDIRS": null, "FRADDL": 3120.0, "TOADDL": 3298.0, "FRADDR": 3201.0, "TOADDR": 3299.0 }, "geometry": { "type": "LineString", "coordinates": [ [ 24.862864, 36.07152 ], [ 24.862964, 36.07242 ] ] } },
{ "type": "Feature", "properties": { "TLID": 184644547, "FEDIRP": "N", "FENAME": "Bairn", "FETYPE": "St", "FEDIRS": null, "FRADDL": 4300.0, "TOADDL": 4398.0, "FRADDR": 4301.0, "TOADDR": 4399.0 }, "geometry": { "type": "LineString", "coordinates": [ [ 24.865664, 36.07242 ], [ 24.864164, 36.07242 ] ] } },
{ "type": "Feature", "properties": { "TLID": 184644548, "FEDIRP": "N", "FENAME": "Spetson", "FETYPE": "St", "FEDIRS": null, "FRADDL": 3200.0, "TOADDL": 3298.0, "FRADDR": 3201.0, "TOADDR": 3299.0 }, "geometry": { "type": "LineString", "coordinates": [ [ 24.864264, 36.07152 ], [ 24.864164, 36.07242 ] ] } },
{ "type": "Feature", "properties": { "TLID": 184644549, "FEDIRP": "N", "FENAME": "Nia", "FETYPE": "Ave", "FEDIRS": null, "FRADDL": 3400.0, "TOADDL": 3498.0, "FRADDR": 3401.0, "TOADDR": 3499.0 }, "geometry": { "type": "LineString", "coordinates": [ [ 24.865764, 36.07332 ], [ 24.865664, 36.07422 ] ] } },
{ "type": "Feature", "properties": { "TLID": 184644550, "FEDIRP": "N", "FENAME": "Barwyn", "FETYPE": "St", "FEDIRS": null, "FRADDL": 4200.0, "TOADDL": 4298.0, "FRADDR": 4201.0, "TOADDR": 4299.0 }, "geometry": { "type": "LineString", "coordinates": [ [ 24.866664, 36.07422 ], [ 24.865664, 36.07422 ] ] } },
{ "type": "Feature", "properties": { "TLID": 184644551, "FEDIRP": "N", "FENAME": "Nia", "FETYPE": "Ave", "FEDIRS": null, "FRADDL": 3300.0, "TOADDL": 3398.0, "FRADDR": 3301.0, "TOADDR": 3399.0 }, "geometry": { "type": "LineString", "coordinates": [ [ 24.865664, 36.07242 ], [ 24.865764, 36.07332 ] ] } },
{ "type": "Feature", "properties": { "TLID": 184644552, "FEDIRP": "N", "FENAME": "Barabla", "FETYPE": "St", "FEDIRS": null, "FRADDL": 4200.0, "TOADDL": 4298.0, "FRADDR": 4201.0, "TOADDR": 4299.0 }, "geometry": { "type": "LineString", "coordinates": [ [ 24.866664, 36.07332 ], [ 24.865764, 36.07332 ] ] } },
{ "type": "Feature", "properties": { "TLID": 184644553, "FEDIRP": "N", "FENAME": "Bairn", "FETYPE": "St", "FEDIRS": null, "FRADDL": 4200.0, "TOADDL": 4298.0, "FRADDR": 4201.0, "TOADDR": 4299.0 }, "geometry": { "type": "LineString", "coordinates": [ [ 24.866664, 36.07242 ], [ 24.865664, 36.07242 ] ] } },
{ "type": "Feature", "properties": { "TLID": 184644554, "FEDIRP": "N", "FENAME": "Nia", "FETYPE": "Ave", "FEDIRS": null, "FRADDL": 3200.0, "TOADDL": 3298.0, "FRADDR": 3201.0, "TOADDR": 3299.0 }, "geometry": { "type": "LineString", "coordinates": [ [ 24.865664, 36.07142 ], [ 24.865664, 36.07242 ] ] } },
{ "type": "Feature", "properties": { "TLID": 184644556, "FEDIRP": "N", "FENAME": "Brada", "FETYPE": "St", "FEDIRS": null, "FRADDL": 4100.0, "TOADDL": 4198.0, "FRADDR": 4101.0, "TOADDR": 4199.0 }, "geometry": { "type": "LineString", "coordinates": [ [ 24.868364, 36.07782 ], [ 24.867664, 36.07752 ] ] } },
{ "type": "Feature", "properties": { "TLID": 184644557, "FEDIRP": "N", "FENAME": "Oddisseos", "FETYPE": "St", "FEDIRS": null, "FRADDL": 3850.0, "TOADDL": 3898.0, "FRADDR": 3801.0, "TOADDR": 3899.0 }, "geometry": { "type": "LineString", "coordinates": [ [ 24.869264, 36.07722 ], [ 24.868364, 36.07782 ] ] } },
{ "type": "Feature", "properties": { "TLID": 184644558, "FEDIRP": "N", "FENAME": "Blant", "FETYPE": "St", "FEDIRS": null, "FRADDL": 4200.0, "TOADDL": 4398.0, "FRADDR": 4201.0, "TOADDR": 4399.0 }, "geometry": { "type": "LineString", "coordinates": [ [ 24.867664, 36.07692 ], [ 24.865864, 36.07682 ] ] } },
{ "type": "Feature", "properties": { "TLID": 184644559, "FEDIRP": "N", "FENAME": "Blant", "FETYPE": "St", "FEDIRS": null, "FRADDL": 4100.0, "TOADDL": 4198.0, "FRADDR": 4101.0, "TOADDR": 4199.0 }, "geometry": { "type": "LineString", "coordinates": [ [ 24.869164, 36.07692 ], [ 24.867664, 36.07692 ] ] } },
{ "type": "Feature", "properties": { "TLID": 184644560, "FEDIRP": "N", "FENAME": "Tavla", "FETYPE": "St", "FEDIRS": null, "FRADDL": 3700.0, "TOADDL": 3798.0, "FRADDR": 3701.0, "TOADDR": 3799.0 }, "geometry": { "type": "LineString", "coordinates": [ [ 24.867664, 36.07612 ], [ 24.867664, 36.07692 ] ] } },
{ "type": "Feature", "properties": { "TLID": 184644561, "FEDIRP": "N", "FENAME": "Oddisseos", "FETYPE": "St", "FEDIRS": null, "FRADDL": 3700.0, "TOADDL": 3798.0, "FRADDR": 3701.0, "TOADDR": 3749.0 }, "geometry": { "type": "LineString", "coordinates": [ [ 24.869164, 36.07612 ], [ 24.869164, 36.07692 ] ] } },
{ "type": "Feature", "properties": { "TLID": 184644562, "FEDIRP": "N", "FENAME": "Bilar", "FETYPE": "St", "FEDIRS": null, "FRADDL": 4100.0, "TOADDL": 4198.0, "FRADDR": 4115.0, "TOADDR": 4199.0 }, "geometry": { "type": "LineString", "coordinates": [ [ 24.868264, 36.07612 ], [ 24.867664, 36.07612 ] ] } },
{ "type": "Feature", "properties": { "TLID": 184644563, "FEDIRP": "N", "FENAME": "Oddisseos", "FETYPE": "St", "FEDIRS": null, "FRADDL": 3600.0, "TOADDL": 3698.0, "FRADDR": 3601.0, "TOADDR": 3699.0 }, "geometry": { "type": "LineString", "coordinates": [ [ 24.868164, 36.07522 ], [ 24.868264, 36.07612 ] ] } },
{ "type": "Feature", "properties": { "TLID": 184644564, "FEDIRP": "N", "FENAME": "Bilar", "FETYPE": "St", "FEDIRS": null, "FRADDL": 4010.0, "TOADDL": 4098.0, "FRADDR": 4101.0, "TOADDR": 4113.0 }, "geometry": { "type": "LineString", "coordinates": [ [ 24.869164, 36.07612 ], [ 24.868264, 36.07612 ] ] } },
{ "type": "Feature", "properties": { "TLID": 184644565, "FEDIRP": "N", "FENAME": "Oddisseos", "FETYPE": "St", "FEDIRS": null, "FRADDL": 3500.0, "TOADDL": 3598.0, "FRADDR": 3501.0, "TOADDR": 3599.0 }, "geometry": { "type": "LineString", "coordinates": [ [ 24.868164, 36.07432 ], [ 24.868164, 36.07522 ] ] } },
{ "type": "Feature", "properties": { "TLID": 184644566, "FEDIRP": "N", "FENAME": "Berlau", "FETYPE": "St", "FEDIRS": null, "FRADDL": 4000.0, "TOADDL": 4098.0, "FRADDR": 4001.0, "TOADDR": 4099.0 }, "geometry": { "type": "LineString", "coordinates": [ [ 24.869764, 36.07522 ], [ 24.868164, 36.07522 ] ] } },
{ "type": "Feature", "properties": { "TLID": 184644567, "FEDIRP": "N", "FENAME": "Bilar", "FETYPE": "St", "FEDIRS": null, "FRADDL": 4000.0, "TOADDL": 4008.0, "FRADDR": 4033.0, "TOADDR": 4099.0 }, "geometry": { "type": "LineString", "coordinates": [ [ 24.869964, 36.07612 ], [ 24.869164, 36.07612 ] ] } },
{ "type": "Feature", "properties": { "TLID": 184644568, "FEDIRP": "N", "FENAME": "Tavla", "FETYPE": "St", "FEDIRS": null, "FRADDL": 3400.0, "TOADDL": 3498.0, "FRADDR": 3401.0, "TOADDR": 3499.0 }, "geometry": { "type": "LineString", "coordinates": [ [ 24.866664, 36.07332 ], [ 24.866664, 36.07422 ] ] } },
{ "type": "Feature", "properties": { "TLID": 184644569, "FEDIRP": "N", "FENAME": "Tavla", "FETYPE": "St", "FEDIRS": null, "FRADDL": 3300.0, "TOADDL": 3398.0, "FRADDR": 3301.0, "TOADDR": 3399.0 }, "geometry": { "type": "LineString", "coordinates": [ [ 24.866664, 36.07242 ], [ 24.866664, 36.07332 ] ] } },
{ "type": "Feature", "properties": { "TLID": 184644570, "FEDIRP": "N", "FENAME": "Barabla", "FETYPE": "St", "FEDIRS": null, "FRADDL": 4100.0, "TOADDL": 4198.0, "FRADDR": 4101.0, "TOADDR": 4199.0 }, "geometry": { "type": "LineString", "coordinates": [ [ 24.868164, 36.07332 ], [ 24.866664, 36.07332 ] ] } },
{ "type": "Feature", "properties": { "TLID": 184644571, "FEDIRP": "N", "FENAME": "Bairn", "FETYPE": "St", "FEDIRS": null, "FRADDL": 4100.0, "TOADDL": 4198.0, "FRADDR": 4101.0, "TOADDR": 4199.0 }, "geometry": { "type": "LineString", "coordinates": [ [ 24.868064, 36.07232 ], [ 24.866664, 36.07242 ] ] } },
{ "type": "Feature", "properties": { "TLID": 184644572, "FEDIRP": "N", "FENAME": "Tavla", "FETYPE": "St", "FEDIRS": null, "FRADDL": 3200.0, "TOADDL": 3298.0, "FRADDR": 3201.0, "TOADDR": 3299.0 }, "geometry": { "type": "LineString", "coordinates": [ [ 24.866564, 36.07142 ], [ 24.866664, 36.07242 ] ] } },
{ "type": "Feature", "properties": { "TLID": 184644573, "FEDIRP": "N", "FENAME": "Barwyn", "FETYPE": "St", "FEDIRS": null, "FRADDL": 4100.0, "TOADDL": 4198.0, "FRADDR": 4101.0, "TOADDR": 4199.0 }, "geometry": { "type": "LineString", "coordinates": [ [ 24.868164, 36.07432 ], [ 24.866664, 36.07422 ] ] } },
{ "type": "Feature", "properties": { "TLID": 184644574, "FEDIRP": "N", "FENAME": "Oddisseos", "FETYPE": "St", "FEDIRS": null, "FRADDL": 3400.0, "TOADDL": 3498.0, "FRADDR": 3401.0, "TOADDR": 3499.0 }, "geometry": { "type": "LineString", "coordinates": [ [ 24.868164, 36.07332 ], [ 24.868164, 36.07432 ] ] } },
{ "type": "Feature", "properties": { "TLID": 184644575, "FEDIRP": "N", "FENAME": "Barwyn", "FETYPE": "St", "FEDIRS": null, "FRADDL": 4000.0, "TOADDL": 4098.0, "FRADDR": 4001.0, "TOADDR": 4099.0 }, "geometry": { "type": "LineString", "coordinates": [ [ 24.869764, 36.07422 ], [ 24.868164, 36.07432 ] ] } },
{ "type": "Feature", "properties": { "TLID": 184644576, "FEDIRP": "N", "FENAME": "Oddisseos", "FETYPE": "St", "FEDIRS": null, "FRADDL": 3300.0, "TOADDL": 3398.0, "FRADDR": 3301.0, "TOADDR": 3399.0 }, "geometry": { "type": "LineString", "coordinates": [ [ 24.868164, 36.07292 ], [ 24.868164, 36.07332 ] ] } },
{ "type": "Feature", "properties": { "TLID": 184644577, "FEDIRP": "N", "FENAME": "Barabla", "FETYPE": "St", "FEDIRS": null, "FRADDL": 4000.0, "TOADDL": 4098.0, "FRADDR": 4001.0, "TOADDR": 4099.0 }, "geometry": { "type": "LineString", "coordinates": [ [ 24.869764, 36.07332 ], [ 24.868164, 36.07332 ] ] } },
{ "type": "Feature", "properties": { "TLID": 184644578, "FEDIRP": "N", "FENAME": "Oddisseos", "FETYPE": "St", "FEDIRS": null, "FRADDL": 3200.0, "TOADDL": 3298.0, "FRADDR": 3201.0, "TOADDR": 3299.0 }, "geometry": { "type": "LineString", "coordinates": [ [ 24.868164, 36.07152 ], [ 24.868064, 36.07232 ] ] } },
{ "type": "Feature", "properties": { "TLID": 184644579, "FEDIRP": "N", "FENAME": "Thessalias", "FETYPE": "St", "FEDIRS": null, "FRADDL": 3100.0, "TOADDL": 3118.0, "FRADDR": 3101.0, "TOADDR": 3199.0 }, "geometry": { "type": "LineString", "coordinates": [ [ 24.862864, 36.07052 ], [ 24.862864, 36.07152 ] ] } },
{ "type": "Feature", "properties": { "TLID": 184644580, "FEDIRP": "N", "FENAME": "Avionos", "FETYPE": "St", "FEDIRS": null, "FRADDL": 4400.0, "TOADDL": 4498.0, "FRADDR": 4401.0, "TOADDR": 4499.0 }, "geometry": { "type": "LineString", "coordinates": [ [ 24.864264, 36.07152 ], [ 24.862864, 36.07152 ] ] } },
{ "type": "Feature", "properties": { "TLID": 184644581, "FEDIRP": "N", "FENAME": "Averof", "FETYPE": "St", "FEDIRS": null, "FRADDL": 4450.0, "TOADDL": 4498.0, "FRADDR": 4501.0, "TOADDR": 4549.0 }, "geometry": { "type": "LineString", "coordinates": [ [ 24.862864, 36.07052 ], [ 24.862464, 36.07042 ] ] } },
{ "type": "Feature", "properties": { "TLID": 184644582, "FEDIRP": "N", "FENAME": "Averof", "FETYPE": "St", "FEDIRS": null, "FRADDL": 4400.0, "TOADDL": 4448.0, "FRADDR": 4401.0, "TOADDR": 4499.0 }, "geometry": { "type": "LineString", "coordinates": [ [ 24.864164, 36.07052 ], [ 24.862864, 36.07052 ] ] } },
{ "type": "Feature", "properties": { "TLID": 184644583, "FEDIRP": "N", "FENAME": "Spetson", "FETYPE": "St", "FEDIRS": null, "FRADDL": 3100.0, "TOADDL": 3198.0, "FRADDR": 3101.0, "TOADDR": 3199.0 }, "geometry": { "type": "LineString", "coordinates": [ [ 24.864164, 36.07052 ], [ 24.864264, 36.07152 ] ] } },
{ "type": "Feature", "properties": { "TLID": 184644584, "FEDIRP": "N", "FENAME": "Avionos", "FETYPE": "St", "FEDIRS": null, "FRADDL": 4300.0, "TOADDL": 4398.0, "FRADDR": 4301.0, "TOADDR": 4399.0 }, "geometry": { "type": "LineString", "coordinates": [ [ 24.865664, 36.07142 ], [ 24.864264, 36.07152 ] ] } },
{ "type": "Feature", "properties": { "TLID": 184644585, "FEDIRP": "N", "FENAME": "Spetson", "FETYPE": "St", "FEDIRS": null, "FRADDL": 3000.0, "TOADDL": 3098.0, "FRADDR": 3001.0, "TOADDR": 3099.0 }, "geometry": { "type": "LineString", "coordinates": [ [ 24.864164, 36.06962 ], [ 24.864164, 36.07052 ] ] } },
{ "type": "Feature", "properties": { "TLID": 184644586, "FEDIRP": "N", "FENAME": "Averof", "FETYPE": "St", "FEDIRS": null, "FRADDL": 4300.0, "TOADDL": 4398.0, "FRADDR": 4301.0, "TOADDR": 4399.0 }, "geometry": { "type": "LineString", "coordinates": [ [ 24.865564, 36.07052 ], [ 24.864164, 36.07052 ] ] } },
{ "type": "Feature", "properties": { "TLID": 184644587, "FEDIRP": "N", "FENAME": "Spetson", "FETYPE": "St", "FEDIRS": null, "FRADDL": 2900.0, "TOADDL": 2998.0, "FRADDR": 2901.0, "TOADDR": 2999.0 }, "geometry": { "type": "LineString", "coordinates": [ [ 24.864164, 36.06862 ], [ 24.864164, 36.06962 ] ] } },
{ "type": "Feature", "properties": { "TLID": 184644588, "FEDIRP": "N", "FENAME": "Aveny", "FETYPE": "St", "FEDIRS": null, "FRADDL": 4300.0, "TOADDL": 4398.0, "FRADDR": 4301.0, "TOADDR": 4399.0 }, "geometry": { "type": "LineString", "coordinates": [ [ 24.865664, 36.06962 ], [ 24.864164, 36.06962 ] ] } },
{ "type": "Feature", "properties": { "TLID": 184644589, "FEDIRP": "N", "FENAME": "Asiant", "FETYPE": "St", "FEDIRS": null, "FRADDL": 4300.0, "TOADDL": 4398.0, "FRADDR": 4301.0, "TOADDR": 4399.0 }, "geometry": { "type": "LineString", "coordinates": [ [ 24.865664, 36.06862 ], [ 24.864164, 36.06862 ] ] } },
{ "type": "Feature", "properties": { "TLID": 184644590, "FEDIRP": "N", "FENAME": "Spetson", "FETYPE": "St", "FEDIRS": null, "FRADDL": 2800.0, "TOADDL": 2898.0, "FRADDR": 2801.0, "TOADDR": 2899.0 }, "geometry": { "type": "LineString", "coordinates": [ [ 24.864164, 36.06772 ], [ 24.864164, 36.06862 ] ] } },
{ "type": "Feature", "properties": { "TLID": 184644591, "FEDIRP": "N", "FENAME": "Nia", "FETYPE": "Ave", "FEDIRS": null, "FRADDL": 3100.0, "TOADDL": 3198.0, "FRADDR": 3101.0, "TOADDR": 3199.0 }, "geometry": { "type": "LineString", "coordinates": [ [ 24.865564, 36.07052 ], [ 24.865664, 36.07142 ] ] } },
{ "type": "Feature", "properties": { "TLID": 184644592, "FEDIRP": "N", "FENAME": "Avionos", "FETYPE": "St", "FEDIRS": null, "FRADDL": 4200.0, "TOADDL": 4298.0, "FRADDR": 4201.0, "TOADDR": 4299.0 }, "geometry": { "type": "LineString", "coordinates": [ [ 24.866564, 36.07142 ], [ 24.865664, 36.07142 ] ] } },
{ "type": "Feature", "properties": { "TLID": 184644593, "FEDIRP": "N", "FENAME": "Nia", "FETYPE": "Ave", "FEDIRS": null, "FRADDL": 3000.0, "TOADDL": 3098.0, "FRADDR": 3001.0, "TOADDR": 3099.0 }, "geometry": { "type": "LineString", "coordinates": [ [ 24.865664, 36.06962 ], [ 24.865564, 36.07052 ] ] } },
{ "type": "Feature", "properties": { "TLID": 184644594, "FEDIRP": "N", "FENAME": "Averof", "FETYPE": "St", "FEDIRS": null, "FRADDL": 4200.0, "TOADDL": 4298.0, "FRADDR": 4201.0, "TOADDR": 4299.0 }, "geometry": { "type": "LineString", "coordinates": [ [ 24.866564, 36.07052 ], [ 24.865564, 36.07052 ] ] } },
{ "type": "Feature", "properties": { "TLID": 184644595, "FEDIRP": "N", "FENAME": "Nia", "FETYPE": "Ave", "FEDIRS": null, "FRADDL": 2900.0, "TOADDL": 2998.0, "FRADDR": 2901.0, "TOADDR": 2999.0 }, "geometry": { "type": "LineString", "coordinates": [ [ 24.865664, 36.06862 ], [ 24.865664, 36.06962 ] ] } },
{ "type": "Feature", "properties": { "TLID": 184644596, "FEDIRP": "N", "FENAME": "Aveny", "FETYPE": "St", "FEDIRS": null, "FRADDL": 4100.0, "TOADDL": 4298.0, "FRADDR": 4101.0, "TOADDR": 4299.0 }, "geometry": { "type": "LineString", "coordinates": [ [ 24.868564, 36.06962 ], [ 24.865664, 36.06962 ] ] } },
{ "type": "Feature", "properties": { "TLID": 184644597, "FEDIRP": "N", "FENAME": "Nia", "FETYPE": "Ave", "FEDIRS": null, "FRADDL": 2800.0, "TOADDL": 2898.0, "FRADDR": 2801.0, "TOADDR": 2899.0 }, "geometry": { "type": "LineString", "coordinates": [ [ 24.865664, 36.06772 ], [ 24.865664, 36.06862 ] ] } },
{ "type": "Feature", "properties": { "TLID": 184644598, "FEDIRP": "N", "FENAME": "Asiant", "FETYPE": "St", "FEDIRS": null, "FRADDL": 4100.0, "TOADDL": 4298.0, "FRADDR": 4101.0, "TOADDR": 4299.0 }, "geometry": { "type": "LineString", "coordinates": [ [ 24.868564, 36.06862 ], [ 24.865664, 36.06862 ] ] } },
{ "type": "Feature", "properties": { "TLID": 184644599, "FEDIRP": "N", "FENAME": "Spetson", "FETYPE": "St", "FEDIRS": null, "FRADDL": 2700.0, "TOADDL": 2798.0, "FRADDR": 2701.0, "TOADDR": 2799.0 }, "geometry": { "type": "LineString", "coordinates": [ [ 24.864157, 36.066716 ], [ 24.864164, 36.06772 ] ] } },
{ "type": "Feature", "properties": { "TLID": 184644600, "FEDIRP": "N", "FENAME": "Artakis", "FETYPE": "St", "FEDIRS": null, "FRADDL": 4300.0, "TOADDL": 4398.0, "FRADDR": 4301.0, "TOADDR": 4399.0 }, "geometry": { "type": "LineString", "coordinates": [ [ 24.865664, 36.06772 ], [ 24.864164, 36.06772 ] ] } },
{ "type": "Feature", "properties": { "TLID": 184644601, "FEDIRP": "N", "FENAME": "Spetson", "FETYPE": "St", "FEDIRS": null, "FRADDL": 2600.0, "TOADDL": 2698.0, "FRADDR": 2601.0, "TOADDR": 2699.0 }, "geometry": { "type": "LineString", "coordinates": [ [ 24.864164, 36.06572 ], [ 24.864157, 36.066716 ] ] } },
{ "type": "Feature", "properties": { "TLID": 184644602, "FEDIRP": "N", "FENAME": "Arkadou", "FETYPE": "St", "FEDIRS": null, "FRADDL": 4300.0, "TOADDL": 4398.0, "FRADDR": 4301.0, "TOADDR": 4399.0 }, "geometry": { "type": "LineString", "coordinates": [ [ 24.865662, 36.066716 ], [ 24.864157, 36.066716 ] ] } },
{ "type": "Feature", "properties": { "TLID": 184644603, "FEDIRP": "N", "FENAME": "Spetson", "FETYPE": "St", "FEDIRS": null, "FRADDL": 2500.0, "TOADDL": 2598.0, "FRADDR": 2501.0, "TOADDR": 2599.0 }, "geometry": { "type": "LineString", "coordinates": [ [ 24.864164, 36.06472 ], [ 24.864164, 36.06572 ] ] } },
{ "type": "Feature", "properties": { "TLID": 184644604, "FEDIRP": "N", "FENAME": "Nia", "FETYPE": "Ave", "FEDIRS": null, "FRADDL": 2700.0, "TOADDL": 2798.0, "FRADDR": 2701.0, "TOADDR": 2799.0 }, "geometry": { "type": "LineString", "coordinates": [ [ 24.865662, 36.066716 ], [ 24.865664, 36.06772 ] ] } },
{ "type": "Feature", "properties": { "TLID": 184644605, "FEDIRP": "N", "FENAME": "Artakis", "FETYPE": "St", "FEDIRS": null, "FRADDL": 4200.0, "TOADDL": 4298.0, "FRADDR": 4201.0, "TOADDR": 4299.0 }, "geometry": { "type": "LineString", "coordinates": [ [ 24.867064, 36.06772 ], [ 24.865664, 36.06772 ] ] } },
{ "type": "Feature", "properties": { "TLID": 184644606, "FEDIRP": "N", "FENAME": "Nia", "FETYPE": "Ave", "FEDIRS": null, "FRADDL": 2600.0, "TOADDL": 2698.0, "FRADDR": 2601.0, "TOADDR": 2699.0 }, "geometry": { "type": "LineString", "coordinates": [ [ 24.865615, 36.065752 ], [ 24.865662, 36.066716 ] ] } },
{ "type": "Feature", "properties": { "TLID": 184644607, "FEDIRP": "N", "FENAME": "Arkadiou", "FETYPE": "St", "FEDIRS": null, "FRADDL": 4300.0, "TOADDL": 4398.0, "FRADDR": 4301.0, "TOADDR": 4399.0 }, "geometry": { "type": "LineString", "coordinates": [ [ 24.865615, 36.065752 ], [ 24.864164, 36.06572 ] ] } },
{ "type": "Feature", "properties": { "TLID": 184644608, "FEDIRP": "N", "FENAME": "Arkadiou", "FETYPE": "St", "FEDIRS": null, "FRADDL": 4200.0, "TOADDL": 4298.0, "FRADDR": 4201.0, "TOADDR": 4299.0 }, "geometry": { "type": "LineString", "coordinates": [ [ 24.867131, 36.065752 ], [ 24.865615, 36.065752 ] ] } },
{ "type": "Feature", "properties": { "TLID": 184644609, "FEDIRP": "N", "FENAME": "Nia", "FETYPE": "Ave", "FEDIRS": null, "FRADDL": 2500.0, "TOADDL": 2598.0, "FRADDR": 2501.0, "TOADDR": 2599.0 }, "geometry": { "type": "LineString", "coordinates": [ [ 24.865664, 36.06482 ], [ 24.865615, 36.065752 ] ] } },
{ "type": "Feature", "properties": { "TLID": 184644610, "FEDIRP": "N", "FENAME": "Tavla", "FETYPE": "St", "FEDIRS": null, "FRADDL": 3100.0, "TOADDL": 3198.0, "FRADDR": 3101.0, "TOADDR": 3199.0 }, "geometry": { "type": "LineString", "coordinates": [ [ 24.866564, 36.07052 ], [ 24.866564, 36.07142 ] ] } },
{ "type": "Feature", "properties": { "TLID": 184644611, "FEDIRP": "N", "FENAME": "Averof", "FETYPE": "St", "FEDIRS": null, "FRADDL": 4150.0, "TOADDL": 4198.0, "FRADDR": 4151.0, "TOADDR": 4199.0 }, "geometry": { "type": "LineString", "coordinates": [ [ 24.868164, 36.07052 ], [ 24.866564, 36.07052 ] ] } },
{ "type": "Feature", "properties": { "TLID": 184644612, "FEDIRP": "N", "FENAME": "Avionos", "FETYPE": "St", "FEDIRS": null, "FRADDL": 4150.0, "TOADDL": 4198.0, "FRADDR": 4107.0, "TOADDR": 4199.0 }, "geometry": { "type": "LineString", "coordinates": [ [ 24.868164, 36.07152 ], [ 24.866564, 36.07142 ] ] } },
{ "type": "Feature", "properties": { "TLID": 184644613, "FEDIRP": "N", "FENAME": "Oddisseos", "FETYPE": "St", "FEDIRS": null, "FRADDL": 3100.0, "TOADDL": 3198.0, "FRADDR": 3101.0, "TOADDR": 3199.0 }, "geometry": { "type": "LineString", "coordinates": [ [ 24.868164, 36.07052 ], [ 24.868164, 36.07152 ] ] } },
{ "type": "Feature", "properties": { "TLID": 184644615, "FEDIRP": "N", "FENAME": "Averof", "FETYPE": "St", "FEDIRS": null, "FRADDL": 4100.0, "TOADDL": 4148.0, "FRADDR": 4101.0, "TOADDR": 4149.0 }, "geometry": { "type": "LineString", "coordinates": [ [ 24.868564, 36.07042 ], [ 24.868164, 36.07052 ] ] } },
{ "type": "Feature", "properties": { "TLID": 184644616, "FEDIRP": "N", "FENAME": "Oddisseos", "FETYPE": "St", "FEDIRS": null, "FRADDL": 3000.0, "TOADDL": 3098.0, "FRADDR": 3001.0, "TOADDR": 3099.0 }, "geometry": { "type": "LineString", "coordinates": [ [ 24.868564, 36.06962 ], [ 24.868564, 36.07042 ] ] } },
{ "type": "Feature", "properties": { "TLID": 184644617, "FEDIRP": "N", "FENAME": "Averof", "FETYPE": "St", "FEDIRS": null, "FRADDL": 3926.0, "TOADDL": 4098.0, "FRADDR": 4001.0, "TOADDR": 4099.0 }, "geometry": { "type": "LineString", "coordinates": [ [ 24.869964, 36.07022 ], [ 24.868564, 36.07042 ] ] } },
{ "type": "Feature", "properties": { "TLID": 184644618, "FEDIRP": "N", "FENAME": "Oddisseos", "FETYPE": "St", "FEDIRS": null, "FRADDL": 2900.0, "TOADDL": 2998.0, "FRADDR": 2901.0, "TOADDR": 2999.0 }, "geometry": { "type": "LineString", "coordinates": [ [ 24.868564, 36.06862 ], [ 24.868564, 36.06962 ] ] } },
{ "type": "Feature", "properties": { "TLID": 184644619, "FEDIRP": "N", "FENAME": "Aveny", "FETYPE": "St", "FEDIRS": null, "FRADDL": 3900.0, "TOADDL": 4098.0, "FRADDR": 3901.0, "TOADDR": 4099.0 }, "geometry": { "type": "LineString", "coordinates": [ [ 24.871386, 36.069614 ], [ 24.868564, 36.06962 ] ] } },
{ "type": "Feature", "properties": { "TLID": 184644620, "FEDIRP": "N", "FENAME": "Asiant", "FETYPE": "St", "FEDIRS": null, "FRADDL": 3900.0, "TOADDL": 4098.0, "FRADDR": 3901.0, "TOADDR": 4099.0 }, "geometry": { "type": "LineString", "coordinates": [ [ 24.871364, 36.06862 ], [ 24.868564, 36.06862 ] ] } },
{ "type": "Feature", "properties": { "TLID": 184644621, "FEDIRP": "N", "FENAME": "Tavla", "FETYPE": "St", "FEDIRS": null, "FRADDL": 2700.0, "TOADDL": 2798.0, "FRADDR": 2701.0, "TOADDR": 2799.0 }, "geometry": { "type": "LineString", "coordinates": [ [ 24.867064, 36.06672 ], [ 24.867064, 36.06772 ] ] } },
{ "type": "Feature", "properties": { "TLID": 184644622, "FEDIRP": "N", "FENAME": "Artakis", "FETYPE": "St", "FEDIRS": null, "FRADDL": 4100.0, "TOADDL": 4198.0, "FRADDR": 4101.0, "TOADDR": 4199.0 }, "geometry": { "type": "LineString", "coordinates": [ [ 24.868564, 36.06772 ], [ 24.867064, 36.06772 ] ] } },
{ "type": "Feature", "properties": { "TLID": 184644623, "FEDIRP": "N", "FENAME": "Arkadou", "FETYPE": "St", "FEDIRS": null, "FRADDL": 4200.0, "TOADDL": 4298.0, "FRADDR": 4201.0, "TOADDR": 4299.0 }, "geometry": { "type": "LineString", "coordinates": [ [ 24.867064, 36.06672 ], [ 24.865662, 36.066716 ] ] } },
{ "type": "Feature", "properties": { "TLID": 184644624, "FEDIRP": "N", "FENAME": "Tavla", "FETYPE": "St", "FEDIRS": null, "FRADDL": 2600.0, "TOADDL": 2698.0, "FRADDR": 2601.0, "TOADDR": 2699.0 }, "geometry": { "type": "LineString", "coordinates": [ [ 24.867131, 36.065752 ], [ 24.867064, 36.06672 ] ] } },
{ "type": "Feature", "properties": { "TLID": 184644625, "FEDIRP": "N", "FENAME": "Arkadou", "FETYPE": "St", "FEDIRS": null, "FRADDL": 4100.0, "TOADDL": 4198.0, "FRADDR": 4103.0, "TOADDR": 4199.0 }, "geometry": { "type": "LineString", "coordinates": [ [ 24.868554, 36.066712 ], [ 24.867064, 36.06672 ] ] } },
{ "type": "Feature", "properties": { "TLID": 184644626, "FEDIRP": "N", "FENAME": "Arkadiou", "FETYPE": "St", "FEDIRS": null, "FRADDL": 4100.0, "TOADDL": 4198.0, "FRADDR": 4101.0, "TOADDR": 4199.0 }, "geometry": { "type": "LineString", "coordinates": [ [ 24.868564, 36.06572 ], [ 24.867131, 36.065752 ] ] } },
{ "type": "Feature", "properties": { "TLID": 184644627, "FEDIRP": "N", "FENAME": "Tavla", "FETYPE": "St", "FEDIRS": null, "FRADDL": 2500.0, "TOADDL": 2598.0, "FRADDR": 2501.0, "TOADDR": 2599.0 }, "geometry": { "type": "LineString", "coordinates": [ [ 24.867164, 36.06482 ], [ 24.867131, 36.065752 ] ] } },
{ "type": "Feature", "properties": { "TLID": 184644628, "FEDIRP": "N", "FENAME": "Oddisseos", "FETYPE": "St", "FEDIRS": null, "FRADDL": 2700.0, "TOADDL": 2798.0, "FRADDR": 2701.0, "TOADDR": 2799.0 }, "geometry": { "type": "LineString", "coordinates": [ [ 24.868554, 36.066712 ], [ 24.868564, 36.06772 ] ] } },
{ "type": "Feature", "properties": { "TLID": 184644629, "FEDIRP": "N", "FENAME": "Artakis", "FETYPE": "St", "FEDIRS": null, "FRADDL": 4000.0, "TOADDL": 4098.0, "FRADDR": 4001.0, "TOADDR": 4099.0 }, "geometry": { "type": "LineString", "coordinates": [ [ 24.869857, 36.067701 ], [ 24.868564, 36.06772 ] ] } },
{ "type": "Feature", "properties": { "TLID": 184644630, "FEDIRP": "N", "FENAME": "Oddisseos", "FETYPE": "St", "FEDIRS": null, "FRADDL": 2600.0, "TOADDL": 2698.0, "FRADDR": 2601.0, "TOADDR": 2699.0 }, "geometry": { "type": "LineString", "coordinates": [ [ 24.868564, 36.06572 ], [ 24.868554, 36.066712 ] ] } },
{ "type": "Feature", "properties": { "TLID": 184644631, "FEDIRP": "N", "FENAME": "Arkadou", "FETYPE": "St", "FEDIRS": null, "FRADDL": 4000.0, "TOADDL": 4098.0, "FRADDR": 4001.0, "TOADDR": 4099.0 }, "geometry": { "type": "LineString", "coordinates": [ [ 24.869869, 36.066704 ], [ 24.868554, 36.066712 ] ] } },
{ "type": "Feature", "properties": { "TLID": 184644632, "FEDIRP": "N", "FENAME": "Arkadiou", "FETYPE": "St", "FEDIRS": null, "FRADDL": 4000.0, "TOADDL": 4098.0, "FRADDR": 4001.0, "TOADDR": 4099.0 }, "geometry": { "type": "LineString", "coordinates": [ [ 24.869964, 36.06572 ], [ 24.868564, 36.06572 ] ] } },
{ "type": "Feature", "properties": { "TLID": 184644633, "FEDIRP": "N", "FENAME": "Oddisseos", "FETYPE": "St", "FEDIRS": null, "FRADDL": 2500.0, "TOADDL": 2598.0, "FRADDR": 2501.0, "TOADDR": 2599.0 }, "geometry": { "type": "LineString", "coordinates": [ [ 24.868564, 36.06482 ], [ 24.868564, 36.06572 ] ] } },
{ "type": "Feature", "properties": { "TLID": 184644634, "FEDIRP": "N", "FENAME": "Oddisseos", "FETYPE": "St", "FEDIRS": null, "FRADDL": 3800.0, "TOADDL": 3848.0, "FRADDR": 3751.0, "TOADDR": 3799.0 }, "geometry": { "type": "LineString", "coordinates": [ [ 24.869164, 36.07692 ], [ 24.869264, 36.07722 ] ] } },
{ "type": "Feature", "properties": { "TLID": 184644635, "FEDIRP": "N", "FENAME": "Blant", "FETYPE": "St", "FEDIRS": null, "FRADDL": 4000.0, "TOADDL": 4098.0, "FRADDR": 4001.0, "TOADDR": 4099.0 }, "geometry": { "type": "LineString", "coordinates": [ [ 24.870264, 36.07712 ], [ 24.869264, 36.07722 ] ] } },
{ "type": "Feature", "properties": { "TLID": 184644636, "FEDIRP": "N", "FENAME": "Mikonou", "FETYPE": "St", "FEDIRS": null, "FRADDL": 3800.0, "TOADDL": 3898.0, "FRADDR": 3801.0, "TOADDR": 3899.0 }, "geometry": { "type": "LineString", "coordinates": [ [ 24.870264, 36.07712 ], [ 24.870264, 36.07772 ] ] } },
{ "type": "Feature", "properties": { "TLID": 184644637, "FEDIRP": "N", "FENAME": "Mikonou", "FETYPE": "St", "FEDIRS": null, "FRADDL": 3700.0, "TOADDL": 3798.0, "FRADDR": 3701.0, "TOADDR": 3799.0 }, "geometry": { "type": "LineString", "coordinates": [ [ 24.870364, 36.07612 ], [ 24.870264, 36.07712 ] ] } },
{ "type": "Feature", "properties": { "TLID": 184644638, "FEDIRP": "N", "FENAME": "Blant", "FETYPE": "St", "FEDIRS": null, "FRADDL": 3900.0, "TOADDL": 3998.0, "FRADDR": 3901.0, "TOADDR": 3999.0 }, "geometry": { "type": "LineString", "coordinates": [ [ 24.871464, 36.07712 ], [ 24.870264, 36.07712 ] ] } },
{ "type": "Feature", "properties": { "TLID": 184644639, "FEDIRP": "N", "FENAME": "Mikonou", "FETYPE": "St", "FEDIRS": null, "FRADDL": 3600.0, "TOADDL": 3698.0, "FRADDR": 3601.0, "TOADDR": 3699.0 }, "geometry": { "type": "LineString", "coordinates": [ [ 24.869764, 36.07522 ], [ 24.869964, 36.07612 ] ] } },
{ "type": "Feature", "properties": { "TLID": 184644640, "FEDIRP": "N", "FENAME": "Bilar", "FETYPE": "St", "FEDIRS": null, "FRADDL": 3920.0, "TOADDL": 3998.0, "FRADDR": 4001.0, "TOADDR": 4031.0 }, "geometry": { "type": "LineString", "coordinates": [ [ 24.870364, 36.07612 ], [ 24.869964, 36.07612 ] ] } },
{ "type": "Feature", "properties": { "TLID": 184644641, "FEDIRP": "N", "FENAME": "Berlau", "FETYPE": "St", "FEDIRS": null, "FRADDL": 3900.0, "TOADDL": 3998.0, "FRADDR": 3901.0, "TOADDR": 3999.0 }, "geometry": { "type": "LineString", "coordinates": [ [ 24.871364, 36.07522 ], [ 24.869764, 36.07522 ] ] } },
{ "type": "Feature", "properties": { "TLID": 184644642, "FEDIRP": "N", "FENAME": "Mikonou", "FETYPE": "St", "FEDIRS": null, "FRADDL": 3500.0, "TOADDL": 3598.0, "FRADDR": 3501.0, "TOADDR": 3599.0 }, "geometry": { "type": "LineString", "coordinates": [ [ 24.869764, 36.07422 ], [ 24.869764, 36.07522 ] ] } },
{ "type": "Feature", "properties": { "TLID": 184644643, "FEDIRP": "N", "FENAME": "Bilar", "FETYPE": "St", "FEDIRS": null, "FRADDL": 3900.0, "TOADDL": 3918.0, "FRADDR": 3901.0, "TOADDR": 3999.0 }, "geometry": { "type": "LineString", "coordinates": [ [ 24.871364, 36.07612 ], [ 24.870364, 36.07612 ] ] } },
{ "type": "Feature", "properties": { "TLID": 184644645, "FEDIRP": "N", "FENAME": "Polvo", "FETYPE": "St", "FEDIRS": null, "FRADDL": 3700.0, "TOADDL": 3798.0, "FRADDR": 3701.0, "TOADDR": 3799.0 }, "geometry": { "type": "LineString", "coordinates": [ [ 24.871364, 36.07612 ], [ 24.871464, 36.07712 ] ] } },
{ "type": "Feature", "properties": { "TLID": 184644646, "FEDIRP": "N", "FENAME": "Blant", "FETYPE": "St", "FEDIRS": null, "FRADDL": 3800.0, "TOADDL": 3898.0, "FRADDR": 3801.0, "TOADDR": 3899.0 }, "geometry": { "type": "LineString", "coordinates": [ [ 24.873064, 36.07712 ], [ 24.871464, 36.07712 ] ] } },
{ "type": "Feature", "properties": { "TLID": 184644647, "FEDIRP": "N", "FENAME": "Polvo", "FETYPE": "St", "FEDIRS": null, "FRADDL": 3600.0, "TOADDL": 3698.0, "FRADDR": 3601.0, "TOADDR": 3699.0 }, "geometry": { "type": "LineString", "coordinates": [ [ 24.871364, 36.07522 ], [ 24.871364, 36.07612 ] ] } },
{ "type": "Feature", "properties": { "TLID": 184644648, "FEDIRP": "N", "FENAME": "Bilar", "FETYPE": "St", "FEDIRS": null, "FRADDL": 3800.0, "TOADDL": 3898.0, "FRADDR": 3801.0, "TOADDR": 3899.0 }, "geometry": { "type": "LineString", "coordinates": [ [ 24.873164, 36.07612 ], [ 24.871364, 36.07612 ] ] } },
{ "type": "Feature", "properties": { "TLID": 184644649, "FEDIRP": "N", "FENAME": "Polvo", "FETYPE": "St", "FEDIRS": null, "FRADDL": 3500.0, "TOADDL": 3598.0, "FRADDR": 3501.0, "TOADDR": 3599.0 }, "geometry": { "type": "LineString", "coordinates": [ [ 24.871364, 36.07422 ], [ 24.871364, 36.07522 ] ] } },
{ "type": "Feature", "properties": { "TLID": 184644650, "FEDIRP": "N", "FENAME": "Berlau", "FETYPE": "St", "FEDIRS": null, "FRADDL": 3800.0, "TOADDL": 3898.0, "FRADDR": 3801.0, "TOADDR": 3899.0 }, "geometry": { "type": "LineString", "coordinates": [ [ 24.873064, 36.07522 ], [ 24.871364, 36.07522 ] ] } },
{ "type": "Feature", "properties": { "TLID": 184644651, "FEDIRP": "N", "FENAME": "Mikonou", "FETYPE": "St", "FEDIRS": null, "FRADDL": 3400.0, "TOADDL": 3498.0, "FRADDR": 3401.0, "TOADDR": 3499.0 }, "geometry": { "type": "LineString", "coordinates": [ [ 24.869764, 36.07332 ], [ 24.869764, 36.07422 ] ] } },
{ "type": "Feature", "properties": { "TLID": 184644652, "FEDIRP": "N", "FENAME": "Barwyn", "FETYPE": "St", "FEDIRS": null, "FRADDL": 3900.0, "TOADDL": 3998.0, "FRADDR": 3901.0, "TOADDR": 3999.0 }, "geometry": { "type": "LineString", "coordinates": [ [ 24.871364, 36.07422 ], [ 24.869764, 36.07422 ] ] } },
{ "type": "Feature", "properties": { "TLID": 184644654, "FEDIRP": "N", "FENAME": "Barabla", "FETYPE": "St", "FEDIRS": null, "FRADDL": 3900.0, "TOADDL": 3998.0, "FRADDR": 3901.0, "TOADDR": 3999.0 }, "geometry": { "type": "LineString", "coordinates": [ [ 24.871264, 36.07332 ], [ 24.869764, 36.07332 ] ] } },
{ "type": "Feature", "properties": { "TLID": 184644655, "FEDIRP": "N", "FENAME": "Polvo", "FETYPE": "St", "FEDIRS": null, "FRADDL": 3400.0, "TOADDL": 3498.0, "FRADDR": 3401.0, "TOADDR": 3499.0 }, "geometry": { "type": "LineString", "coordinates": [ [ 24.871264, 36.07332 ], [ 24.871364, 36.07422 ] ] } },
{ "type": "Feature", "properties": { "TLID": 184644656, "FEDIRP": "N", "FENAME": "Barwyn", "FETYPE": "St", "FEDIRS": null, "FRADDL": 3800.0, "TOADDL": 3898.0, "FRADDR": 3801.0, "TOADDR": 3899.0 }, "geometry": { "type": "LineString", "coordinates": [ [ 24.873064, 36.07422 ], [ 24.871364, 36.07422 ] ] } },
{ "type": "Feature", "properties": { "TLID": 184644657, "FEDIRP": "N", "FENAME": "Polvo", "FETYPE": "St", "FEDIRS": null, "FRADDL": 3250.0, "TOADDL": 3398.0, "FRADDR": 3301.0, "TOADDR": 3399.0 }, "geometry": { "type": "LineString", "coordinates": [ [ 24.871464, 36.07242 ], [ 24.871264, 36.07332 ] ] } },
{ "type": "Feature", "properties": { "TLID": 184644658, "FEDIRP": "N", "FENAME": "Barabla", "FETYPE": "St", "FEDIRS": null, "FRADDL": 3800.0, "TOADDL": 3898.0, "FRADDR": 3801.0, "TOADDR": 3899.0 }, "geometry": { "type": "LineString", "coordinates": [ [ 24.872964, 36.07332 ], [ 24.871264, 36.07332 ] ] } },
{ "type": "Feature", "properties": { "TLID": 184644659, "FEDIRP": "N", "FENAME": "Bairn", "FETYPE": "St", "FEDIRS": null, "FRADDL": 3800.0, "TOADDL": 3898.0, "FRADDR": 3801.0, "TOADDR": 3899.0 }, "geometry": { "type": "LineString", "coordinates": [ [ 24.872964, 36.07242 ], [ 24.871464, 36.07242 ] ] } },
{ "type": "Feature", "properties": { "TLID": 184644660, "FEDIRP": "N", "FENAME": "Polvo", "FETYPE": "St", "FEDIRS": null, "FRADDL": 3100.0, "TOADDL": 3152.0, "FRADDR": 3101.0, "TOADDR": 3169.0 }, "geometry": { "type": "LineString", "coordinates": [ [ 24.871364, 36.07052 ], [ 24.871399, 36.071185 ] ] } },
{ "type": "Feature", "properties": { "TLID": 184644662, "FEDIRP": "N", "FENAME": "Estos", "FETYPE": "St", "FEDIRS": null, "FRADDL": 3700.0, "TOADDL": 3798.0, "FRADDR": 3701.0, "TOADDR": 3799.0 }, "geometry": { "type": "LineString", "coordinates": [ [ 24.873164, 36.07612 ], [ 24.873064, 36.07712 ] ] } },
{ "type": "Feature", "properties": { "TLID": 184644663, "FEDIRP": "N", "FENAME": "Blant", "FETYPE": "St", "FEDIRS": null, "FRADDL": 3700.0, "TOADDL": 3798.0, "FRADDR": 3737.0, "TOADDR": 3799.0 }, "geometry": { "type": "LineString", "coordinates": [ [ 24.874764, 36.07712 ], [ 24.873064, 36.07712 ] ] } },
{ "type": "Feature", "properties": { "TLID": 184644664, "FEDIRP": "N", "FENAME": "Estos", "FETYPE": "St", "FEDIRS": null, "FRADDL": 3600.0, "TOADDL": 3698.0, "FRADDR": 3601.0, "TOADDR": 3699.0 }, "geometry": { "type": "LineString", "coordinates": [ [ 24.873064, 36.07522 ], [ 24.873164, 36.07612 ] ] } },
{ "type": "Feature", "properties": { "TLID": 184644665, "FEDIRP": "N", "FENAME": "Berlau", "FETYPE": "St", "FEDIRS": null, "FRADDL": 3700.0, "TOADDL": 3798.0, "FRADDR": 3701.0, "TOADDR": 3799.0 }, "geometry": { "type": "LineString", "coordinates": [ [ 24.874664, 36.07522 ], [ 24.873064, 36.07522 ] ] } },
{ "type": "Feature", "properties": { "TLID": 184644666, "FEDIRP": "N", "FENAME": "Estos", "FETYPE": "St", "FEDIRS": null, "FRADDL": 3500.0, "TOADDL": 3598.0, "FRADDR": 3501.0, "TOADDR": 3599.0 }, "geometry": { "type": "LineString", "coordinates": [ [ 24.873064, 36.07422 ], [ 24.873064, 36.07522 ] ] } },
{ "type": "Feature", "properties": { "TLID": 184644667, "FEDIRP": "N", "FENAME": "Blant", "FETYPE": "St", "FEDIRS": null, "FRADDL": 3600.0, "TOADDL": 3698.0, "FRADDR": 3601.0, "TOADDR": 3735.0 }, "geometry": { "type": "LineString", "coordinates": [ [ 24.875364, 36.07712 ], [ 24.874764, 36.07712 ] ] } },
{ "type": "Feature", "properties": { "TLID": 184644668, "FEDIRP": "N", "FENAME": "Utmana", "FETYPE": "St", "FEDIRS": null, "FRADDL": 3700.0, "TOADDL": 3798.0, "FRADDR": 3701.0, "TOADDR": 3797.0 }, "geometry": { "type": "LineString", "coordinates": [ [ 24.874664, 36.07622 ], [ 24.874764, 36.07712 ] ] } },
{ "type": "Feature", "properties": { "TLID": 184644669, "FEDIRP": "N", "FENAME": "Bilar", "FETYPE": "St", "FEDIRS": null, "FRADDL": 3700.0, "TOADDL": 3798.0, "FRADDR": 3701.0, "TOADDR": 3799.0 }, "geometry": { "type": "LineString", "coordinates": [ [ 24.874664, 36.07622 ], [ 24.873164, 36.07612 ] ] } },
{ "type": "Feature", "properties": { "TLID": 184644670, "FEDIRP": "N", "FENAME": "Utmana", "FETYPE": "St", "FEDIRS": null, "FRADDL": 3600.0, "TOADDL": 3698.0, "FRADDR": 3601.0, "TOADDR": 3699.0 }, "geometry": { "type": "LineString", "coordinates": [ [ 24.874664, 36.07522 ], [ 24.874664, 36.07622 ] ] } },
{ "type": "Feature", "properties": { "TLID": 184644671, "FEDIRP": "N", "FENAME": "Utmana", "FETYPE": "St", "FEDIRS": null, "FRADDL": 3500.0, "TOADDL": 3598.0, "FRADDR": 3501.0, "TOADDR": 3599.0 }, "geometry": { "type": "LineString", "coordinates": [ [ 24.874664, 36.07422 ], [ 24.874664, 36.07522 ] ] } },
{ "type": "Feature", "properties": { "TLID": 184644672, "FEDIRP": "N", "FENAME": "Berlau", "FETYPE": "St", "FEDIRS": null, "FRADDL": 3600.0, "TOADDL": 3698.0, "FRADDR": 3601.0, "TOADDR": 3699.0 }, "geometry": { "type": "LineString", "coordinates": [ [ 24.876164, 36.07522 ], [ 24.874664, 36.07522 ] ] } },
{ "type": "Feature", "properties": { "TLID": 184644673, "FEDIRP": "N", "FENAME": "Estos", "FETYPE": "St", "FEDIRS": null, "FRADDL": 3400.0, "TOADDL": 3498.0, "FRADDR": 3401.0, "TOADDR": 3499.0 }, "geometry": { "type": "LineString", "coordinates": [ [ 24.872964, 36.07332 ], [ 24.873064, 36.07422 ] ] } },
{ "type": "Feature", "properties": { "TLID": 184644674, "FEDIRP": "N", "FENAME": "Barwyn", "FETYPE": "St", "FEDIRS": null, "FRADDL": 3700.0, "TOADDL": 3798.0, "FRADDR": 3701.0, "TOADDR": 3799.0 }, "geometry": { "type": "LineString", "coordinates": [ [ 24.874664, 36.07422 ], [ 24.873064, 36.07422 ] ] } },
{ "type": "Feature", "properties": { "TLID": 184644675, "FEDIRP": "N", "FENAME": "Estos", "FETYPE": "St", "FEDIRS": null, "FRADDL": 3300.0, "TOADDL": 3398.0, "FRADDR": 3301.0, "TOADDR": 3399.0 }, "geometry": { "type": "LineString", "coordinates": [ [ 24.872964, 36.07242 ], [ 24.872964, 36.07332 ] ] } },
{ "type": "Feature", "properties": { "TLID": 184644676, "FEDIRP": "N", "FENAME": "Barabla", "FETYPE": "St", "FEDIRS": null, "FRADDL": 3700.0, "TOADDL": 3798.0, "FRADDR": 3701.0, "TOADDR": 3799.0 }, "geometry": { "type": "LineString", "coordinates": [ [ 24.874664, 36.07332 ], [ 24.872964, 36.07332 ] ] } },
{ "type": "Feature", "properties": { "TLID": 184644677, "FEDIRP": "N", "FENAME": "Bairn", "FETYPE": "St", "FEDIRS": null, "FRADDL": 3700.0, "TOADDL": 3798.0, "FRADDR": 3701.0, "TOADDR": 3799.0 }, "geometry": { "type": "LineString", "coordinates": [ [ 24.874664, 36.07242 ], [ 24.872964, 36.07242 ] ] } },
{ "type": "Feature", "properties": { "TLID": 184644678, "FEDIRP": "N", "FENAME": "Utmana", "FETYPE": "St", "FEDIRS": null, "FRADDL": 3400.0, "TOADDL": 3498.0, "FRADDR": 3401.0, "TOADDR": 3499.0 }, "geometry": { "type": "LineString", "coordinates": [ [ 24.874664, 36.07332 ], [ 24.874664, 36.07422 ] ] } },
{ "type": "Feature", "properties": { "TLID": 184644679, "FEDIRP": "N", "FENAME": "Barwyn", "FETYPE": "St", "FEDIRS": null, "FRADDL": 3600.0, "TOADDL": 3698.0, "FRADDR": 3601.0, "TOADDR": 3699.0 }, "geometry": { "type": "LineString", "coordinates": [ [ 24.876164, 36.07422 ], [ 24.874664, 36.07422 ] ] } },
{ "type": "Feature", "properties": { "TLID": 184644680, "FEDIRP": "N", "FENAME": "Utmana", "FETYPE": "St", "FEDIRS": null, "FRADDL": 3300.0, "TOADDL": 3398.0, "FRADDR": 3301.0, "TOADDR": 3399.0 }, "geometry": { "type": "LineString", "coordinates": [ [ 24.874664, 36.07242 ], [ 24.874664, 36.07332 ] ] } },
{ "type": "Feature", "properties": { "TLID": 184644681, "FEDIRP": "N", "FENAME": "Barabla", "FETYPE": "St", "FEDIRS": null, "FRADDL": 3600.0, "TOADDL": 3698.0, "FRADDR": 3601.0, "TOADDR": 3699.0 }, "geometry": { "type": "LineString", "coordinates": [ [ 24.876164, 36.07332 ], [ 24.874664, 36.07332 ] ] } },
{ "type": "Feature", "properties": { "TLID": 184644682, "FEDIRP": "N", "FENAME": "Utmana", "FETYPE": "St", "FEDIRS": null, "FRADDL": 3100.0, "TOADDL": 3198.0, "FRADDR": 3101.0, "TOADDR": 3199.0 }, "geometry": { "type": "LineString", "coordinates": [ [ 24.874584, 36.072114 ], [ 24.874664, 36.07242 ] ] } },
{ "type": "Feature", "properties": { "TLID": 184644683, "FEDIRP": "N", "FENAME": "Bairn", "FETYPE": "St", "FEDIRS": null, "FRADDL": 3616.0, "TOADDL": 3698.0, "FRADDR": 3601.0, "TOADDR": 3699.0 }, "geometry": { "type": "LineString", "coordinates": [ [ 24.876264, 36.07242 ], [ 24.874664, 36.07242 ] ] } },
{ "type": "Feature", "properties": { "TLID": 184644684, "FEDIRP": "N", "FENAME": "Mikonou", "FETYPE": "St", "FEDIRS": null, "FRADDL": 3100.0, "TOADDL": 3198.0, "FRADDR": 3101.0, "TOADDR": 3199.0 }, "geometry": { "type": "LineString", "coordinates": [ [ 24.869964, 36.07022 ], [ 24.869964, 36.07132 ] ] } },
{ "type": "Feature", "properties": { "TLID": 184644686, "FEDIRP": "N", "FENAME": "Averof", "FETYPE": "St", "FEDIRS": null, "FRADDL": 3900.0, "TOADDL": 3924.0, "FRADDR": 3901.0, "TOADDR": 3999.0 }, "geometry": { "type": "LineString", "coordinates": [ [ 24.871364, 36.07052 ], [ 24.869964, 36.07022 ] ] } },
{ "type": "Feature", "properties": { "TLID": 184644687, "FEDIRP": "N", "FENAME": "Polvo", "FETYPE": "St", "FEDIRS": null, "FRADDL": 3000.0, "TOADDL": 3098.0, "FRADDR": 3001.0, "TOADDR": 3099.0 }, "geometry": { "type": "LineString", "coordinates": [ [ 24.871386, 36.069614 ], [ 24.871364, 36.07052 ] ] } },
{ "type": "Feature", "properties": { "TLID": 184644689, "FEDIRP": "N", "FENAME": "Polvo", "FETYPE": "St", "FEDIRS": null, "FRADDL": 2900.0, "TOADDL": 2998.0, "FRADDR": 2901.0, "TOADDR": 2999.0 }, "geometry": { "type": "LineString", "coordinates": [ [ 24.871364, 36.06862 ], [ 24.871386, 36.069614 ] ] } },
{ "type": "Feature", "properties": { "TLID": 184644690, "FEDIRP": "N", "FENAME": "Aveny", "FETYPE": "St", "FEDIRS": null, "FRADDL": 3700.0, "TOADDL": 3898.0, "FRADDR": 3701.0, "TOADDR": 3899.0 }, "geometry": { "type": "LineString", "coordinates": [ [ 24.874664, 36.06922 ], [ 24.871386, 36.069614 ] ] } },
{ "type": "Feature", "properties": { "TLID": 184644691, "FEDIRP": "N", "FENAME": "Polvo", "FETYPE": "St", "FEDIRS": null, "FRADDL": 2800.0, "TOADDL": 2898.0, "FRADDR": 2801.0, "TOADDR": 2899.0 }, "geometry": { "type": "LineString", "coordinates": [ [ 24.871464, 36.06772 ], [ 24.871364, 36.06862 ] ] } },
{ "type": "Feature", "properties": { "TLID": 184644692, "FEDIRP": "N", "FENAME": "Asiant", "FETYPE": "St", "FEDIRS": null, "FRADDL": 3700.0, "TOADDL": 3898.0, "FRADDR": 3701.0, "TOADDR": 3899.0 }, "geometry": { "type": "LineString", "coordinates": [ [ 24.874764, 36.06832 ], [ 24.871364, 36.06862 ] ] } },
{ "type": "Feature", "properties": { "TLID": 184644693, "FEDIRP": "N", "FENAME": "Mikonou", "FETYPE": "St", "FEDIRS": null, "FRADDL": 2700.0, "TOADDL": 2898.0, "FRADDR": 2701.0, "TOADDR": 2899.0 }, "geometry": { "type": "LineString", "coordinates": [ [ 24.869869, 36.066704 ], [ 24.869857, 36.067701 ] ] } },
{ "type": "Feature", "properties": { "TLID": 184644694, "FEDIRP": "N", "FENAME": "Mikonou", "FETYPE": "St", "FEDIRS": null, "FRADDL": 2600.0, "TOADDL": 2698.0, "FRADDR": 2601.0, "TOADDR": 2699.0 }, "geometry": { "type": "LineString", "coordinates": [ [ 24.869964, 36.06572 ], [ 24.869869, 36.066704 ] ] } },
{ "type": "Feature", "properties": { "TLID": 184644695, "FEDIRP": "N", "FENAME": "Mikonou", "FETYPE": "St", "FEDIRS": null, "FRADDL": 2500.0, "TOADDL": 2598.0, "FRADDR": 2501.0, "TOADDR": 2599.0 }, "geometry": { "type": "LineString", "coordinates": [ [ 24.869964, 36.06482 ], [ 24.869964, 36.06572 ] ] } },
{ "type": "Feature", "properties": { "TLID": 184644696, "FEDIRP": "N", "FENAME": "Artakis", "FETYPE": "St", "FEDIRS": null, "FRADDL": 3900.0, "TOADDL": 3998.0, "FRADDR": 3901.0, "TOADDR": 3999.0 }, "geometry": { "type": "LineString", "coordinates": [ [ 24.871464, 36.06772 ], [ 24.869857, 36.067701 ] ] } },
{ "type": "Feature", "properties": { "TLID": 184644697, "FEDIRP": "N", "FENAME": "Polvo", "FETYPE": "St", "FEDIRS": null, "FRADDL": 2700.0, "TOADDL": 2798.0, "FRADDR": 2701.0, "TOADDR": 2799.0 }, "geometry": { "type": "LineString", "coordinates": [ [ 24.871464, 36.06672 ], [ 24.871464, 36.06772 ] ] } },
{ "type": "Feature", "properties": { "TLID": 184644698, "FEDIRP": "N", "FENAME": "Artakis", "FETYPE": "St", "FEDIRS": null, "FRADDL": 3700.0, "TOADDL": 3724.0, "FRADDR": 3701.0, "TOADDR": 3727.0 }, "geometry": { "type": "LineString", "coordinates": [ [ 24.874764, 36.06732 ], [ 24.87331, 36.067496 ] ] } },
{ "type": "Feature", "properties": { "TLID": 184644699, "FEDIRP": "N", "FENAME": "Arkadou", "FETYPE": "St", "FEDIRS": null, "FRADDL": 3900.0, "TOADDL": 3998.0, "FRADDR": 3901.0, "TOADDR": 3999.0 }, "geometry": { "type": "LineString", "coordinates": [ [ 24.871464, 36.06672 ], [ 24.869869, 36.066704 ] ] } },
{ "type": "Feature", "properties": { "TLID": 184644700, "FEDIRP": "N", "FENAME": "Polvo", "FETYPE": "St", "FEDIRS": null, "FRADDL": 2600.0, "TOADDL": 2698.0, "FRADDR": 2601.0, "TOADDR": 2699.0 }, "geometry": { "type": "LineString", "coordinates": [ [ 24.871488, 36.065711 ], [ 24.871464, 36.06672 ] ] } },
{ "type": "Feature", "properties": { "TLID": 184644701, "FEDIRP": "N", "FENAME": "Arkadou", "FETYPE": "St", "FEDIRS": null, "FRADDL": 3800.0, "TOADDL": 3898.0, "FRADDR": 3713.0, "TOADDR": 3899.0 }, "geometry": { "type": "LineString", "coordinates": [ [ 24.873164, 36.06642 ], [ 24.871464, 36.06672 ] ] } },
{ "type": "Feature", "properties": { "TLID": 184644702, "FEDIRP": "N", "FENAME": "Arkadiou", "FETYPE": "St", "FEDIRS": null, "FRADDL": 3900.0, "TOADDL": 3998.0, "FRADDR": 3901.0, "TOADDR": 3999.0 }, "geometry": { "type": "LineString", "coordinates": [ [ 24.871488, 36.065711 ], [ 24.869964, 36.06572 ] ] } },
{ "type": "Feature", "properties": { "TLID": 184644703, "FEDIRP": "N", "FENAME": "Arkadiou", "FETYPE": "St", "FEDIRS": null, "FRADDL": 3800.0, "TOADDL": 3898.0, "FRADDR": 3801.0, "TOADDR": 3899.0 }, "geometry": { "type": "LineString", "coordinates": [ [ 24.873164, 36.06552 ], [ 24.871488, 36.065711 ] ] } },
{ "type": "Feature", "properties": { "TLID": 184644704, "FEDIRP": "N", "FENAME": "Polvo", "FETYPE": "St", "FEDIRS": null, "FRADDL": 2500.0, "TOADDL": 2598.0, "FRADDR": 2501.0, "TOADDR": 2599.0 }, "geometry": { "type": "LineString", "coordinates": [ [ 24.871464, 36.06482 ], [ 24.871488, 36.065711 ] ] } },
{ "type": "Feature", "properties": { "TLID": 184644705, "FEDIRP": "N", "FENAME": "Utmana", "FETYPE": "St", "FEDIRS": null, "FRADDL": 3000.0, "TOADDL": 3098.0, "FRADDR": 3001.0, "TOADDR": 3099.0 }, "geometry": { "type": "LineString", "coordinates": [ [ 24.874664, 36.06922 ], [ 24.874764, 36.07022 ] ] } },
{ "type": "Feature", "properties": { "TLID": 184644706, "FEDIRP": "N", "FENAME": "Utmana", "FETYPE": "St", "FEDIRS": null, "FRADDL": 2900.0, "TOADDL": 2998.0, "FRADDR": 2901.0, "TOADDR": 2999.0 }, "geometry": { "type": "LineString", "coordinates": [ [ 24.874764, 36.06832 ], [ 24.874664, 36.06922 ] ] } },
{ "type": "Feature", "properties": { "TLID": 184644707, "FEDIRP": "N", "FENAME": "Estos", "FETYPE": "St", "FEDIRS": null, "FRADDL": 2700.0, "TOADDL": 2780.0, "FRADDR": 2701.0, "TOADDR": 2781.0 }, "geometry": { "type": "LineString", "coordinates": [ [ 24.873164, 36.06642 ], [ 24.873264, 36.06712 ] ] } },
{ "type": "Feature", "properties": { "TLID": 184644708, "FEDIRP": "N", "FENAME": "Estos", "FETYPE": "St", "FEDIRS": null, "FRADDL": 2600.0, "TOADDL": 2698.0, "FRADDR": 2601.0, "TOADDR": 2699.0 }, "geometry": { "type": "LineString", "coordinates": [ [ 24.873164, 36.06552 ], [ 24.873164, 36.06642 ] ] } },
{ "type": "Feature", "properties": { "TLID": 184644709, "FEDIRP": "N", "FENAME": "Arkadou", "FETYPE": "St", "FEDIRS": null, "FRADDL": 3700.0, "TOADDL": 3798.0, "FRADDR": 3701.0, "TOADDR": 3711.0 }, "geometry": { "type": "LineString", "coordinates": [ [ 24.874764, 36.06642 ], [ 24.873164, 36.06642 ] ] } },
{ "type": "Feature", "properties": { "TLID": 184644710, "FEDIRP": "N", "FENAME": "Arkadiou", "FETYPE": "St", "FEDIRS": null, "FRADDL": 3700.0, "TOADDL": 3798.0, "FRADDR": 3701.0, "TOADDR": 3799.0 }, "geometry": { "type": "LineString", "coordinates": [ [ 24.874684, 36.065494 ], [ 24.873164, 36.06552 ] ] } },
{ "type": "Feature", "properties": { "TLID": 184644711, "FEDIRP": "N", "FENAME": "Estos", "FETYPE": "St", "FEDIRS": null, "FRADDL": 2500.0, "TOADDL": 2598.0, "FRADDR": 2501.0, "TOADDR": 2599.0 }, "geometry": { "type": "LineString", "coordinates": [ [ 24.873264, 36.06452 ], [ 24.873164, 36.06552 ] ] } },
{ "type": "Feature", "properties": { "TLID": 184644712, "FEDIRP": "N", "FENAME": "Utmana", "FETYPE": "St", "FEDIRS": null, "FRADDL": 2800.0, "TOADDL": 2898.0, "FRADDR": 2801.0, "TOADDR": 2899.0 }, "geometry": { "type": "LineString", "coordinates": [ [ 24.874764, 36.06732 ], [ 24.874764, 36.06832 ] ] } },
{ "type": "Feature", "properties": { "TLID": 184644713, "FEDIRP": "N", "FENAME": "Asiant", "FETYPE": "St", "FEDIRS": null, "FRADDL": 3600.0, "TOADDL": 3698.0, "FRADDR": 3601.0, "TOADDR": 3699.0 }, "geometry": { "type": "LineString", "coordinates": [ [ 24.876264, 36.06832 ], [ 24.874764, 36.06832 ] ] } },
{ "type": "Feature", "properties": { "TLID": 184644714, "FEDIRP": "N", "FENAME": "Utmana", "FETYPE": "St", "FEDIRS": null, "FRADDL": 2700.0, "TOADDL": 2798.0, "FRADDR": 2701.0, "TOADDR": 2799.0 }, "geometry": { "type": "LineString", "coordinates": [ [ 24.874764, 36.06642 ], [ 24.874764, 36.06732 ] ] } },
{ "type": "Feature", "properties": { "TLID": 184644715, "FEDIRP": "N", "FENAME": "Artakis", "FETYPE": "St", "FEDIRS": null, "FRADDL": 3600.0, "TOADDL": 3698.0, "FRADDR": 3601.0, "TOADDR": 3699.0 }, "geometry": { "type": "LineString", "coordinates": [ [ 24.876308, 36.067321 ], [ 24.874764, 36.06732 ] ] } },
{ "type": "Feature", "properties": { "TLID": 184644716, "FEDIRP": "N", "FENAME": "Utmana", "FETYPE": "St", "FEDIRS": null, "FRADDL": 2600.0, "TOADDL": 2698.0, "FRADDR": 2601.0, "TOADDR": 2699.0 }, "geometry": { "type": "LineString", "coordinates": [ [ 24.874684, 36.065494 ], [ 24.874764, 36.06642 ] ] } },
{ "type": "Feature", "properties": { "TLID": 184644717, "FEDIRP": "N", "FENAME": "Arkadou", "FETYPE": "St", "FEDIRS": null, "FRADDL": 3600.0, "TOADDL": 3698.0, "FRADDR": 3601.0, "TOADDR": 3699.0 }, "geometry": { "type": "LineString", "coordinates": [ [ 24.876364, 36.06642 ], [ 24.874764, 36.06642 ] ] } },
{ "type": "Feature", "properties": { "TLID": 184644718, "FEDIRP": "N", "FENAME": "Utmana", "FETYPE": "St", "FEDIRS": null, "FRADDL": 2500.0, "TOADDL": 2598.0, "FRADDR": 2501.0, "TOADDR": 2599.0 }, "geometry": { "type": "LineString", "coordinates": [ [ 24.874697, 36.064527 ], [ 24.874684, 36.065494 ] ] } },
{ "type": "Feature", "properties": { "TLID": 184644719, "FEDIRP": "N", "FENAME": "Spetson", "FETYPE": "St", "FEDIRS": null, "FRADDL": 2400.0, "TOADDL": 2498.0, "FRADDR": 2401.0, "TOADDR": 2499.0 }, "geometry": { "type": "LineString", "coordinates": [ [ 24.864164, 36.06382 ], [ 24.864164, 36.06472 ] ] } },
{ "type": "Feature", "properties": { "TLID": 184644720, "FEDIRP": "N", "FENAME": "Spetson", "FETYPE": "St", "FEDIRS": null, "FRADDL": 2200.0, "TOADDL": 2398.0, "FRADDR": 2201.0, "TOADDR": 2399.0 }, "geometry": { "type": "LineString", "coordinates": [ [ 24.864164, 36.06292 ], [ 24.864164, 36.06382 ] ] } },
{ "type": "Feature", "properties": { "TLID": 184644721, "FEDIRP": "N", "FENAME": "Anntigonou", "FETYPE": "St", "FEDIRS": null, "FRADDL": 4300.0, "TOADDL": 4398.0, "FRADDR": 4301.0, "TOADDR": 4399.0 }, "geometry": { "type": "LineString", "coordinates": [ [ 24.865664, 36.06292 ], [ 24.864164, 36.06292 ] ] } },
{ "type": "Feature", "properties": { "TLID": 184644722, "FEDIRP": "N", "FENAME": "Spetson", "FETYPE": "St", "FEDIRS": null, "FRADDL": 2100.0, "TOADDL": 2198.0, "FRADDR": 2101.0, "TOADDR": 2199.0 }, "geometry": { "type": "LineString", "coordinates": [ [ 24.864064, 36.06192 ], [ 24.864164, 36.06292 ] ] } },
{ "type": "Feature", "properties": { "TLID": 184644723, "FEDIRP": "N", "FENAME": "Arbete", "FETYPE": "St", "FEDIRS": null, "FRADDL": 4300.0, "TOADDL": 4398.0, "FRADDR": 4301.0, "TOADDR": 4399.0 }, "geometry": { "type": "LineString", "coordinates": [ [ 24.865664, 36.06482 ], [ 24.864164, 36.06472 ] ] } },
{ "type": "Feature", "properties": { "TLID": 184644724, "FEDIRP": "N", "FENAME": "Nia", "FETYPE": "Ave", "FEDIRS": null, "FRADDL": 2400.0, "TOADDL": 2498.0, "FRADDR": 2401.0, "TOADDR": 2499.0 }, "geometry": { "type": "LineString", "coordinates": [ [ 24.865664, 36.06392 ], [ 24.865664, 36.06482 ] ] } },
{ "type": "Feature", "properties": { "TLID": 184644725, "FEDIRP": "N", "FENAME": "Arbete", "FETYPE": "St", "FEDIRS": null, "FRADDL": 4200.0, "TOADDL": 4298.0, "FRADDR": 4201.0, "TOADDR": 4299.0 }, "geometry": { "type": "LineString", "coordinates": [ [ 24.867164, 36.06482 ], [ 24.865664, 36.06482 ] ] } },
{ "type": "Feature", "properties": { "TLID": 184644726, "FEDIRP": "N", "FENAME": "Antoniadou", "FETYPE": "St", "FEDIRS": null, "FRADDL": 4300.0, "TOADDL": 4398.0, "FRADDR": 4301.0, "TOADDR": 4399.0 }, "geometry": { "type": "LineString", "coordinates": [ [ 24.865664, 36.06392 ], [ 24.864164, 36.06382 ] ] } },
{ "type": "Feature", "properties": { "TLID": 184644727, "FEDIRP": "N", "FENAME": "Nia", "FETYPE": "Ave", "FEDIRS": null, "FRADDL": 2200.0, "TOADDL": 2398.0, "FRADDR": 2201.0, "TOADDR": 2399.0 }, "geometry": { "type": "LineString", "coordinates": [ [ 24.865664, 36.06292 ], [ 24.865664, 36.06392 ] ] } },
{ "type": "Feature", "properties": { "TLID": 184644728, "FEDIRP": "N", "FENAME": "Antoniadou", "FETYPE": "St", "FEDIRS": null, "FRADDL": 4200.0, "TOADDL": 4298.0, "FRADDR": 4201.0, "TOADDR": 4299.0 }, "geometry": { "type": "LineString", "coordinates": [ [ 24.867138, 36.063929 ], [ 24.865664, 36.06392 ] ] } },
{ "type": "Feature", "properties": { "TLID": 184644729, "FEDIRP": "N", "FENAME": "Nia", "FETYPE": "Ave", "FEDIRS": null, "FRADDL": 2100.0, "TOADDL": 2198.0, "FRADDR": 2101.0, "TOADDR": 2199.0 }, "geometry": { "type": "LineString", "coordinates": [ [ 24.865664, 36.06202 ], [ 24.865664, 36.06292 ] ] } },
{ "type": "Feature", "properties": { "TLID": 184644730, "FEDIRP": "N", "FENAME": "Anntigonou", "FETYPE": "St", "FEDIRS": null, "FRADDL": 4200.0, "TOADDL": 4298.0, "FRADDR": 4201.0, "TOADDR": 4299.0 }, "geometry": { "type": "LineString", "coordinates": [ [ 24.867064, 36.06292 ], [ 24.865664, 36.06292 ] ] } },
{ "type": "Feature", "properties": { "TLID": 184644731, "FEDIRP": "N", "FENAME": "Androutsou", "FETYPE": "St", "FEDIRS": null, "FRADDL": 4300.0, "TOADDL": 4398.0, "FRADDR": 4301.0, "TOADDR": 4399.0 }, "geometry": { "type": "LineString", "coordinates": [ [ 24.865664, 36.06202 ], [ 24.864064, 36.06192 ] ] } },
{ "type": "Feature", "properties": { "TLID": 184644732, "FEDIRP": "N", "FENAME": "Nia", "FETYPE": "Ave", "FEDIRS": null, "FRADDL": 1900.0, "TOADDL": 2098.0, "FRADDR": 1901.0, "TOADDR": 2099.0 }, "geometry": { "type": "LineString", "coordinates": [ [ 24.865664, 36.06122 ], [ 24.865664, 36.06202 ] ] } },
{ "type": "Feature", "properties": { "TLID": 184644733, "FEDIRP": "N", "FENAME": "Androutsou", "FETYPE": "St", "FEDIRS": null, "FRADDL": 4200.0, "TOADDL": 4298.0, "FRADDR": 4201.0, "TOADDR": 4299.0 }, "geometry": { "type": "LineString", "coordinates": [ [ 24.867026, 36.06203 ], [ 24.865664, 36.06202 ] ] } },
{ "type": "Feature", "properties": { "TLID": 184644734, "FEDIRP": "N", "FENAME": "Spetson", "FETYPE": "St", "FEDIRS": null, "FRADDL": 1900.0, "TOADDL": 2098.0, "FRADDR": 1901.0, "TOADDR": 2099.0 }, "geometry": { "type": "LineString", "coordinates": [ [ 24.864064, 36.06122 ], [ 24.864064, 36.06192 ] ] } },
{ "type": "Feature", "properties": { "TLID": 184644735, "FEDIRP": "N", "FENAME": "Spetson", "FETYPE": "St", "FEDIRS": null, "FRADDL": 1800.0, "TOADDL": 1898.0, "FRADDR": 1801.0, "TOADDR": 1899.0 }, "geometry": { "type": "LineString", "coordinates": [ [ 24.864064, 36.06032 ], [ 24.864064, 36.06122 ] ] } },
{ "type": "Feature", "properties": { "TLID": 184644736, "FEDIRP": "N", "FENAME": "Amfitris", "FETYPE": "St", "FEDIRS": null, "FRADDL": 4300.0, "TOADDL": 4398.0, "FRADDR": 4301.0, "TOADDR": 4399.0 }, "geometry": { "type": "LineString", "coordinates": [ [ 24.865664, 36.06122 ], [ 24.864064, 36.06122 ] ] } },
{ "type": "Feature", "properties": { "TLID": 184644737, "FEDIRP": "N", "FENAME": "Spetson", "FETYPE": "St", "FEDIRS": null, "FRADDL": 1600.0, "TOADDL": 1798.0, "FRADDR": 1603.0, "TOADDR": 1799.0 }, "geometry": { "type": "LineString", "coordinates": [ [ 24.864064, 36.05942 ], [ 24.864064, 36.06032 ] ] } },
{ "type": "Feature", "properties": { "TLID": 184644738, "FEDIRP": "N", "FENAME": "Alm", "FETYPE": "St", "FEDIRS": null, "FRADDL": 4300.0, "TOADDL": 4398.0, "FRADDR": 4301.0, "TOADDR": 4399.0 }, "geometry": { "type": "LineString", "coordinates": [ [ 24.865564, 36.06032 ], [ 24.864064, 36.06032 ] ] } },
{ "type": "Feature", "properties": { "TLID": 184644739, "FEDIRP": "N", "FENAME": "Alexandrias", "FETYPE": "St", "FEDIRS": null, "FRADDL": 4300.0, "TOADDL": 4398.0, "FRADDR": 4301.0, "TOADDR": 4399.0 }, "geometry": { "type": "LineString", "coordinates": [ [ 24.865564, 36.05942 ], [ 24.864064, 36.05942 ] ] } },
{ "type": "Feature", "properties": { "TLID": 184644740, "FEDIRP": "N", "FENAME": "Spetson", "FETYPE": "St", "FEDIRS": null, "FRADDL": 1500.0, "TOADDL": 1598.0, "FRADDR": 1501.0, "TOADDR": 1601.0 }, "geometry": { "type": "LineString", "coordinates": [ [ 24.864064, 36.05852 ], [ 24.864064, 36.05942 ] ] } },
{ "type": "Feature", "properties": { "TLID": 184644741, "FEDIRP": "N", "FENAME": "Nia", "FETYPE": "Ave", "FEDIRS": null, "FRADDL": 1800.0, "TOADDL": 1898.0, "FRADDR": 1801.0, "TOADDR": 1899.0 }, "geometry": { "type": "LineString", "coordinates": [ [ 24.865564, 36.06032 ], [ 24.865664, 36.06122 ] ] } },
{ "type": "Feature", "properties": { "TLID": 184644742, "FEDIRP": "N", "FENAME": "Amfitris", "FETYPE": "St", "FEDIRS": null, "FRADDL": 4200.0, "TOADDL": 4298.0, "FRADDR": 4201.0, "TOADDR": 4299.0 }, "geometry": { "type": "LineString", "coordinates": [ [ 24.867064, 36.06122 ], [ 24.865664, 36.06122 ] ] } },
{ "type": "Feature", "properties": { "TLID": 184644743, "FEDIRP": "N", "FENAME": "Nia", "FETYPE": "Ave", "FEDIRS": null, "FRADDL": 1600.0, "TOADDL": 1798.0, "FRADDR": 1601.0, "TOADDR": 1799.0 }, "geometry": { "type": "LineString", "coordinates": [ [ 24.865564, 36.05942 ], [ 24.865564, 36.06032 ] ] } },
{ "type": "Feature", "properties": { "TLID": 184644744, "FEDIRP": "N", "FENAME": "Alm", "FETYPE": "St", "FEDIRS": null, "FRADDL": 4200.0, "TOADDL": 4298.0, "FRADDR": 4201.0, "TOADDR": 4299.0 }, "geometry": { "type": "LineString", "coordinates": [ [ 24.867064, 36.06032 ], [ 24.865564, 36.06032 ] ] } },
{ "type": "Feature", "properties": { "TLID": 184644745, "FEDIRP": "N", "FENAME": "Alexandrias", "FETYPE": "St", "FEDIRS": null, "FRADDL": 4200.0, "TOADDL": 4298.0, "FRADDR": 4201.0, "TOADDR": 4299.0 }, "geometry": { "type": "LineString", "coordinates": [ [ 24.867064, 36.05942 ], [ 24.865564, 36.05942 ] ] } },
{ "type": "Feature", "properties": { "TLID": 184644746, "FEDIRP": "N", "FENAME": "Nia", "FETYPE": "Ave", "FEDIRS": null, "FRADDL": 1500.0, "TOADDL": 1598.0, "FRADDR": 1501.0, "TOADDR": 1599.0 }, "geometry": { "type": "LineString", "coordinates": [ [ 24.865564, 36.05842 ], [ 24.865564, 36.05942 ] ] } },
{ "type": "Feature", "properties": { "TLID": 184644747, "FEDIRP": "N", "FENAME": "Tavla", "FETYPE": "St", "FEDIRS": null, "FRADDL": 2400.0, "TOADDL": 2498.0, "FRADDR": 2401.0, "TOADDR": 2499.0 }, "geometry": { "type": "LineString", "coordinates": [ [ 24.867138, 36.063929 ], [ 24.867164, 36.06482 ] ] } },
{ "type": "Feature", "properties": { "TLID": 184644748, "FEDIRP": "N", "FENAME": "Arbete", "FETYPE": "St", "FEDIRS": null, "FRADDL": 4100.0, "TOADDL": 4198.0, "FRADDR": 4101.0, "TOADDR": 4199.0 }, "geometry": { "type": "LineString", "coordinates": [ [ 24.868564, 36.06482 ], [ 24.867164, 36.06482 ] ] } },
{ "type": "Feature", "properties": { "TLID": 184644749, "FEDIRP": "N", "FENAME": "Tavla", "FETYPE": "St", "FEDIRS": null, "FRADDL": 2200.0, "TOADDL": 2398.0, "FRADDR": 2201.0, "TOADDR": 2399.0 }, "geometry": { "type": "LineString", "coordinates": [ [ 24.867064, 36.06292 ], [ 24.867138, 36.063929 ] ] } },
{ "type": "Feature", "properties": { "TLID": 184644750, "FEDIRP": "N", "FENAME": "Antoniadou", "FETYPE": "St", "FEDIRS": null, "FRADDL": 4100.0, "TOADDL": 4198.0, "FRADDR": 4101.0, "TOADDR": 4199.0 }, "geometry": { "type": "LineString", "coordinates": [ [ 24.86857, 36.063929 ], [ 24.867138, 36.063929 ] ] } },
{ "type": "Feature", "properties": { "TLID": 184644751, "FEDIRP": "N", "FENAME": "Anntigonou", "FETYPE": "St", "FEDIRS": null, "FRADDL": 4100.0, "TOADDL": 4198.0, "FRADDR": 4101.0, "TOADDR": 4199.0 }, "geometry": { "type": "LineString", "coordinates": [ [ 24.868564, 36.06292 ], [ 24.867064, 36.06292 ] ] } },
{ "type": "Feature", "properties": { "TLID": 184644752, "FEDIRP": "N", "FENAME": "Tavla", "FETYPE": "St", "FEDIRS": null, "FRADDL": 2100.0, "TOADDL": 2198.0, "FRADDR": 2101.0, "TOADDR": 2199.0 }, "geometry": { "type": "LineString", "coordinates": [ [ 24.867026, 36.06203 ], [ 24.867064, 36.06292 ] ] } },
{ "type": "Feature", "properties": { "TLID": 184644753, "FEDIRP": "N", "FENAME": "Oddisseos", "FETYPE": "St", "FEDIRS": null, "FRADDL": 2400.0, "TOADDL": 2498.0, "FRADDR": 2401.0, "TOADDR": 2499.0 }, "geometry": { "type": "LineString", "coordinates": [ [ 24.86857, 36.063929 ], [ 24.868564, 36.06482 ] ] } },
{ "type": "Feature", "properties": { "TLID": 184644754, "FEDIRP": "N", "FENAME": "Arbete", "FETYPE": "St", "FEDIRS": null, "FRADDL": 4000.0, "TOADDL": 4098.0, "FRADDR": 4001.0, "TOADDR": 4099.0 }, "geometry": { "type": "LineString", "coordinates": [ [ 24.869964, 36.06482 ], [ 24.868564, 36.06482 ] ] } },
{ "type": "Feature", "properties": { "TLID": 184644755, "FEDIRP": "N", "FENAME": "Oddisseos", "FETYPE": "St", "FEDIRS": null, "FRADDL": 2200.0, "TOADDL": 2398.0, "FRADDR": 2201.0, "TOADDR": 2399.0 }, "geometry": { "type": "LineString", "coordinates": [ [ 24.868564, 36.06292 ], [ 24.86857, 36.063929 ] ] } },
{ "type": "Feature", "properties": { "TLID": 184644756, "FEDIRP": "N", "FENAME": "Oddisseos", "FETYPE": "St", "FEDIRS": null, "FRADDL": 2100.0, "TOADDL": 2198.0, "FRADDR": 2101.0, "TOADDR": 2199.0 }, "geometry": { "type": "LineString", "coordinates": [ [ 24.868528, 36.06203 ], [ 24.868564, 36.06292 ] ] } },
{ "type": "Feature", "properties": { "TLID": 184644757, "FEDIRP": "N", "FENAME": "Anntigonou", "FETYPE": "St", "FEDIRS": null, "FRADDL": 4000.0, "TOADDL": 4098.0, "FRADDR": 4001.0, "TOADDR": 4099.0 }, "geometry": { "type": "LineString", "coordinates": [ [ 24.870064, 36.06292 ], [ 24.868564, 36.06292 ] ] } },
{ "type": "Feature", "properties": { "TLID": 184644758, "FEDIRP": "N", "FENAME": "Tavla", "FETYPE": "St", "FEDIRS": null, "FRADDL": 1900.0, "TOADDL": 2098.0, "FRADDR": 1901.0, "TOADDR": 2099.0 }, "geometry": { "type": "LineString", "coordinates": [ [ 24.867064, 36.06122 ], [ 24.867026, 36.06203 ] ] } },
{ "type": "Feature", "properties": { "TLID": 184644759, "FEDIRP": "N", "FENAME": "Tavla", "FETYPE": "St", "FEDIRS": null, "FRADDL": 1800.0, "TOADDL": 1898.0, "FRADDR": 1801.0, "TOADDR": 1899.0 }, "geometry": { "type": "LineString", "coordinates": [ [ 24.867064, 36.06032 ], [ 24.867064, 36.06122 ] ] } },
{ "type": "Feature", "properties": { "TLID": 184644760, "FEDIRP": "N", "FENAME": "Amfitris", "FETYPE": "St", "FEDIRS": null, "FRADDL": 4100.0, "TOADDL": 4198.0, "FRADDR": 4101.0, "TOADDR": 4199.0 }, "geometry": { "type": "LineString", "coordinates": [ [ 24.868564, 36.06122 ], [ 24.867064, 36.06122 ] ] } },
{ "type": "Feature", "properties": { "TLID": 184644761, "FEDIRP": "N", "FENAME": "Tavla", "FETYPE": "St", "FEDIRS": null, "FRADDL": 1600.0, "TOADDL": 1798.0, "FRADDR": 1601.0, "TOADDR": 1799.0 }, "geometry": { "type": "LineString", "coordinates": [ [ 24.867064, 36.05942 ], [ 24.867064, 36.06032 ] ] } },
{ "type": "Feature", "properties": { "TLID": 184644762, "FEDIRP": "N", "FENAME": "Alm", "FETYPE": "St", "FEDIRS": null, "FRADDL": 4100.0, "TOADDL": 4198.0, "FRADDR": 4101.0, "TOADDR": 4199.0 }, "geometry": { "type": "LineString", "coordinates": [ [ 24.868555, 36.060325 ], [ 24.867064, 36.06032 ] ] } },
{ "type": "Feature", "properties": { "TLID": 184644763, "FEDIRP": "N", "FENAME": "Alexandrias", "FETYPE": "St", "FEDIRS": null, "FRADDL": 4100.0, "TOADDL": 4198.0, "FRADDR": 4101.0, "TOADDR": 4199.0 }, "geometry": { "type": "LineString", "coordinates": [ [ 24.868564, 36.05942 ], [ 24.867064, 36.05942 ] ] } },
{ "type": "Feature", "properties": { "TLID": 184644764, "FEDIRP": "N", "FENAME": "Tavla", "FETYPE": "St", "FEDIRS": null, "FRADDL": 1500.0, "TOADDL": 1598.0, "FRADDR": 1501.0, "TOADDR": 1599.0 }, "geometry": { "type": "LineString", "coordinates": [ [ 24.867064, 36.05842 ], [ 24.867064, 36.05942 ] ] } },
{ "type": "Feature", "properties": { "TLID": 184644765, "FEDIRP": "N", "FENAME": "Androutsou", "FETYPE": "St", "FEDIRS": null, "FRADDL": 4100.0, "TOADDL": 4198.0, "FRADDR": 4101.0, "TOADDR": 4199.0 }, "geometry": { "type": "LineString", "coordinates": [ [ 24.868528, 36.06203 ], [ 24.867026, 36.06203 ] ] } },
{ "type": "Feature", "properties": { "TLID": 184644766, "FEDIRP": "N", "FENAME": "Oddisseos", "FETYPE": "St", "FEDIRS": null, "FRADDL": 1900.0, "TOADDL": 2098.0, "FRADDR": 1901.0, "TOADDR": 2099.0 }, "geometry": { "type": "LineString", "coordinates": [ [ 24.868564, 36.06122 ], [ 24.868528, 36.06203 ] ] } },
{ "type": "Feature", "properties": { "TLID": 184644767, "FEDIRP": "N", "FENAME": "Androutsou", "FETYPE": "St", "FEDIRS": null, "FRADDL": 4000.0, "TOADDL": 4098.0, "FRADDR": 4001.0, "TOADDR": 4099.0 }, "geometry": { "type": "LineString", "coordinates": [ [ 24.869975, 36.061999 ], [ 24.868528, 36.06203 ] ] } },
{ "type": "Feature", "properties": { "TLID": 184644768, "FEDIRP": "N", "FENAME": "Oddisseos", "FETYPE": "St", "FEDIRS": null, "FRADDL": 1800.0, "TOADDL": 1898.0, "FRADDR": 1801.0, "TOADDR": 1899.0 }, "geometry": { "type": "LineString", "coordinates": [ [ 24.868555, 36.060325 ], [ 24.868564, 36.06122 ] ] } },
{ "type": "Feature", "properties": { "TLID": 184644769, "FEDIRP": "N", "FENAME": "Amfitris", "FETYPE": "St", "FEDIRS": null, "FRADDL": 4000.0, "TOADDL": 4098.0, "FRADDR": 4001.0, "TOADDR": 4099.0 }, "geometry": { "type": "LineString", "coordinates": [ [ 24.869964, 36.06122 ], [ 24.868564, 36.06122 ] ] } },
{ "type": "Feature", "properties": { "TLID": 184644770, "FEDIRP": "N", "FENAME": "Oddisseos", "FETYPE": "St", "FEDIRS": null, "FRADDL": 1600.0, "TOADDL": 1798.0, "FRADDR": 1601.0, "TOADDR": 1799.0 }, "geometry": { "type": "LineString", "coordinates": [ [ 24.868564, 36.05942 ], [ 24.868555, 36.060325 ] ] } },
{ "type": "Feature", "properties": { "TLID": 184644771, "FEDIRP": "N", "FENAME": "Alm", "FETYPE": "St", "FEDIRS": null, "FRADDL": 4000.0, "TOADDL": 4098.0, "FRADDR": 4001.0, "TOADDR": 4099.0 }, "geometry": { "type": "LineString", "coordinates": [ [ 24.869966, 36.060331 ], [ 24.868555, 36.060325 ] ] } },
{ "type": "Feature", "properties": { "TLID": 184644772, "FEDIRP": "N", "FENAME": "Oddisseos", "FETYPE": "St", "FEDIRS": null, "FRADDL": 1500.0, "TOADDL": 1598.0, "FRADDR": 1501.0, "TOADDR": 1599.0 }, "geometry": { "type": "LineString", "coordinates": [ [ 24.868572, 36.05844 ], [ 24.868564, 36.05942 ] ] } },
{ "type": "Feature", "properties": { "TLID": 184644773, "FEDIRP": "N", "FENAME": "Alexandrias", "FETYPE": "St", "FEDIRS": null, "FRADDL": 4000.0, "TOADDL": 4098.0, "FRADDR": 4001.0, "TOADDR": 4099.0 }, "geometry": { "type": "LineString", "coordinates": [ [ 24.869964, 36.05942 ], [ 24.868564, 36.05942 ] ] } },
{ "type": "Feature", "properties": { "TLID": 184644774, "FEDIRP": "N", "FENAME": "Spetson", "FETYPE": "St", "FEDIRS": null, "FRADDL": 1400.0, "TOADDL": 1498.0, "FRADDR": 1401.0, "TOADDR": 1499.0 }, "geometry": { "type": "LineString", "coordinates": [ [ 24.864064, 36.05762 ], [ 24.864064, 36.05852 ] ] } },
{ "type": "Feature", "properties": { "TLID": 184644775, "FEDIRP": "N", "FENAME": "Alamanas", "FETYPE": "St", "FEDIRS": null, "FRADDL": 4300.0, "TOADDL": 4398.0, "FRADDR": 4301.0, "TOADDR": 4399.0 }, "geometry": { "type": "LineString", "coordinates": [ [ 24.865564, 36.05842 ], [ 24.864064, 36.05852 ] ] } },
{ "type": "Feature", "properties": { "TLID": 184644776, "FEDIRP": "N", "FENAME": "Agisilaou", "FETYPE": "St", "FEDIRS": null, "FRADDL": 4400.0, "TOADDL": 4498.0, "FRADDR": 4401.0, "TOADDR": 4499.0 }, "geometry": { "type": "LineString", "coordinates": [ [ 24.864064, 36.05762 ], [ 24.862464, 36.05752 ] ] } },
{ "type": "Feature", "properties": { "TLID": 184644777, "FEDIRP": "N", "FENAME": "Spetson", "FETYPE": "St", "FEDIRS": null, "FRADDL": 1300.0, "TOADDL": 1398.0, "FRADDR": 1301.0, "TOADDR": 1399.0 }, "geometry": { "type": "LineString", "coordinates": [ [ 24.864064, 36.05662 ], [ 24.864064, 36.05762 ] ] } },
{ "type": "Feature", "properties": { "TLID": 184644778, "FEDIRP": "N", "FENAME": "Agisilaou", "FETYPE": "St", "FEDIRS": null, "FRADDL": 4300.0, "TOADDL": 4398.0, "FRADDR": 4301.0, "TOADDR": 4399.0 }, "geometry": { "type": "LineString", "coordinates": [ [ 24.865564, 36.05752 ], [ 24.864064, 36.05762 ] ] } },
{ "type": "Feature", "properties": { "TLID": 184644779, "FEDIRP": "N", "FENAME": "Spetson", "FETYPE": "St", "FEDIRS": null, "FRADDL": 1200.0, "TOADDL": 1298.0, "FRADDR": 1201.0, "TOADDR": 1299.0 }, "geometry": { "type": "LineString", "coordinates": [ [ 24.864064, 36.05572 ], [ 24.864064, 36.05662 ] ] } },
{ "type": "Feature", "properties": { "TLID": 184644780, "FEDIRP": "N", "FENAME": "Agiasou", "FETYPE": "St", "FEDIRS": null, "FRADDL": 4300.0, "TOADDL": 4398.0, "FRADDR": 4301.0, "TOADDR": 4399.0 }, "geometry": { "type": "LineString", "coordinates": [ [ 24.865564, 36.05662 ], [ 24.864064, 36.05662 ] ] } },
{ "type": "Feature", "properties": { "TLID": 184644781, "FEDIRP": "N", "FENAME": "Spetson", "FETYPE": "St", "FEDIRS": null, "FRADDL": 1100.0, "TOADDL": 1198.0, "FRADDR": 1101.0, "TOADDR": 1199.0 }, "geometry": { "type": "LineString", "coordinates": [ [ 24.864064, 36.05472 ], [ 24.864064, 36.05572 ] ] } },
{ "type": "Feature", "properties": { "TLID": 184644782, "FEDIRP": "N", "FENAME": "Nia", "FETYPE": "Ave", "FEDIRS": null, "FRADDL": 1400.0, "TOADDL": 1498.0, "FRADDR": 1401.0, "TOADDR": 1499.0 }, "geometry": { "type": "LineString", "coordinates": [ [ 24.865564, 36.05752 ], [ 24.865564, 36.05842 ] ] } },
{ "type": "Feature", "properties": { "TLID": 184644783, "FEDIRP": "N", "FENAME": "Alamanas", "FETYPE": "St", "FEDIRS": null, "FRADDL": 4200.0, "TOADDL": 4298.0, "FRADDR": 4201.0, "TOADDR": 4299.0 }, "geometry": { "type": "LineString", "coordinates": [ [ 24.867064, 36.05842 ], [ 24.865564, 36.05842 ] ] } },
{ "type": "Feature", "properties": { "TLID": 184644784, "FEDIRP": "N", "FENAME": "Nia", "FETYPE": "Ave", "FEDIRS": null, "FRADDL": 1300.0, "TOADDL": 1398.0, "FRADDR": 1301.0, "TOADDR": 1399.0 }, "geometry": { "type": "LineString", "coordinates": [ [ 24.865564, 36.05662 ], [ 24.865564, 36.05752 ] ] } },
{ "type": "Feature", "properties": { "TLID": 184644785, "FEDIRP": "N", "FENAME": "Agisilaou", "FETYPE": "St", "FEDIRS": null, "FRADDL": 4200.0, "TOADDL": 4298.0, "FRADDR": 4201.0, "TOADDR": 4299.0 }, "geometry": { "type": "LineString", "coordinates": [ [ 24.867064, 36.05752 ], [ 24.865564, 36.05752 ] ] } },
{ "type": "Feature", "properties": { "TLID": 184644786, "FEDIRP": "N", "FENAME": "Nia", "FETYPE": "Ave", "FEDIRS": null, "FRADDL": 1200.0, "TOADDL": 1298.0, "FRADDR": 1201.0, "TOADDR": 1299.0 }, "geometry": { "type": "LineString", "coordinates": [ [ 24.865664, 36.05572 ], [ 24.865564, 36.05662 ] ] } },
{ "type": "Feature", "properties": { "TLID": 184644787, "FEDIRP": "N", "FENAME": "Agiasou", "FETYPE": "St", "FEDIRS": null, "FRADDL": 4200.0, "TOADDL": 4298.0, "FRADDR": 4201.0, "TOADDR": 4299.0 }, "geometry": { "type": "LineString", "coordinates": [ [ 24.867064, 36.05662 ], [ 24.865564, 36.05662 ] ] } },
{ "type": "Feature", "properties": { "TLID": 184644788, "FEDIRP": "N", "FENAME": "Nia", "FETYPE": "Ave", "FEDIRS": null, "FRADDL": 1100.0, "TOADDL": 1198.0, "FRADDR": 1101.0, "TOADDR": 1199.0 }, "geometry": { "type": "LineString", "coordinates": [ [ 24.865664, 36.05472 ], [ 24.865664, 36.05572 ] ] } },
{ "type": "Feature", "properties": { "TLID": 184644789, "FEDIRP": "N", "FENAME": "Agentes", "FETYPE": "St", "FEDIRS": null, "FRADDL": 4200.0, "TOADDL": 4298.0, "FRADDR": 4201.0, "TOADDR": 4299.0 }, "geometry": { "type": "LineString", "coordinates": [ [ 24.867064, 36.05572 ], [ 24.865664, 36.05572 ] ] } },
{ "type": "Feature", "properties": { "TLID": 184644790, "FEDIRP": "N", "FENAME": "Spetson", "FETYPE": "St", "FEDIRS": null, "FRADDL": 1000.0, "TOADDL": 1098.0, "FRADDR": 1001.0, "TOADDR": 1099.0 }, "geometry": { "type": "LineString", "coordinates": [ [ 24.864164, 36.05382 ], [ 24.864064, 36.05472 ] ] } },
{ "type": "Feature", "properties": { "TLID": 184644791, "FEDIRP": "N", "FENAME": "Achilleos", "FETYPE": "St", "FEDIRS": null, "FRADDL": 4300.0, "TOADDL": 4398.0, "FRADDR": 4301.0, "TOADDR": 4399.0 }, "geometry": { "type": "LineString", "coordinates": [ [ 24.865664, 36.05472 ], [ 24.864064, 36.05472 ] ] } },
{ "type": "Feature", "properties": { "TLID": 184644792, "FEDIRP": "N", "FENAME": "Spetson", "FETYPE": "St", "FEDIRS": null, "FRADDL": 900.0, "TOADDL": 998.0, "FRADDR": 901.0, "TOADDR": 999.0 }, "geometry": { "type": "LineString", "coordinates": [ [ 24.864064, 36.05292 ], [ 24.864164, 36.05382 ] ] } },
{ "type": "Feature", "properties": { "TLID": 184644793, "FEDIRP": "N", "FENAME": "Acera", "FETYPE": "St", "FEDIRS": null, "FRADDL": 4300.0, "TOADDL": 4398.0, "FRADDR": 4301.0, "TOADDR": 4399.0 }, "geometry": { "type": "LineString", "coordinates": [ [ 24.865564, 36.05382 ], [ 24.864164, 36.05382 ] ] } },
{ "type": "Feature", "properties": { "TLID": 184644794, "FEDIRP": "N", "FENAME": "Ermou", "FETYPE": "St", "FEDIRS": null, "FRADDL": 4350.0, "TOADDL": 4398.0, "FRADDR": 4301.0, "TOADDR": 4399.0 }, "geometry": { "type": "LineString", "coordinates": [ [ 24.865564, 36.05282 ], [ 24.864064, 36.05292 ] ] } },
{ "type": "Feature", "properties": { "TLID": 184644795, "FEDIRP": "N", "FENAME": "Spetson", "FETYPE": "St", "FEDIRS": null, "FRADDL": 800.0, "TOADDL": 898.0, "FRADDR": 801.0, "TOADDR": 899.0 }, "geometry": { "type": "LineString", "coordinates": [ [ 24.864164, 36.05192 ], [ 24.864064, 36.05292 ] ] } },
{ "type": "Feature", "properties": { "TLID": 184644796, "FEDIRP": "N", "FENAME": "Nia", "FETYPE": "Ave", "FEDIRS": null, "FRADDL": 1000.0, "TOADDL": 1098.0, "FRADDR": 1001.0, "TOADDR": 1099.0 }, "geometry": { "type": "LineString", "coordinates": [ [ 24.865564, 36.05382 ], [ 24.865664, 36.05472 ] ] } },
{ "type": "Feature", "properties": { "TLID": 184644797, "FEDIRP": "N", "FENAME": "Achilleos", "FETYPE": "St", "FEDIRS": null, "FRADDL": 4200.0, "TOADDL": 4298.0, "FRADDR": 4201.0, "TOADDR": 4299.0 }, "geometry": { "type": "LineString", "coordinates": [ [ 24.867064, 36.05472 ], [ 24.865664, 36.05472 ] ] } },
{ "type": "Feature", "properties": { "TLID": 184644798, "FEDIRP": "N", "FENAME": "Nia", "FETYPE": "Ave", "FEDIRS": null, "FRADDL": 900.0, "TOADDL": 998.0, "FRADDR": 901.0, "TOADDR": 999.0 }, "geometry": { "type": "LineString", "coordinates": [ [ 24.865564, 36.05282 ], [ 24.865564, 36.05382 ] ] } },
{ "type": "Feature", "properties": { "TLID": 184644799, "FEDIRP": "N", "FENAME": "Acera", "FETYPE": "St", "FEDIRS": null, "FRADDL": 4200.0, "TOADDL": 4298.0, "FRADDR": 4201.0, "TOADDR": 4299.0 }, "geometry": { "type": "LineString", "coordinates": [ [ 24.867064, 36.05382 ], [ 24.865564, 36.05382 ] ] } },
{ "type": "Feature", "properties": { "TLID": 184644800, "FEDIRP": "N", "FENAME": "Ermou", "FETYPE": "St", "FEDIRS": null, "FRADDL": 4300.0, "TOADDL": 4348.0, "FRADDR": 4217.0, "TOADDR": 4299.0 }, "geometry": { "type": "LineString", "coordinates": [ [ 24.865964, 36.05282 ], [ 24.865564, 36.05282 ] ] } },
{ "type": "Feature", "properties": { "TLID": 184644801, "FEDIRP": "N", "FENAME": "Ermou", "FETYPE": "St", "FEDIRS": null, "FRADDL": 3914.0, "TOADDL": 4298.0, "FRADDR": 4201.0, "TOADDR": 4215.0 }, "geometry": { "type": "LineString", "coordinates": [ [ 24.867164, 36.05282 ], [ 24.865964, 36.05282 ] ] } },
{ "type": "Feature", "properties": { "TLID": 184644802, "FEDIRP": "N", "FENAME": "Nia", "FETYPE": "Ave", "FEDIRS": null, "FRADDL": 800.0, "TOADDL": 898.0, "FRADDR": 801.0, "TOADDR": 899.0 }, "geometry": { "type": "LineString", "coordinates": [ [ 24.865964, 36.05192 ], [ 24.865964, 36.05282 ] ] } },
{ "type": "Feature", "properties": { "TLID": 184644803, "FEDIRP": "N", "FENAME": "Tavla", "FETYPE": "St", "FEDIRS": null, "FRADDL": 1400.0, "TOADDL": 1498.0, "FRADDR": 1401.0, "TOADDR": 1499.0 }, "geometry": { "type": "LineString", "coordinates": [ [ 24.867064, 36.05752 ], [ 24.867064, 36.05842 ] ] } },
{ "type": "Feature", "properties": { "TLID": 184644804, "FEDIRP": "N", "FENAME": "Tavla", "FETYPE": "St", "FEDIRS": null, "FRADDL": 1300.0, "TOADDL": 1398.0, "FRADDR": 1301.0, "TOADDR": 1399.0 }, "geometry": { "type": "LineString", "coordinates": [ [ 24.867064, 36.05662 ], [ 24.867064, 36.05752 ] ] } },
{ "type": "Feature", "properties": { "TLID": 184644805, "FEDIRP": "N", "FENAME": "Agisilaou", "FETYPE": "St", "FEDIRS": null, "FRADDL": 4100.0, "TOADDL": 4198.0, "FRADDR": 4101.0, "TOADDR": 4199.0 }, "geometry": { "type": "LineString", "coordinates": [ [ 24.868564, 36.05752 ], [ 24.867064, 36.05752 ] ] } },
{ "type": "Feature", "properties": { "TLID": 184644806, "FEDIRP": "N", "FENAME": "Tavla", "FETYPE": "St", "FEDIRS": null, "FRADDL": 1200.0, "TOADDL": 1298.0, "FRADDR": 1201.0, "TOADDR": 1299.0 }, "geometry": { "type": "LineString", "coordinates": [ [ 24.867064, 36.05572 ], [ 24.867064, 36.05662 ] ] } },
{ "type": "Feature", "properties": { "TLID": 184644807, "FEDIRP": "N", "FENAME": "Agiasou", "FETYPE": "St", "FEDIRS": null, "FRADDL": 4100.0, "TOADDL": 4198.0, "FRADDR": 4101.0, "TOADDR": 4199.0 }, "geometry": { "type": "LineString", "coordinates": [ [ 24.868564, 36.05662 ], [ 24.867064, 36.05662 ] ] } },
{ "type": "Feature", "properties": { "TLID": 184644808, "FEDIRP": "N", "FENAME": "Agentes", "FETYPE": "St", "FEDIRS": null, "FRADDL": 4100.0, "TOADDL": 4198.0, "FRADDR": 4101.0, "TOADDR": 4199.0 }, "geometry": { "type": "LineString", "coordinates": [ [ 24.868564, 36.05572 ], [ 24.867064, 36.05572 ] ] } },
{ "type": "Feature", "properties": { "TLID": 184644809, "FEDIRP": "N", "FENAME": "Tavla", "FETYPE": "St", "FEDIRS": null, "FRADDL": 1100.0, "TOADDL": 1198.0, "FRADDR": 1101.0, "TOADDR": 1199.0 }, "geometry": { "type": "LineString", "coordinates": [ [ 24.867064, 36.05472 ], [ 24.867064, 36.05572 ] ] } },
{ "type": "Feature", "properties": { "TLID": 184644810, "FEDIRP": "N", "FENAME": "Alamanas", "FETYPE": "St", "FEDIRS": null, "FRADDL": 4100.0, "TOADDL": 4198.0, "FRADDR": 4101.0, "TOADDR": 4199.0 }, "geometry": { "type": "LineString", "coordinates": [ [ 24.868572, 36.05844 ], [ 24.867064, 36.05842 ] ] } },
{ "type": "Feature", "properties": { "TLID": 184644811, "FEDIRP": "N", "FENAME": "Oddisseos", "FETYPE": "St", "FEDIRS": null, "FRADDL": 1400.0, "TOADDL": 1498.0, "FRADDR": 1401.0, "TOADDR": 1499.0 }, "geometry": { "type": "LineString", "coordinates": [ [ 24.868564, 36.05752 ], [ 24.868572, 36.05844 ] ] } },
{ "type": "Feature", "properties": { "TLID": 184644812, "FEDIRP": "N", "FENAME": "Alamanas", "FETYPE": "St", "FEDIRS": null, "FRADDL": 4000.0, "TOADDL": 4098.0, "FRADDR": 4001.0, "TOADDR": 4099.0 }, "geometry": { "type": "LineString", "coordinates": [ [ 24.869959, 36.058456 ], [ 24.868572, 36.05844 ] ] } },
{ "type": "Feature", "properties": { "TLID": 184644813, "FEDIRP": "N", "FENAME": "Oddisseos", "FETYPE": "St", "FEDIRS": null, "FRADDL": 1300.0, "TOADDL": 1398.0, "FRADDR": 1301.0, "TOADDR": 1399.0 }, "geometry": { "type": "LineString", "coordinates": [ [ 24.868564, 36.05662 ], [ 24.868564, 36.05752 ] ] } },
{ "type": "Feature", "properties": { "TLID": 184644814, "FEDIRP": "N", "FENAME": "Agisilaou", "FETYPE": "St", "FEDIRS": null, "FRADDL": 4000.0, "TOADDL": 4098.0, "FRADDR": 4001.0, "TOADDR": 4099.0 }, "geometry": { "type": "LineString", "coordinates": [ [ 24.869964, 36.05752 ], [ 24.868564, 36.05752 ] ] } },
{ "type": "Feature", "properties": { "TLID": 184644815, "FEDIRP": "N", "FENAME": "Oddisseos", "FETYPE": "St", "FEDIRS": null, "FRADDL": 1200.0, "TOADDL": 1298.0, "FRADDR": 1201.0, "TOADDR": 1299.0 }, "geometry": { "type": "LineString", "coordinates": [ [ 24.868564, 36.05572 ], [ 24.868564, 36.05662 ] ] } },
{ "type": "Feature", "properties": { "TLID": 184644816, "FEDIRP": "N", "FENAME": "Agiasou", "FETYPE": "St", "FEDIRS": null, "FRADDL": 4000.0, "TOADDL": 4098.0, "FRADDR": 4001.0, "TOADDR": 4099.0 }, "geometry": { "type": "LineString", "coordinates": [ [ 24.869964, 36.05662 ], [ 24.868564, 36.05662 ] ] } },
{ "type": "Feature", "properties": { "TLID": 184644817, "FEDIRP": "N", "FENAME": "Oddisseos", "FETYPE": "St", "FEDIRS": null, "FRADDL": 1100.0, "TOADDL": 1198.0, "FRADDR": 1101.0, "TOADDR": 1199.0 }, "geometry": { "type": "LineString", "coordinates": [ [ 24.868564, 36.05472 ], [ 24.868564, 36.05572 ] ] } },
{ "type": "Feature", "properties": { "TLID": 184644818, "FEDIRP": "N", "FENAME": "Agentes", "FETYPE": "St", "FEDIRS": null, "FRADDL": 4000.0, "TOADDL": 4098.0, "FRADDR": 4001.0, "TOADDR": 4099.0 }, "geometry": { "type": "LineString", "coordinates": [ [ 24.869964, 36.05572 ], [ 24.868564, 36.05572 ] ] } },
{ "type": "Feature", "properties": { "TLID": 184644819, "FEDIRP": "N", "FENAME": "Tavla", "FETYPE": "St", "FEDIRS": null, "FRADDL": 1000.0, "TOADDL": 1098.0, "FRADDR": 1001.0, "TOADDR": 1099.0 }, "geometry": { "type": "LineString", "coordinates": [ [ 24.867064, 36.05382 ], [ 24.867064, 36.05472 ] ] } },
{ "type": "Feature", "properties": { "TLID": 184644820, "FEDIRP": "N", "FENAME": "Achilleos", "FETYPE": "St", "FEDIRS": null, "FRADDL": 4100.0, "TOADDL": 4198.0, "FRADDR": 4101.0, "TOADDR": 4199.0 }, "geometry": { "type": "LineString", "coordinates": [ [ 24.868564, 36.05472 ], [ 24.867064, 36.05472 ] ] } },
{ "type": "Feature", "properties": { "TLID": 184644821, "FEDIRP": "N", "FENAME": "Tavla", "FETYPE": "St", "FEDIRS": null, "FRADDL": 900.0, "TOADDL": 998.0, "FRADDR": 901.0, "TOADDR": 999.0 }, "geometry": { "type": "LineString", "coordinates": [ [ 24.867164, 36.05282 ], [ 24.867064, 36.05382 ] ] } },
{ "type": "Feature", "properties": { "TLID": 184644822, "FEDIRP": "N", "FENAME": "Acera", "FETYPE": "St", "FEDIRS": null, "FRADDL": 4100.0, "TOADDL": 4198.0, "FRADDR": 4101.0, "TOADDR": 4199.0 }, "geometry": { "type": "LineString", "coordinates": [ [ 24.868564, 36.05382 ], [ 24.867064, 36.05382 ] ] } },
{ "type": "Feature", "properties": { "TLID": 184644823, "FEDIRP": "N", "FENAME": "Ermou", "FETYPE": "St", "FEDIRS": null, "FRADDL": null, "TOADDL": null, "FRADDR": 4101.0, "TOADDR": 4199.0 }, "geometry": { "type": "LineString", "coordinates": [ [ 24.868564, 36.05282 ], [ 24.867164, 36.05282 ] ] } },
{ "type": "Feature", "properties": { "TLID": 184644824, "FEDIRP": "N", "FENAME": "Oddisseos", "FETYPE": "St", "FEDIRS": null, "FRADDL": 1000.0, "TOADDL": 1098.0, "FRADDR": 1001.0, "TOADDR": 1099.0 }, "geometry": { "type": "LineString", "coordinates": [ [ 24.868564, 36.05382 ], [ 24.868564, 36.05472 ] ] } },
{ "type": "Feature", "properties": { "TLID": 184644825, "FEDIRP": "N", "FENAME": "Achilleos", "FETYPE": "St", "FEDIRS": null, "FRADDL": 4000.0, "TOADDL": 4098.0, "FRADDR": 4001.0, "TOADDR": 4099.0 }, "geometry": { "type": "LineString", "coordinates": [ [ 24.869964, 36.05472 ], [ 24.868564, 36.05472 ] ] } },
{ "type": "Feature", "properties": { "TLID": 184644826, "FEDIRP": "N", "FENAME": "Oddisseos", "FETYPE": "St", "FEDIRS": null, "FRADDL": 900.0, "TOADDL": 998.0, "FRADDR": 901.0, "TOADDR": 999.0 }, "geometry": { "type": "LineString", "coordinates": [ [ 24.868564, 36.05282 ], [ 24.868564, 36.05382 ] ] } },
{ "type": "Feature", "properties": { "TLID": 184644827, "FEDIRP": "N", "FENAME": "Acera", "FETYPE": "St", "FEDIRS": null, "FRADDL": 4000.0, "TOADDL": 4098.0, "FRADDR": 4001.0, "TOADDR": 4099.0 }, "geometry": { "type": "LineString", "coordinates": [ [ 24.869964, 36.05382 ], [ 24.868564, 36.05382 ] ] } },
{ "type": "Feature", "properties": { "TLID": 184644828, "FEDIRP": "N", "FENAME": "Ermou", "FETYPE": "St", "FEDIRS": null, "FRADDL": null, "TOADDL": null, "FRADDR": 4001.0, "TOADDR": 4099.0 }, "geometry": { "type": "LineString", "coordinates": [ [ 24.869964, 36.05282 ], [ 24.868564, 36.05282 ] ] } },
{ "type": "Feature", "properties": { "TLID": 184644829, "FEDIRP": "N", "FENAME": "Mikonou", "FETYPE": "St", "FEDIRS": null, "FRADDL": 2400.0, "TOADDL": 2498.0, "FRADDR": 2401.0, "TOADDR": 2499.0 }, "geometry": { "type": "LineString", "coordinates": [ [ 24.869964, 36.06392 ], [ 24.869964, 36.06482 ] ] } },
{ "type": "Feature", "properties": { "TLID": 184644830, "FEDIRP": "N", "FENAME": "Arbete", "FETYPE": "St", "FEDIRS": null, "FRADDL": 3900.0, "TOADDL": 3998.0, "FRADDR": 3901.0, "TOADDR": 3999.0 }, "geometry": { "type": "LineString", "coordinates": [ [ 24.871464, 36.06482 ], [ 24.869964, 36.06482 ] ] } },
{ "type": "Feature", "properties": { "TLID": 184644831, "FEDIRP": "N", "FENAME": "Antoniadou", "FETYPE": "St", "FEDIRS": null, "FRADDL": 4000.0, "TOADDL": 4098.0, "FRADDR": 4001.0, "TOADDR": 4099.0 }, "geometry": { "type": "LineString", "coordinates": [ [ 24.869964, 36.06392 ], [ 24.86857, 36.063929 ] ] } },
{ "type": "Feature", "properties": { "TLID": 184644832, "FEDIRP": "N", "FENAME": "Mikonou", "FETYPE": "St", "FEDIRS": null, "FRADDL": 2200.0, "TOADDL": 2398.0, "FRADDR": 2201.0, "TOADDR": 2399.0 }, "geometry": { "type": "LineString", "coordinates": [ [ 24.870064, 36.06292 ], [ 24.869964, 36.06392 ] ] } },
{ "type": "Feature", "properties": { "TLID": 184644833, "FEDIRP": "N", "FENAME": "Antoniadou", "FETYPE": "St", "FEDIRS": null, "FRADDL": 3900.0, "TOADDL": 3998.0, "FRADDR": 3901.0, "TOADDR": 3999.0 }, "geometry": { "type": "LineString", "coordinates": [ [ 24.871464, 36.06382 ], [ 24.869964, 36.06392 ] ] } },
{ "type": "Feature", "properties": { "TLID": 184644834, "FEDIRP": "N", "FENAME": "Anntigonou", "FETYPE": "St", "FEDIRS": null, "FRADDL": 3900.0, "TOADDL": 3998.0, "FRADDR": 3901.0, "TOADDR": 3999.0 }, "geometry": { "type": "LineString", "coordinates": [ [ 24.871464, 36.06292 ], [ 24.870064, 36.06292 ] ] } },
{ "type": "Feature", "properties": { "TLID": 184644835, "FEDIRP": "N", "FENAME": "Mikonou", "FETYPE": "St", "FEDIRS": null, "FRADDL": 2100.0, "TOADDL": 2198.0, "FRADDR": 2101.0, "TOADDR": 2199.0 }, "geometry": { "type": "LineString", "coordinates": [ [ 24.869975, 36.061999 ], [ 24.870064, 36.06292 ] ] } },
{ "type": "Feature", "properties": { "TLID": 184644836, "FEDIRP": "N", "FENAME": "Polvo", "FETYPE": "St", "FEDIRS": null, "FRADDL": 2400.0, "TOADDL": 2498.0, "FRADDR": 2401.0, "TOADDR": 2499.0 }, "geometry": { "type": "LineString", "coordinates": [ [ 24.871464, 36.06382 ], [ 24.871464, 36.06482 ] ] } },
{ "type": "Feature", "properties": { "TLID": 184644837, "FEDIRP": "N", "FENAME": "Arbete", "FETYPE": "St", "FEDIRS": null, "FRADDL": 3800.0, "TOADDL": 3898.0, "FRADDR": 3801.0, "TOADDR": 3899.0 }, "geometry": { "type": "LineString", "coordinates": [ [ 24.873264, 36.06452 ], [ 24.871464, 36.06482 ] ] } },
{ "type": "Feature", "properties": { "TLID": 184644838, "FEDIRP": "N", "FENAME": "Antoniadou", "FETYPE": "St", "FEDIRS": null, "FRADDL": 3800.0, "TOADDL": 3898.0, "FRADDR": 3801.0, "TOADDR": 3899.0 }, "geometry": { "type": "LineString", "coordinates": [ [ 24.873164, 36.06362 ], [ 24.871464, 36.06382 ] ] } },
{ "type": "Feature", "properties": { "TLID": 184644839, "FEDIRP": "N", "FENAME": "Polvo", "FETYPE": "St", "FEDIRS": null, "FRADDL": 2100.0, "TOADDL": 2198.0, "FRADDR": 2101.0, "TOADDR": 2199.0 }, "geometry": { "type": "LineString", "coordinates": [ [ 24.871428, 36.062045 ], [ 24.871464, 36.06292 ] ] } },
{ "type": "Feature", "properties": { "TLID": 184644840, "FEDIRP": "N", "FENAME": "Anntigonou", "FETYPE": "St", "FEDIRS": null, "FRADDL": 3800.0, "TOADDL": 3898.0, "FRADDR": 3801.0, "TOADDR": 3899.0 }, "geometry": { "type": "LineString", "coordinates": [ [ 24.873051, 36.062864 ], [ 24.871464, 36.06292 ] ] } },
{ "type": "Feature", "properties": { "TLID": 184644841, "FEDIRP": "N", "FENAME": "Mikonou", "FETYPE": "St", "FEDIRS": null, "FRADDL": 1900.0, "TOADDL": 2098.0, "FRADDR": 1901.0, "TOADDR": 2099.0 }, "geometry": { "type": "LineString", "coordinates": [ [ 24.869964, 36.06122 ], [ 24.869975, 36.061999 ] ] } },
{ "type": "Feature", "properties": { "TLID": 184644842, "FEDIRP": "N", "FENAME": "Androutsou", "FETYPE": "St", "FEDIRS": null, "FRADDL": 3900.0, "TOADDL": 3998.0, "FRADDR": 3901.0, "TOADDR": 3999.0 }, "geometry": { "type": "LineString", "coordinates": [ [ 24.871428, 36.062045 ], [ 24.869975, 36.061999 ] ] } },
{ "type": "Feature", "properties": { "TLID": 184644843, "FEDIRP": "N", "FENAME": "Mikonou", "FETYPE": "St", "FEDIRS": null, "FRADDL": 1800.0, "TOADDL": 1898.0, "FRADDR": 1801.0, "TOADDR": 1899.0 }, "geometry": { "type": "LineString", "coordinates": [ [ 24.869966, 36.060331 ], [ 24.869964, 36.06122 ] ] } },
{ "type": "Feature", "properties": { "TLID": 184644844, "FEDIRP": "N", "FENAME": "Amfitris", "FETYPE": "St", "FEDIRS": null, "FRADDL": 3900.0, "TOADDL": 3998.0, "FRADDR": 3901.0, "TOADDR": 3999.0 }, "geometry": { "type": "LineString", "coordinates": [ [ 24.871419, 36.061234 ], [ 24.869964, 36.06122 ] ] } },
{ "type": "Feature", "properties": { "TLID": 184644845, "FEDIRP": "N", "FENAME": "Mikonou", "FETYPE": "St", "FEDIRS": null, "FRADDL": 1600.0, "TOADDL": 1798.0, "FRADDR": 1601.0, "TOADDR": 1799.0 }, "geometry": { "type": "LineString", "coordinates": [ [ 24.869964, 36.05942 ], [ 24.869966, 36.060331 ] ] } },
{ "type": "Feature", "properties": { "TLID": 184644846, "FEDIRP": "N", "FENAME": "Alexandrias", "FETYPE": "St", "FEDIRS": null, "FRADDL": 3900.0, "TOADDL": 3998.0, "FRADDR": 3901.0, "TOADDR": 3999.0 }, "geometry": { "type": "LineString", "coordinates": [ [ 24.871347, 36.059427 ], [ 24.869964, 36.05942 ] ] } },
{ "type": "Feature", "properties": { "TLID": 184644847, "FEDIRP": "N", "FENAME": "Mikonou", "FETYPE": "St", "FEDIRS": null, "FRADDL": 1500.0, "TOADDL": 1598.0, "FRADDR": 1501.0, "TOADDR": 1599.0 }, "geometry": { "type": "LineString", "coordinates": [ [ 24.869959, 36.058456 ], [ 24.869964, 36.05942 ] ] } },
{ "type": "Feature", "properties": { "TLID": 184644848, "FEDIRP": "N", "FENAME": "Polvo", "FETYPE": "St", "FEDIRS": null, "FRADDL": 1900.0, "TOADDL": 2098.0, "FRADDR": 1901.0, "TOADDR": 2099.0 }, "geometry": { "type": "LineString", "coordinates": [ [ 24.871419, 36.061234 ], [ 24.871428, 36.062045 ] ] } },
{ "type": "Feature", "properties": { "TLID": 184644849, "FEDIRP": "N", "FENAME": "Androutsou", "FETYPE": "St", "FEDIRS": null, "FRADDL": 3800.0, "TOADDL": 3898.0, "FRADDR": 3801.0, "TOADDR": 3899.0 }, "geometry": { "type": "LineString", "coordinates": [ [ 24.872983, 36.062018 ], [ 24.871428, 36.062045 ] ] } },
{ "type": "Feature", "properties": { "TLID": 184644850, "FEDIRP": "N", "FENAME": "Polvo", "FETYPE": "St", "FEDIRS": null, "FRADDL": 1800.0, "TOADDL": 1898.0, "FRADDR": 1801.0, "TOADDR": 1899.0 }, "geometry": { "type": "LineString", "coordinates": [ [ 24.871369, 36.06033 ], [ 24.871419, 36.061234 ] ] } },
{ "type": "Feature", "properties": { "TLID": 184644851, "FEDIRP": "N", "FENAME": "Amfitris", "FETYPE": "St", "FEDIRS": null, "FRADDL": 3800.0, "TOADDL": 3898.0, "FRADDR": 3801.0, "TOADDR": 3899.0 }, "geometry": { "type": "LineString", "coordinates": [ [ 24.872964, 36.06122 ], [ 24.871419, 36.061234 ] ] } },
{ "type": "Feature", "properties": { "TLID": 184644852, "FEDIRP": "N", "FENAME": "Alm", "FETYPE": "St", "FEDIRS": null, "FRADDL": 3900.0, "TOADDL": 3998.0, "FRADDR": 3901.0, "TOADDR": 3999.0 }, "geometry": { "type": "LineString", "coordinates": [ [ 24.871369, 36.06033 ], [ 24.869966, 36.060331 ] ] } },
{ "type": "Feature", "properties": { "TLID": 184644853, "FEDIRP": "N", "FENAME": "Polvo", "FETYPE": "St", "FEDIRS": null, "FRADDL": 1600.0, "TOADDL": 1798.0, "FRADDR": 1601.0, "TOADDR": 1799.0 }, "geometry": { "type": "LineString", "coordinates": [ [ 24.871347, 36.059427 ], [ 24.871369, 36.06033 ] ] } },
{ "type": "Feature", "properties": { "TLID": 184644854, "FEDIRP": "N", "FENAME": "Alm", "FETYPE": "St", "FEDIRS": null, "FRADDL": 3800.0, "TOADDL": 3898.0, "FRADDR": 3801.0, "TOADDR": 3899.0 }, "geometry": { "type": "LineString", "coordinates": [ [ 24.872964, 36.06032 ], [ 24.871369, 36.06033 ] ] } },
{ "type": "Feature", "properties": { "TLID": 184644855, "FEDIRP": "N", "FENAME": "Alexandrias", "FETYPE": "St", "FEDIRS": null, "FRADDL": 3800.0, "TOADDL": 3898.0, "FRADDR": 3801.0, "TOADDR": 3899.0 }, "geometry": { "type": "LineString", "coordinates": [ [ 24.872964, 36.05942 ], [ 24.871347, 36.059427 ] ] } },
{ "type": "Feature", "properties": { "TLID": 184644856, "FEDIRP": "N", "FENAME": "Polvo", "FETYPE": "St", "FEDIRS": null, "FRADDL": 1500.0, "TOADDL": 1598.0, "FRADDR": 1501.0, "TOADDR": 1599.0 }, "geometry": { "type": "LineString", "coordinates": [ [ 24.871369, 36.058494 ], [ 24.871347, 36.059427 ] ] } },
{ "type": "Feature", "properties": { "TLID": 184644857, "FEDIRP": "N", "FENAME": "Estos", "FETYPE": "St", "FEDIRS": null, "FRADDL": 2200.0, "TOADDL": 2398.0, "FRADDR": 2201.0, "TOADDR": 2399.0 }, "geometry": { "type": "LineString", "coordinates": [ [ 24.873051, 36.062864 ], [ 24.873164, 36.06362 ] ] } },
{ "type": "Feature", "properties": { "TLID": 184644858, "FEDIRP": "N", "FENAME": "Antoniadou", "FETYPE": "St", "FEDIRS": null, "FRADDL": 3700.0, "TOADDL": 3798.0, "FRADDR": 3701.0, "TOADDR": 3799.0 }, "geometry": { "type": "LineString", "coordinates": [ [ 24.874764, 36.06362 ], [ 24.873164, 36.06362 ] ] } },
{ "type": "Feature", "properties": { "TLID": 184644859, "FEDIRP": "N", "FENAME": "Estos", "FETYPE": "St", "FEDIRS": null, "FRADDL": 2400.0, "TOADDL": 2498.0, "FRADDR": 2401.0, "TOADDR": 2499.0 }, "geometry": { "type": "LineString", "coordinates": [ [ 24.873164, 36.06362 ], [ 24.873264, 36.06452 ] ] } },
{ "type": "Feature", "properties": { "TLID": 184644860, "FEDIRP": "N", "FENAME": "Arbete", "FETYPE": "St", "FEDIRS": null, "FRADDL": 3700.0, "TOADDL": 3798.0, "FRADDR": 3701.0, "TOADDR": 3799.0 }, "geometry": { "type": "LineString", "coordinates": [ [ 24.874697, 36.064527 ], [ 24.873264, 36.06452 ] ] } },
{ "type": "Feature", "properties": { "TLID": 184644861, "FEDIRP": "N", "FENAME": "Anntigonou", "FETYPE": "St", "FEDIRS": null, "FRADDL": 3700.0, "TOADDL": 3798.0, "FRADDR": 3701.0, "TOADDR": 3799.0 }, "geometry": { "type": "LineString", "coordinates": [ [ 24.874674, 36.062864 ], [ 24.873051, 36.062864 ] ] } },
{ "type": "Feature", "properties": { "TLID": 184644862, "FEDIRP": "N", "FENAME": "Estos", "FETYPE": "St", "FEDIRS": null, "FRADDL": 2100.0, "TOADDL": 2198.0, "FRADDR": 2101.0, "TOADDR": 2199.0 }, "geometry": { "type": "LineString", "coordinates": [ [ 24.872983, 36.062018 ], [ 24.873051, 36.062864 ] ] } },
{ "type": "Feature", "properties": { "TLID": 184644863, "FEDIRP": "N", "FENAME": "Utmana", "FETYPE": "St", "FEDIRS": null, "FRADDL": 2200.0, "TOADDL": 2398.0, "FRADDR": 2201.0, "TOADDR": 2399.0 }, "geometry": { "type": "LineString", "coordinates": [ [ 24.874674, 36.062864 ], [ 24.874764, 36.06362 ] ] } },
{ "type": "Feature", "properties": { "TLID": 184644864, "FEDIRP": "N", "FENAME": "Utmana", "FETYPE": "St", "FEDIRS": null, "FRADDL": 2400.0, "TOADDL": 2498.0, "FRADDR": 2401.0, "TOADDR": 2499.0 }, "geometry": { "type": "LineString", "coordinates": [ [ 24.874764, 36.06362 ], [ 24.874697, 36.064527 ] ] } },
{ "type": "Feature", "properties": { "TLID": 184644865, "FEDIRP": "N", "FENAME": "Arbete", "FETYPE": "St", "FEDIRS": null, "FRADDL": 3600.0, "TOADDL": 3698.0, "FRADDR": 3601.0, "TOADDR": 3699.0 }, "geometry": { "type": "LineString", "coordinates": [ [ 24.876364, 36.06452 ], [ 24.874697, 36.064527 ] ] } },
{ "type": "Feature", "properties": { "TLID": 184644866, "FEDIRP": "N", "FENAME": "Androutsou", "FETYPE": "St", "FEDIRS": null, "FRADDL": 3700.0, "TOADDL": 3798.0, "FRADDR": 3701.0, "TOADDR": 3799.0 }, "geometry": { "type": "LineString", "coordinates": [ [ 24.874649, 36.062008 ], [ 24.872983, 36.062018 ] ] } },
{ "type": "Feature", "properties": { "TLID": 184644867, "FEDIRP": "N", "FENAME": "Utmana", "FETYPE": "St", "FEDIRS": null, "FRADDL": 1900.0, "TOADDL": 2098.0, "FRADDR": 1901.0, "TOADDR": 2099.0 }, "geometry": { "type": "LineString", "coordinates": [ [ 24.874564, 36.06122 ], [ 24.874649, 36.062008 ] ] } },
{ "type": "Feature", "properties": { "TLID": 184644868, "FEDIRP": "N", "FENAME": "Androutsou", "FETYPE": "St", "FEDIRS": null, "FRADDL": 3600.0, "TOADDL": 3698.0, "FRADDR": 3601.0, "TOADDR": 3699.0 }, "geometry": { "type": "LineString", "coordinates": [ [ 24.876356, 36.061991 ], [ 24.874649, 36.062008 ] ] } },
{ "type": "Feature", "properties": { "TLID": 184644869, "FEDIRP": "N", "FENAME": "Utmana", "FETYPE": "St", "FEDIRS": null, "FRADDL": 2100.0, "TOADDL": 2198.0, "FRADDR": 2101.0, "TOADDR": 2199.0 }, "geometry": { "type": "LineString", "coordinates": [ [ 24.874649, 36.062008 ], [ 24.874674, 36.062864 ] ] } },
{ "type": "Feature", "properties": { "TLID": 184644870, "FEDIRP": "N", "FENAME": "Estos", "FETYPE": "St", "FEDIRS": null, "FRADDL": 1900.0, "TOADDL": 2098.0, "FRADDR": 1901.0, "TOADDR": 2099.0 }, "geometry": { "type": "LineString", "coordinates": [ [ 24.872964, 36.06122 ], [ 24.872983, 36.062018 ] ] } },
{ "type": "Feature", "properties": { "TLID": 184644871, "FEDIRP": "N", "FENAME": "Estos", "FETYPE": "St", "FEDIRS": null, "FRADDL": 1800.0, "TOADDL": 1898.0, "FRADDR": 1801.0, "TOADDR": 1899.0 }, "geometry": { "type": "LineString", "coordinates": [ [ 24.872964, 36.06032 ], [ 24.872964, 36.06122 ] ] } },
{ "type": "Feature", "properties": { "TLID": 184644872, "FEDIRP": "N", "FENAME": "Amfitris", "FETYPE": "St", "FEDIRS": null, "FRADDL": 3700.0, "TOADDL": 3798.0, "FRADDR": 3701.0, "TOADDR": 3799.0 }, "geometry": { "type": "LineString", "coordinates": [ [ 24.874564, 36.06122 ], [ 24.872964, 36.06122 ] ] } },
{ "type": "Feature", "properties": { "TLID": 184644873, "FEDIRP": "N", "FENAME": "Estos", "FETYPE": "St", "FEDIRS": null, "FRADDL": 1600.0, "TOADDL": 1798.0, "FRADDR": 1601.0, "TOADDR": 1799.0 }, "geometry": { "type": "LineString", "coordinates": [ [ 24.872964, 36.05942 ], [ 24.872964, 36.06032 ] ] } },
{ "type": "Feature", "properties": { "TLID": 184644874, "FEDIRP": "N", "FENAME": "Alm", "FETYPE": "St", "FEDIRS": null, "FRADDL": 3700.0, "TOADDL": 3798.0, "FRADDR": 3701.0, "TOADDR": 3799.0 }, "geometry": { "type": "LineString", "coordinates": [ [ 24.874564, 36.06032 ], [ 24.872964, 36.06032 ] ] } },
{ "type": "Feature", "properties": { "TLID": 184644875, "FEDIRP": "N", "FENAME": "Alexandrias", "FETYPE": "St", "FEDIRS": null, "FRADDL": 3700.0, "TOADDL": 3798.0, "FRADDR": 3701.0, "TOADDR": 3799.0 }, "geometry": { "type": "LineString", "coordinates": [ [ 24.874464, 36.05942 ], [ 24.872964, 36.05942 ] ] } },
{ "type": "Feature", "properties": { "TLID": 184644876, "FEDIRP": "N", "FENAME": "Estos", "FETYPE": "St", "FEDIRS": null, "FRADDL": 1500.0, "TOADDL": 1598.0, "FRADDR": 1501.0, "TOADDR": 1599.0 }, "geometry": { "type": "LineString", "coordinates": [ [ 24.872964, 36.05852 ], [ 24.872964, 36.05942 ] ] } },
{ "type": "Feature", "properties": { "TLID": 184644877, "FEDIRP": "N", "FENAME": "Utmana", "FETYPE": "St", "FEDIRS": null, "FRADDL": 1800.0, "TOADDL": 1898.0, "FRADDR": 1801.0, "TOADDR": 1899.0 }, "geometry": { "type": "LineString", "coordinates": [ [ 24.874564, 36.06032 ], [ 24.874564, 36.06122 ] ] } },
{ "type": "Feature", "properties": { "TLID": 184644878, "FEDIRP": "N", "FENAME": "Amfitris", "FETYPE": "St", "FEDIRS": null, "FRADDL": 3600.0, "TOADDL": 3698.0, "FRADDR": 3601.0, "TOADDR": 3699.0 }, "geometry": { "type": "LineString", "coordinates": [ [ 24.876164, 36.06122 ], [ 24.874564, 36.06122 ] ] } },
{ "type": "Feature", "properties": { "TLID": 184644879, "FEDIRP": "N", "FENAME": "Utmana", "FETYPE": "St", "FEDIRS": null, "FRADDL": 1600.0, "TOADDL": 1798.0, "FRADDR": 1601.0, "TOADDR": 1799.0 }, "geometry": { "type": "LineString", "coordinates": [ [ 24.874464, 36.05942 ], [ 24.874564, 36.06032 ] ] } },
{ "type": "Feature", "properties": { "TLID": 184644880, "FEDIRP": "N", "FENAME": "Alm", "FETYPE": "St", "FEDIRS": null, "FRADDL": 3600.0, "TOADDL": 3698.0, "FRADDR": 3601.0, "TOADDR": 3699.0 }, "geometry": { "type": "LineString", "coordinates": [ [ 24.876164, 36.06032 ], [ 24.874564, 36.06032 ] ] } },
{ "type": "Feature", "properties": { "TLID": 184644881, "FEDIRP": "N", "FENAME": "Utmana", "FETYPE": "St", "FEDIRS": null, "FRADDL": 1500.0, "TOADDL": 1598.0, "FRADDR": 1501.0, "TOADDR": 1599.0 }, "geometry": { "type": "LineString", "coordinates": [ [ 24.874464, 36.05852 ], [ 24.874464, 36.05942 ] ] } },
{ "type": "Feature", "properties": { "TLID": 184644882, "FEDIRP": "N", "FENAME": "Alexandrias", "FETYPE": "St", "FEDIRS": null, "FRADDL": 3600.0, "TOADDL": 3698.0, "FRADDR": 3601.0, "TOADDR": 3699.0 }, "geometry": { "type": "LineString", "coordinates": [ [ 24.876164, 36.05942 ], [ 24.874464, 36.05942 ] ] } },
{ "type": "Feature", "properties": { "TLID": 184644883, "FEDIRP": "N", "FENAME": "Mikonou", "FETYPE": "St", "FEDIRS": null, "FRADDL": 1400.0, "TOADDL": 1498.0, "FRADDR": 1401.0, "TOADDR": 1499.0 }, "geometry": { "type": "LineString", "coordinates": [ [ 24.869964, 36.05752 ], [ 24.869959, 36.058456 ] ] } },
{ "type": "Feature", "properties": { "TLID": 184644884, "FEDIRP": "N", "FENAME": "Mikonou", "FETYPE": "St", "FEDIRS": null, "FRADDL": 1300.0, "TOADDL": 1398.0, "FRADDR": 1301.0, "TOADDR": 1399.0 }, "geometry": { "type": "LineString", "coordinates": [ [ 24.869964, 36.05662 ], [ 24.869964, 36.05752 ] ] } },
{ "type": "Feature", "properties": { "TLID": 184644885, "FEDIRP": "N", "FENAME": "Agisilaou", "FETYPE": "St", "FEDIRS": null, "FRADDL": 3900.0, "TOADDL": 3998.0, "FRADDR": 3901.0, "TOADDR": 3999.0 }, "geometry": { "type": "LineString", "coordinates": [ [ 24.871364, 36.05752 ], [ 24.869964, 36.05752 ] ] } },
{ "type": "Feature", "properties": { "TLID": 184644886, "FEDIRP": "N", "FENAME": "Mikonou", "FETYPE": "St", "FEDIRS": null, "FRADDL": 1200.0, "TOADDL": 1298.0, "FRADDR": 1201.0, "TOADDR": 1299.0 }, "geometry": { "type": "LineString", "coordinates": [ [ 24.869964, 36.05572 ], [ 24.869964, 36.05662 ] ] } },
{ "type": "Feature", "properties": { "TLID": 184644887, "FEDIRP": "N", "FENAME": "Agiasou", "FETYPE": "St", "FEDIRS": null, "FRADDL": 3900.0, "TOADDL": 3998.0, "FRADDR": 3901.0, "TOADDR": 3999.0 }, "geometry": { "type": "LineString", "coordinates": [ [ 24.871364, 36.05662 ], [ 24.869964, 36.05662 ] ] } },
{ "type": "Feature", "properties": { "TLID": 184644888, "FEDIRP": "N", "FENAME": "Agentes", "FETYPE": "St", "FEDIRS": null, "FRADDL": 3900.0, "TOADDL": 3998.0, "FRADDR": 3901.0, "TOADDR": 3999.0 }, "geometry": { "type": "LineString", "coordinates": [ [ 24.871444, 36.055739 ], [ 24.869964, 36.05572 ] ] } },
{ "type": "Feature", "properties": { "TLID": 184644889, "FEDIRP": "N", "FENAME": "Mikonou", "FETYPE": "St", "FEDIRS": null, "FRADDL": 1100.0, "TOADDL": 1198.0, "FRADDR": 1101.0, "TOADDR": 1199.0 }, "geometry": { "type": "LineString", "coordinates": [ [ 24.869964, 36.05472 ], [ 24.869964, 36.05572 ] ] } },
{ "type": "Feature", "properties": { "TLID": 184644890, "FEDIRP": "N", "FENAME": "Alamanas", "FETYPE": "St", "FEDIRS": null, "FRADDL": 3900.0, "TOADDL": 3998.0, "FRADDR": 3901.0, "TOADDR": 3999.0 }, "geometry": { "type": "LineString", "coordinates": [ [ 24.871369, 36.058494 ], [ 24.869959, 36.058456 ] ] } },
{ "type": "Feature", "properties": { "TLID": 184644891, "FEDIRP": "N", "FENAME": "Polvo", "FETYPE": "St", "FEDIRS": null, "FRADDL": 1400.0, "TOADDL": 1498.0, "FRADDR": 1401.0, "TOADDR": 1499.0 }, "geometry": { "type": "LineString", "coordinates": [ [ 24.871364, 36.05752 ], [ 24.871369, 36.058494 ] ] } },
{ "type": "Feature", "properties": { "TLID": 184644892, "FEDIRP": "N", "FENAME": "Alamanas", "FETYPE": "St", "FEDIRS": null, "FRADDL": 3800.0, "TOADDL": 3898.0, "FRADDR": 3801.0, "TOADDR": 3899.0 }, "geometry": { "type": "LineString", "coordinates": [ [ 24.872964, 36.05852 ], [ 24.871369, 36.058494 ] ] } },
{ "type": "Feature", "properties": { "TLID": 184644893, "FEDIRP": "N", "FENAME": "Polvo", "FETYPE": "St", "FEDIRS": null, "FRADDL": 1300.0, "TOADDL": 1398.0, "FRADDR": 1301.0, "TOADDR": 1399.0 }, "geometry": { "type": "LineString", "coordinates": [ [ 24.871364, 36.05662 ], [ 24.871364, 36.05752 ] ] } },
{ "type": "Feature", "properties": { "TLID": 184644894, "FEDIRP": "N", "FENAME": "Agisilaou", "FETYPE": "St", "FEDIRS": null, "FRADDL": 3800.0, "TOADDL": 3898.0, "FRADDR": 3801.0, "TOADDR": 3899.0 }, "geometry": { "type": "LineString", "coordinates": [ [ 24.872964, 36.05752 ], [ 24.871364, 36.05752 ] ] } },
{ "type": "Feature", "properties": { "TLID": 184644895, "FEDIRP": "N", "FENAME": "Polvo", "FETYPE": "St", "FEDIRS": null, "FRADDL": 1200.0, "TOADDL": 1298.0, "FRADDR": 1201.0, "TOADDR": 1299.0 }, "geometry": { "type": "LineString", "coordinates": [ [ 24.871444, 36.055739 ], [ 24.871364, 36.05662 ] ] } },
{ "type": "Feature", "properties": { "TLID": 184644896, "FEDIRP": "N", "FENAME": "Polvo", "FETYPE": "St", "FEDIRS": null, "FRADDL": 1100.0, "TOADDL": 1198.0, "FRADDR": 1101.0, "TOADDR": 1199.0 }, "geometry": { "type": "LineString", "coordinates": [ [ 24.871427, 36.054738 ], [ 24.871444, 36.055739 ] ] } },
{ "type": "Feature", "properties": { "TLID": 184644897, "FEDIRP": "N", "FENAME": "Mikonou", "FETYPE": "St", "FEDIRS": null, "FRADDL": 1000.0, "TOADDL": 1098.0, "FRADDR": 1001.0, "TOADDR": 1099.0 }, "geometry": { "type": "LineString", "coordinates": [ [ 24.869964, 36.05382 ], [ 24.869964, 36.05472 ] ] } },
{ "type": "Feature", "properties": { "TLID": 184644898, "FEDIRP": "N", "FENAME": "Achilleos", "FETYPE": "St", "FEDIRS": null, "FRADDL": 3900.0, "TOADDL": 3998.0, "FRADDR": 3901.0, "TOADDR": 3999.0 }, "geometry": { "type": "LineString", "coordinates": [ [ 24.871427, 36.054738 ], [ 24.869964, 36.05472 ] ] } },
{ "type": "Feature", "properties": { "TLID": 184644899, "FEDIRP": "N", "FENAME": "Mikonou", "FETYPE": "St", "FEDIRS": null, "FRADDL": 900.0, "TOADDL": 998.0, "FRADDR": 901.0, "TOADDR": 999.0 }, "geometry": { "type": "LineString", "coordinates": [ [ 24.869964, 36.05282 ], [ 24.869964, 36.05382 ] ] } },
{ "type": "Feature", "properties": { "TLID": 184644900, "FEDIRP": "N", "FENAME": "Acera", "FETYPE": "St", "FEDIRS": null, "FRADDL": 3900.0, "TOADDL": 3998.0, "FRADDR": 3901.0, "TOADDR": 3999.0 }, "geometry": { "type": "LineString", "coordinates": [ [ 24.871374, 36.053808 ], [ 24.869964, 36.05382 ] ] } },
{ "type": "Feature", "properties": { "TLID": 184644901, "FEDIRP": "N", "FENAME": "Polvo", "FETYPE": "St", "FEDIRS": null, "FRADDL": 1000.0, "TOADDL": 1098.0, "FRADDR": 1001.0, "TOADDR": 1099.0 }, "geometry": { "type": "LineString", "coordinates": [ [ 24.871374, 36.053808 ], [ 24.871427, 36.054738 ] ] } },
{ "type": "Feature", "properties": { "TLID": 184644902, "FEDIRP": "N", "FENAME": "Achilleos", "FETYPE": "St", "FEDIRS": null, "FRADDL": 3800.0, "TOADDL": 3898.0, "FRADDR": 3801.0, "TOADDR": 3899.0 }, "geometry": { "type": "LineString", "coordinates": [ [ 24.872964, 36.05472 ], [ 24.871427, 36.054738 ] ] } },
{ "type": "Feature", "properties": { "TLID": 184644903, "FEDIRP": "N", "FENAME": "Polvo", "FETYPE": "St", "FEDIRS": null, "FRADDL": 900.0, "TOADDL": 998.0, "FRADDR": 901.0, "TOADDR": 999.0 }, "geometry": { "type": "LineString", "coordinates": [ [ 24.871409, 36.052879 ], [ 24.871374, 36.053808 ] ] } },
{ "type": "Feature", "properties": { "TLID": 184644904, "FEDIRP": "N", "FENAME": "Acera", "FETYPE": "St", "FEDIRS": null, "FRADDL": 3800.0, "TOADDL": 3898.0, "FRADDR": 3801.0, "TOADDR": 3899.0 }, "geometry": { "type": "LineString", "coordinates": [ [ 24.872964, 36.05382 ], [ 24.871374, 36.053808 ] ] } },
{ "type": "Feature", "properties": { "TLID": 184644905, "FEDIRP": "N", "FENAME": "Ermou", "FETYPE": "St", "FEDIRS": null, "FRADDL": 3900.0, "TOADDL": 3910.0, "FRADDR": 3901.0, "TOADDR": 3999.0 }, "geometry": { "type": "LineString", "coordinates": [ [ 24.871409, 36.052879 ], [ 24.869964, 36.05282 ] ] } },
{ "type": "Feature", "properties": { "TLID": 184644906, "FEDIRP": "N", "FENAME": "Ermou", "FETYPE": "St", "FEDIRS": null, "FRADDL": 3816.0, "TOADDL": 3898.0, "FRADDR": 3801.0, "TOADDR": 3899.0 }, "geometry": { "type": "LineString", "coordinates": [ [ 24.872955, 36.05289 ], [ 24.871409, 36.052879 ] ] } },
{ "type": "Feature", "properties": { "TLID": 184644907, "FEDIRP": "N", "FENAME": "Polvo", "FETYPE": "St", "FEDIRS": null, "FRADDL": 800.0, "TOADDL": 898.0, "FRADDR": 801.0, "TOADDR": 899.0 }, "geometry": { "type": "LineString", "coordinates": [ [ 24.871374, 36.051901 ], [ 24.871409, 36.052879 ] ] } },
{ "type": "Feature", "properties": { "TLID": 184644908, "FEDIRP": "N", "FENAME": "Estos", "FETYPE": "St", "FEDIRS": null, "FRADDL": 1400.0, "TOADDL": 1498.0, "FRADDR": 1401.0, "TOADDR": 1499.0 }, "geometry": { "type": "LineString", "coordinates": [ [ 24.872964, 36.05752 ], [ 24.872964, 36.05852 ] ] } },
{ "type": "Feature", "properties": { "TLID": 184644909, "FEDIRP": "N", "FENAME": "Alamanas", "FETYPE": "St", "FEDIRS": null, "FRADDL": 3700.0, "TOADDL": 3798.0, "FRADDR": 3701.0, "TOADDR": 3799.0 }, "geometry": { "type": "LineString", "coordinates": [ [ 24.874464, 36.05852 ], [ 24.872964, 36.05852 ] ] } },
{ "type": "Feature", "properties": { "TLID": 184644910, "FEDIRP": "N", "FENAME": "Estos", "FETYPE": "St", "FEDIRS": null, "FRADDL": 1300.0, "TOADDL": 1398.0, "FRADDR": 1301.0, "TOADDR": 1399.0 }, "geometry": { "type": "LineString", "coordinates": [ [ 24.872969, 36.056641 ], [ 24.872964, 36.05752 ] ] } },
{ "type": "Feature", "properties": { "TLID": 184644911, "FEDIRP": "N", "FENAME": "Agisilaou", "FETYPE": "St", "FEDIRS": null, "FRADDL": 3700.0, "TOADDL": 3798.0, "FRADDR": 3701.0, "TOADDR": 3799.0 }, "geometry": { "type": "LineString", "coordinates": [ [ 24.874564, 36.05752 ], [ 24.872964, 36.05752 ] ] } },
{ "type": "Feature", "properties": { "TLID": 184644912, "FEDIRP": "N", "FENAME": "Agiasou", "FETYPE": "St", "FEDIRS": null, "FRADDL": 3800.0, "TOADDL": 3898.0, "FRADDR": 3801.0, "TOADDR": 3899.0 }, "geometry": { "type": "LineString", "coordinates": [ [ 24.872969, 36.056641 ], [ 24.871364, 36.05662 ] ] } },
{ "type": "Feature", "properties": { "TLID": 184644913, "FEDIRP": "N", "FENAME": "Estos", "FETYPE": "St", "FEDIRS": null, "FRADDL": 1200.0, "TOADDL": 1298.0, "FRADDR": 1201.0, "TOADDR": 1299.0 }, "geometry": { "type": "LineString", "coordinates": [ [ 24.872964, 36.05572 ], [ 24.872969, 36.056641 ] ] } },
{ "type": "Feature", "properties": { "TLID": 184644914, "FEDIRP": "N", "FENAME": "Agiasou", "FETYPE": "St", "FEDIRS": null, "FRADDL": 3700.0, "TOADDL": 3798.0, "FRADDR": 3701.0, "TOADDR": 3799.0 }, "geometry": { "type": "LineString", "coordinates": [ [ 24.874553, 36.056633 ], [ 24.872969, 36.056641 ] ] } },
{ "type": "Feature", "properties": { "TLID": 184644915, "FEDIRP": "N", "FENAME": "Agentes", "FETYPE": "St", "FEDIRS": null, "FRADDL": 3800.0, "TOADDL": 3898.0, "FRADDR": 3801.0, "TOADDR": 3899.0 }, "geometry": { "type": "LineString", "coordinates": [ [ 24.872964, 36.05572 ], [ 24.871444, 36.055739 ] ] } },
{ "type": "Feature", "properties": { "TLID": 184644916, "FEDIRP": "N", "FENAME": "Agentes", "FETYPE": "St", "FEDIRS": null, "FRADDL": 3700.0, "TOADDL": 3798.0, "FRADDR": 3701.0, "TOADDR": 3799.0 }, "geometry": { "type": "LineString", "coordinates": [ [ 24.874564, 36.05572 ], [ 24.872964, 36.05572 ] ] } },
{ "type": "Feature", "properties": { "TLID": 184644917, "FEDIRP": "N", "FENAME": "Estos", "FETYPE": "St", "FEDIRS": null, "FRADDL": 1100.0, "TOADDL": 1198.0, "FRADDR": 1101.0, "TOADDR": 1199.0 }, "geometry": { "type": "LineString", "coordinates": [ [ 24.872964, 36.05472 ], [ 24.872964, 36.05572 ] ] } },
{ "type": "Feature", "properties": { "TLID": 184644918, "FEDIRP": "N", "FENAME": "Utmana", "FETYPE": "St", "FEDIRS": null, "FRADDL": 1400.0, "TOADDL": 1498.0, "FRADDR": 1401.0, "TOADDR": 1499.0 }, "geometry": { "type": "LineString", "coordinates": [ [ 24.874564, 36.05752 ], [ 24.874464, 36.05852 ] ] } },
{ "type": "Feature", "properties": { "TLID": 184644919, "FEDIRP": "N", "FENAME": "Alamanas", "FETYPE": "St", "FEDIRS": null, "FRADDL": 3600.0, "TOADDL": 3698.0, "FRADDR": 3601.0, "TOADDR": 3699.0 }, "geometry": { "type": "LineString", "coordinates": [ [ 24.876164, 36.05852 ], [ 24.874464, 36.05852 ] ] } },
{ "type": "Feature", "properties": { "TLID": 184644920, "FEDIRP": "N", "FENAME": "Utmana", "FETYPE": "St", "FEDIRS": null, "FRADDL": 1300.0, "TOADDL": 1398.0, "FRADDR": 1301.0, "TOADDR": 1399.0 }, "geometry": { "type": "LineString", "coordinates": [ [ 24.874553, 36.056633 ], [ 24.874564, 36.05752 ] ] } },
{ "type": "Feature", "properties": { "TLID": 184644921, "FEDIRP": "N", "FENAME": "Agisilaou", "FETYPE": "St", "FEDIRS": null, "FRADDL": 3600.0, "TOADDL": 3698.0, "FRADDR": 3601.0, "TOADDR": 3699.0 }, "geometry": { "type": "LineString", "coordinates": [ [ 24.876149, 36.057517 ], [ 24.874564, 36.05752 ] ] } },
{ "type": "Feature", "properties": { "TLID": 184644922, "FEDIRP": "N", "FENAME": "Utmana", "FETYPE": "St", "FEDIRS": null, "FRADDL": 1200.0, "TOADDL": 1298.0, "FRADDR": 1201.0, "TOADDR": 1299.0 }, "geometry": { "type": "LineString", "coordinates": [ [ 24.874564, 36.05572 ], [ 24.874553, 36.056633 ] ] } },
{ "type": "Feature", "properties": { "TLID": 184644923, "FEDIRP": "N", "FENAME": "Agiasou", "FETYPE": "St", "FEDIRS": null, "FRADDL": 3600.0, "TOADDL": 3698.0, "FRADDR": 3601.0, "TOADDR": 3699.0 }, "geometry": { "type": "LineString", "coordinates": [ [ 24.876164, 36.05662 ], [ 24.874553, 36.056633 ] ] } },
{ "type": "Feature", "properties": { "TLID": 184644924, "FEDIRP": "N", "FENAME": "Utmana", "FETYPE": "St", "FEDIRS": null, "FRADDL": 1100.0, "TOADDL": 1198.0, "FRADDR": 1101.0, "TOADDR": 1199.0 }, "geometry": { "type": "LineString", "coordinates": [ [ 24.874565, 36.05472 ], [ 24.874564, 36.05572 ] ] } },
{ "type": "Feature", "properties": { "TLID": 184644925, "FEDIRP": "N", "FENAME": "Agentes", "FETYPE": "St", "FEDIRS": null, "FRADDL": 3600.0, "TOADDL": 3698.0, "FRADDR": 3601.0, "TOADDR": 3699.0 }, "geometry": { "type": "LineString", "coordinates": [ [ 24.87616, 36.055704 ], [ 24.874564, 36.05572 ] ] } },
{ "type": "Feature", "properties": { "TLID": 184644926, "FEDIRP": "N", "FENAME": "Estos", "FETYPE": "St", "FEDIRS": null, "FRADDL": 1000.0, "TOADDL": 1098.0, "FRADDR": 1001.0, "TOADDR": 1099.0 }, "geometry": { "type": "LineString", "coordinates": [ [ 24.872964, 36.05382 ], [ 24.872964, 36.05472 ] ] } },
{ "type": "Feature", "properties": { "TLID": 184644927, "FEDIRP": "N", "FENAME": "Achilleos", "FETYPE": "St", "FEDIRS": null, "FRADDL": 3700.0, "TOADDL": 3798.0, "FRADDR": 3701.0, "TOADDR": 3799.0 }, "geometry": { "type": "LineString", "coordinates": [ [ 24.874565, 36.05472 ], [ 24.872964, 36.05472 ] ] } },
{ "type": "Feature", "properties": { "TLID": 184644928, "FEDIRP": "N", "FENAME": "Estos", "FETYPE": "St", "FEDIRS": null, "FRADDL": 900.0, "TOADDL": 998.0, "FRADDR": 901.0, "TOADDR": 999.0 }, "geometry": { "type": "LineString", "coordinates": [ [ 24.872955, 36.05289 ], [ 24.872964, 36.05382 ] ] } },
{ "type": "Feature", "properties": { "TLID": 184644929, "FEDIRP": "N", "FENAME": "Acera", "FETYPE": "St", "FEDIRS": null, "FRADDL": 3700.0, "TOADDL": 3798.0, "FRADDR": 3701.0, "TOADDR": 3799.0 }, "geometry": { "type": "LineString", "coordinates": [ [ 24.874565, 36.05382 ], [ 24.872964, 36.05382 ] ] } },
{ "type": "Feature", "properties": { "TLID": 184644930, "FEDIRP": "N", "FENAME": "Ermou", "FETYPE": "St", "FEDIRS": null, "FRADDL": 3800.0, "TOADDL": 3814.0, "FRADDR": 3751.0, "TOADDR": 3799.0 }, "geometry": { "type": "LineString", "coordinates": [ [ 24.873763, 36.052855 ], [ 24.872955, 36.05289 ] ] } },
{ "type": "Feature", "properties": { "TLID": 184644931, "FEDIRP": "N", "FENAME": "Estos", "FETYPE": "St", "FEDIRS": null, "FRADDL": 800.0, "TOADDL": 898.0, "FRADDR": 801.0, "TOADDR": 899.0 }, "geometry": { "type": "LineString", "coordinates": [ [ 24.873765, 36.05192 ], [ 24.873763, 36.052855 ] ] } },
{ "type": "Feature", "properties": { "TLID": 184644932, "FEDIRP": "N", "FENAME": "Utmana", "FETYPE": "St", "FEDIRS": null, "FRADDL": 1000.0, "TOADDL": 1098.0, "FRADDR": 1001.0, "TOADDR": 1099.0 }, "geometry": { "type": "LineString", "coordinates": [ [ 24.874565, 36.05382 ], [ 24.874565, 36.05472 ] ] } },
{ "type": "Feature", "properties": { "TLID": 184644933, "FEDIRP": "N", "FENAME": "Achilleos", "FETYPE": "St", "FEDIRS": null, "FRADDL": 3600.0, "TOADDL": 3698.0, "FRADDR": 3601.0, "TOADDR": 3699.0 }, "geometry": { "type": "LineString", "coordinates": [ [ 24.876165, 36.05472 ], [ 24.874565, 36.05472 ] ] } },
{ "type": "Feature", "properties": { "TLID": 184644934, "FEDIRP": "N", "FENAME": "Utmana", "FETYPE": "St", "FEDIRS": null, "FRADDL": 900.0, "TOADDL": 998.0, "FRADDR": 901.0, "TOADDR": 999.0 }, "geometry": { "type": "LineString", "coordinates": [ [ 24.874589, 36.052855 ], [ 24.874565, 36.05382 ] ] } },
{ "type": "Feature", "properties": { "TLID": 184644936, "FEDIRP": "N", "FENAME": "Ermou", "FETYPE": "St", "FEDIRS": null, "FRADDL": 3712.0, "TOADDL": 3798.0, "FRADDR": 3701.0, "TOADDR": 3749.0 }, "geometry": { "type": "LineString", "coordinates": [ [ 24.874589, 36.052855 ], [ 24.873763, 36.052855 ] ] } },
{ "type": "Feature", "properties": { "TLID": 184644937, "FEDIRP": "N", "FENAME": "Ermou", "FETYPE": "St", "FEDIRS": null, "FRADDL": 3700.0, "TOADDL": 3710.0, "FRADDR": 3651.0, "TOADDR": 3699.0 }, "geometry": { "type": "LineString", "coordinates": [ [ 24.875165, 36.05282 ], [ 24.874589, 36.052855 ] ] } },
{ "type": "Feature", "properties": { "TLID": 184644938, "FEDIRP": "N", "FENAME": "Utmana", "FETYPE": "St", "FEDIRS": null, "FRADDL": 822.0, "TOADDL": 898.0, "FRADDR": 821.0, "TOADDR": 899.0 }, "geometry": { "type": "LineString", "coordinates": [ [ 24.875165, 36.05192 ], [ 24.875165, 36.05282 ] ] } },
{ "type": "Feature", "properties": { "TLID": 184644939, "FEDIRP": "N", "FENAME": "Taxiarchon", "FETYPE": "Ave", "FEDIRS": null, "FRADDL": 3600.0, "TOADDL": 3798.0, "FRADDR": 3601.0, "TOADDR": 3799.0 }, "geometry": { "type": "LineString", "coordinates": [ [ 24.876164, 36.07522 ], [ 24.876164, 36.07612 ], [ 24.876164, 36.07712 ] ] } },
{ "type": "Feature", "properties": { "TLID": 184644940, "FEDIRP": "N", "FENAME": "Berlau", "FETYPE": "St", "FEDIRS": null, "FRADDL": 3500.0, "TOADDL": 3598.0, "FRADDR": 3501.0, "TOADDR": 3599.0 }, "geometry": { "type": "LineString", "coordinates": [ [ 24.877664, 36.07512 ], [ 24.876164, 36.07522 ] ] } },
{ "type": "Feature", "properties": { "TLID": 184644941, "FEDIRP": "N", "FENAME": "Taxiarchon", "FETYPE": "Ave", "FEDIRS": null, "FRADDL": 3500.0, "TOADDL": 3598.0, "FRADDR": 3501.0, "TOADDR": 3599.0 }, "geometry": { "type": "LineString", "coordinates": [ [ 24.876164, 36.07422 ], [ 24.876164, 36.07522 ] ] } },
{ "type": "Feature", "properties": { "TLID": 184644942, "FEDIRP": "N", "FENAME": "Profitou Ilia", "FETYPE": "Ave", "FEDIRS": null, "FRADDL": 3600.0, "TOADDL": 3648.0, "FRADDR": 3601.0, "TOADDR": 3649.0 }, "geometry": { "type": "LineString", "coordinates": [ [ 24.877664, 36.07512 ], [ 24.877664, 36.07572 ] ] } },
{ "type": "Feature", "properties": { "TLID": 184644943, "FEDIRP": "N", "FENAME": "Profitou Ilia", "FETYPE": "Ave", "FEDIRS": null, "FRADDL": 3500.0, "TOADDL": 3598.0, "FRADDR": 3501.0, "TOADDR": 3599.0 }, "geometry": { "type": "LineString", "coordinates": [ [ 24.877764, 36.07392 ], [ 24.877664, 36.07512 ] ] } },
{ "type": "Feature", "properties": { "TLID": 184644944, "FEDIRP": "N", "FENAME": "Bilar", "FETYPE": "St", "FEDIRS": null, "FRADDL": 3400.0, "TOADDL": 3448.0, "FRADDR": 3401.0, "TOADDR": 3449.0 }, "geometry": { "type": "LineString", "coordinates": [ [ 24.879364, 36.07592 ], [ 24.878464, 36.07592 ] ] } },
{ "type": "Feature", "properties": { "TLID": 184644945, "FEDIRP": "N", "FENAME": "Taxiarchon", "FETYPE": "Ave", "FEDIRS": null, "FRADDL": 3400.0, "TOADDL": 3498.0, "FRADDR": 3401.0, "TOADDR": 3499.0 }, "geometry": { "type": "LineString", "coordinates": [ [ 24.876164, 36.07332 ], [ 24.876164, 36.07422 ] ] } },
{ "type": "Feature", "properties": { "TLID": 184644946, "FEDIRP": "N", "FENAME": "Barwyn", "FETYPE": "St", "FEDIRS": null, "FRADDL": 3500.0, "TOADDL": 3598.0, "FRADDR": 3501.0, "TOADDR": 3599.0 }, "geometry": { "type": "LineString", "coordinates": [ [ 24.877764, 36.07392 ], [ 24.876164, 36.07422 ] ] } },
{ "type": "Feature", "properties": { "TLID": 184644947, "FEDIRP": "N", "FENAME": "Taxiarchon", "FETYPE": "Ave", "FEDIRS": null, "FRADDL": 3300.0, "TOADDL": 3398.0, "FRADDR": 3307.0, "TOADDR": 3399.0 }, "geometry": { "type": "LineString", "coordinates": [ [ 24.876264, 36.07242 ], [ 24.876164, 36.07332 ] ] } },
{ "type": "Feature", "properties": { "TLID": 184644949, "FEDIRP": "N", "FENAME": "Barwyn", "FETYPE": "St", "FEDIRS": null, "FRADDL": 3400.0, "TOADDL": 3498.0, "FRADDR": 3403.0, "TOADDR": 3499.0 }, "geometry": { "type": "LineString", "coordinates": [ [ 24.879464, 36.07392 ], [ 24.877764, 36.07392 ] ] } },
{ "type": "Feature", "properties": { "TLID": 184644950, "FEDIRP": "N", "FENAME": "Profitou Ilia", "FETYPE": "Ave", "FEDIRS": null, "FRADDL": 3400.0, "TOADDL": 3498.0, "FRADDR": 3401.0, "TOADDR": 3499.0 }, "geometry": { "type": "LineString", "coordinates": [ [ 24.877664, 36.07302 ], [ 24.877864, 36.07352 ], [ 24.877764, 36.07392 ] ] } },
{ "type": "Feature", "properties": { "TLID": 184644951, "FEDIRP": "N", "FENAME": "Profitou Ilia", "FETYPE": "Ave", "FEDIRS": null, "FRADDL": 3316.0, "TOADDL": 3398.0, "FRADDR": 3301.0, "TOADDR": 3399.0 }, "geometry": { "type": "LineString", "coordinates": [ [ 24.877764, 36.07272 ], [ 24.877664, 36.07302 ] ] } },
{ "type": "Feature", "properties": { "TLID": 184644952, "FEDIRP": "N", "FENAME": "Barabla", "FETYPE": "St", "FEDIRS": null, "FRADDL": 3400.0, "TOADDL": 3498.0, "FRADDR": 3401.0, "TOADDR": 3499.0 }, "geometry": { "type": "LineString", "coordinates": [ [ 24.878564, 36.07302 ], [ 24.877664, 36.07302 ] ] } },
{ "type": "Feature", "properties": { "TLID": 184644953, "FEDIRP": "N", "FENAME": "Utanfor", "FETYPE": "St", "FEDIRS": null, "FRADDL": 3600.0, "TOADDL": 3698.0, "FRADDR": 3601.0, "TOADDR": 3699.0 }, "geometry": { "type": "LineString", "coordinates": [ [ 24.879364, 36.07522 ], [ 24.879364, 36.07592 ] ] } },
{ "type": "Feature", "properties": { "TLID": 184644954, "FEDIRP": "N", "FENAME": "Berlau", "FETYPE": "St", "FEDIRS": null, "FRADDL": 3400.0, "TOADDL": 3498.0, "FRADDR": 3401.0, "TOADDR": 3499.0 }, "geometry": { "type": "LineString", "coordinates": [ [ 24.879364, 36.07522 ], [ 24.877664, 36.07512 ] ] } },
{ "type": "Feature", "properties": { "TLID": 184644955, "FEDIRP": "N", "FENAME": "Berlau", "FETYPE": "St", "FEDIRS": null, "FRADDL": 3300.0, "TOADDL": 3398.0, "FRADDR": 3301.0, "TOADDR": 3399.0 }, "geometry": { "type": "LineString", "coordinates": [ [ 24.880864, 36.07512 ], [ 24.879364, 36.07522 ] ] } },
{ "type": "Feature", "properties": { "TLID": 184644956, "FEDIRP": "N", "FENAME": "Utanfor", "FETYPE": "St", "FEDIRS": null, "FRADDL": 3500.0, "TOADDL": 3598.0, "FRADDR": 3501.0, "TOADDR": 3599.0 }, "geometry": { "type": "LineString", "coordinates": [ [ 24.879464, 36.07392 ], [ 24.879364, 36.07522 ] ] } },
{ "type": "Feature", "properties": { "TLID": 184644957, "FEDIRP": "N", "FENAME": "Mattadou", "FETYPE": "St", "FEDIRS": null, "FRADDL": 3500.0, "TOADDL": 3548.0, "FRADDR": 3501.0, "TOADDR": 3549.0 }, "geometry": { "type": "LineString", "coordinates": [ [ 24.881264, 36.07362 ], [ 24.881185, 36.073918 ] ] } },
{ "type": "Feature", "properties": { "TLID": 184644961, "FEDIRP": "N", "FENAME": "Barwyn", "FETYPE": "St", "FEDIRS": null, "FRADDL": 3300.0, "TOADDL": 3398.0, "FRADDR": 3301.0, "TOADDR": 3401.0 }, "geometry": { "type": "LineString", "coordinates": [ [ 24.880264, 36.07392 ], [ 24.879464, 36.07392 ] ] } },
{ "type": "Feature", "properties": { "TLID": 184644963, "FEDIRP": "N", "FENAME": "Mattadou", "FETYPE": "St", "FEDIRS": null, "FRADDL": 3550.0, "TOADDL": 3598.0, "FRADDR": 3551.0, "TOADDR": 3599.0 }, "geometry": { "type": "LineString", "coordinates": [ [ 24.881185, 36.073918 ], [ 24.880864, 36.07512 ] ] } },
{ "type": "Feature", "properties": { "TLID": 184644967, "FEDIRP": "N", "FENAME": "Taxiarchon", "FETYPE": "Ave", "FEDIRS": null, "FRADDL": 3000.0, "TOADDL": 3018.0, "FRADDR": 3001.0, "TOADDR": 3015.0 }, "geometry": { "type": "LineString", "coordinates": [ [ 24.876184, 36.069264 ], [ 24.876264, 36.06972 ] ] } },
{ "type": "Feature", "properties": { "TLID": 184644968, "FEDIRP": "N", "FENAME": "Aveny", "FETYPE": "St", "FEDIRS": null, "FRADDL": 3600.0, "TOADDL": 3698.0, "FRADDR": 3601.0, "TOADDR": 3699.0 }, "geometry": { "type": "LineString", "coordinates": [ [ 24.876184, 36.069264 ], [ 24.874664, 36.06922 ] ] } },
{ "type": "Feature", "properties": { "TLID": 184644970, "FEDIRP": "N", "FENAME": "Taxiarchon", "FETYPE": "Ave", "FEDIRS": null, "FRADDL": 2900.0, "TOADDL": 2998.0, "FRADDR": 2901.0, "TOADDR": 2999.0 }, "geometry": { "type": "LineString", "coordinates": [ [ 24.876264, 36.06832 ], [ 24.876184, 36.069264 ] ] } },
{ "type": "Feature", "properties": { "TLID": 184644971, "FEDIRP": "N", "FENAME": "Profitou Ilia", "FETYPE": "Ave", "FEDIRS": null, "FRADDL": 3000.0, "TOADDL": 3098.0, "FRADDR": 3001.0, "TOADDR": 3099.0 }, "geometry": { "type": "LineString", "coordinates": [ [ 24.877864, 36.06912 ], [ 24.877664, 36.06992 ] ] } },
{ "type": "Feature", "properties": { "TLID": 184644972, "FEDIRP": "N", "FENAME": "Profitou Ilia", "FETYPE": "Ave", "FEDIRS": null, "FRADDL": 2900.0, "TOADDL": 2998.0, "FRADDR": 2901.0, "TOADDR": 2999.0 }, "geometry": { "type": "LineString", "coordinates": [ [ 24.877864, 36.06822 ], [ 24.877864, 36.06912 ] ] } },
{ "type": "Feature", "properties": { "TLID": 184644973, "FEDIRP": "N", "FENAME": "Aveny", "FETYPE": "St", "FEDIRS": null, "FRADDL": 3400.0, "TOADDL": 3498.0, "FRADDR": 3401.0, "TOADDR": 3499.0 }, "geometry": { "type": "LineString", "coordinates": [ [ 24.879564, 36.06912 ], [ 24.877864, 36.06912 ] ] } },
{ "type": "Feature", "properties": { "TLID": 184644974, "FEDIRP": "N", "FENAME": "Taxiarchon", "FETYPE": "Ave", "FEDIRS": null, "FRADDL": 2800.0, "TOADDL": 2898.0, "FRADDR": 2817.0, "TOADDR": 2899.0 }, "geometry": { "type": "LineString", "coordinates": [ [ 24.876308, 36.067321 ], [ 24.876264, 36.06832 ] ] } },
{ "type": "Feature", "properties": { "TLID": 184644976, "FEDIRP": "N", "FENAME": "Taxiarchon", "FETYPE": "Ave", "FEDIRS": null, "FRADDL": 2700.0, "TOADDL": 2798.0, "FRADDR": 2717.0, "TOADDR": 2799.0 }, "geometry": { "type": "LineString", "coordinates": [ [ 24.876364, 36.06642 ], [ 24.876308, 36.067321 ] ] } },
{ "type": "Feature", "properties": { "TLID": 184644978, "FEDIRP": "N", "FENAME": "Taxiarchon", "FETYPE": "Ave", "FEDIRS": null, "FRADDL": 2600.0, "TOADDL": 2698.0, "FRADDR": 2623.0, "TOADDR": 2699.0 }, "geometry": { "type": "LineString", "coordinates": [ [ 24.87639, 36.065517 ], [ 24.876364, 36.06642 ] ] } },
{ "type": "Feature", "properties": { "TLID": 184644979, "FEDIRP": "N", "FENAME": "Arkadiou", "FETYPE": "St", "FEDIRS": null, "FRADDL": 3600.0, "TOADDL": 3698.0, "FRADDR": 3601.0, "TOADDR": 3699.0 }, "geometry": { "type": "LineString", "coordinates": [ [ 24.87639, 36.065517 ], [ 24.874684, 36.065494 ] ] } },
{ "type": "Feature", "properties": { "TLID": 184644981, "FEDIRP": "N", "FENAME": "Taxiarchon", "FETYPE": "Ave", "FEDIRS": null, "FRADDL": 2500.0, "TOADDL": 2598.0, "FRADDR": 2501.0, "TOADDR": 2599.0 }, "geometry": { "type": "LineString", "coordinates": [ [ 24.876364, 36.06452 ], [ 24.87639, 36.065517 ] ] } },
{ "type": "Feature", "properties": { "TLID": 184644982, "FEDIRP": "N", "FENAME": "Profitou Ilia", "FETYPE": "Ave", "FEDIRS": null, "FRADDL": 2800.0, "TOADDL": 2898.0, "FRADDR": 2801.0, "TOADDR": 2899.0 }, "geometry": { "type": "LineString", "coordinates": [ [ 24.877883, 36.067293 ], [ 24.877864, 36.06822 ] ] } },
{ "type": "Feature", "properties": { "TLID": 184644983, "FEDIRP": "N", "FENAME": "Asiant", "FETYPE": "St", "FEDIRS": null, "FRADDL": 3400.0, "TOADDL": 3498.0, "FRADDR": 3401.0, "TOADDR": 3499.0 }, "geometry": { "type": "LineString", "coordinates": [ [ 24.879464, 36.06822 ], [ 24.877864, 36.06822 ] ] } },
{ "type": "Feature", "properties": { "TLID": 184644984, "FEDIRP": "N", "FENAME": "Profitou Ilia", "FETYPE": "Ave", "FEDIRS": null, "FRADDL": 2700.0, "TOADDL": 2798.0, "FRADDR": 2701.0, "TOADDR": 2799.0 }, "geometry": { "type": "LineString", "coordinates": [ [ 24.877964, 36.06642 ], [ 24.877883, 36.067293 ] ] } },
{ "type": "Feature", "properties": { "TLID": 184644985, "FEDIRP": "N", "FENAME": "Profitou Ilia", "FETYPE": "Ave", "FEDIRS": null, "FRADDL": 2600.0, "TOADDL": 2698.0, "FRADDR": 2601.0, "TOADDR": 2699.0 }, "geometry": { "type": "LineString", "coordinates": [ [ 24.877938, 36.065517 ], [ 24.877964, 36.06642 ] ] } },
{ "type": "Feature", "properties": { "TLID": 184644986, "FEDIRP": "N", "FENAME": "Arkadou", "FETYPE": "St", "FEDIRS": null, "FRADDL": 3400.0, "TOADDL": 3498.0, "FRADDR": 3401.0, "TOADDR": 3499.0 }, "geometry": { "type": "LineString", "coordinates": [ [ 24.879464, 36.06642 ], [ 24.877964, 36.06642 ] ] } },
{ "type": "Feature", "properties": { "TLID": 184644987, "FEDIRP": "N", "FENAME": "Profitou Ilia", "FETYPE": "Ave", "FEDIRS": null, "FRADDL": 2500.0, "TOADDL": 2598.0, "FRADDR": 2501.0, "TOADDR": 2599.0 }, "geometry": { "type": "LineString", "coordinates": [ [ 24.877764, 36.06452 ], [ 24.877938, 36.065517 ] ] } },
{ "type": "Feature", "properties": { "TLID": 184644988, "FEDIRP": "N", "FENAME": "Averof", "FETYPE": "St", "FEDIRS": null, "FRADDL": 3400.0, "TOADDL": 3498.0, "FRADDR": 3401.0, "TOADDR": 3499.0 }, "geometry": { "type": "LineString", "coordinates": [ [ 24.879564, 36.07012 ], [ 24.879064, 36.07012 ] ] } },
{ "type": "Feature", "properties": { "TLID": 184644989, "FEDIRP": "N", "FENAME": "Utanfor", "FETYPE": "St", "FEDIRS": null, "FRADDL": 3000.0, "TOADDL": 3108.0, "FRADDR": 3001.0, "TOADDR": 3099.0 }, "geometry": { "type": "LineString", "coordinates": [ [ 24.879564, 36.06912 ], [ 24.879564, 36.07012 ] ] } },
{ "type": "Feature", "properties": { "TLID": 184644990, "FEDIRP": "N", "FENAME": "Averof", "FETYPE": "St", "FEDIRS": null, "FRADDL": 3300.0, "TOADDL": 3398.0, "FRADDR": 3301.0, "TOADDR": 3399.0 }, "geometry": { "type": "LineString", "coordinates": [ [ 24.880864, 36.07002 ], [ 24.879564, 36.07012 ] ] } },
{ "type": "Feature", "properties": { "TLID": 184644991, "FEDIRP": "N", "FENAME": "Utanfor", "FETYPE": "St", "FEDIRS": null, "FRADDL": 2900.0, "TOADDL": 2998.0, "FRADDR": 2901.0, "TOADDR": 2999.0 }, "geometry": { "type": "LineString", "coordinates": [ [ 24.879464, 36.06822 ], [ 24.879564, 36.06912 ] ] } },
{ "type": "Feature", "properties": { "TLID": 184644993, "FEDIRP": "N", "FENAME": "Avionos", "FETYPE": "St", "FEDIRS": null, "FRADDL": 3200.0, "TOADDL": 3298.0, "FRADDR": 3201.0, "TOADDR": 3299.0 }, "geometry": { "type": "LineString", "coordinates": [ [ 24.882664, 36.07112 ], [ 24.880964, 36.07112 ] ] } },
{ "type": "Feature", "properties": { "TLID": 184644994, "FEDIRP": "N", "FENAME": "Mattadou", "FETYPE": "St", "FEDIRS": null, "FRADDL": 3000.0, "TOADDL": 3098.0, "FRADDR": 3001.0, "TOADDR": 3099.0 }, "geometry": { "type": "LineString", "coordinates": [ [ 24.880864, 36.06922 ], [ 24.880864, 36.07002 ] ] } },
{ "type": "Feature", "properties": { "TLID": 184644995, "FEDIRP": "N", "FENAME": "Averof", "FETYPE": "St", "FEDIRS": null, "FRADDL": 3200.0, "TOADDL": 3298.0, "FRADDR": 3201.0, "TOADDR": 3299.0 }, "geometry": { "type": "LineString", "coordinates": [ [ 24.882564, 36.07002 ], [ 24.880864, 36.07002 ] ] } },
{ "type": "Feature", "properties": { "TLID": 184644996, "FEDIRP": "N", "FENAME": "Aveny", "FETYPE": "St", "FEDIRS": null, "FRADDL": 3300.0, "TOADDL": 3398.0, "FRADDR": 3301.0, "TOADDR": 3399.0 }, "geometry": { "type": "LineString", "coordinates": [ [ 24.880864, 36.06922 ], [ 24.879564, 36.06912 ] ] } },
{ "type": "Feature", "properties": { "TLID": 184644997, "FEDIRP": "N", "FENAME": "Mattadou", "FETYPE": "St", "FEDIRS": null, "FRADDL": 2900.0, "TOADDL": 2998.0, "FRADDR": 2901.0, "TOADDR": 2999.0 }, "geometry": { "type": "LineString", "coordinates": [ [ 24.880964, 36.06822 ], [ 24.880864, 36.06922 ] ] } },
{ "type": "Feature", "properties": { "TLID": 184644998, "FEDIRP": "N", "FENAME": "Aveny", "FETYPE": "St", "FEDIRS": null, "FRADDL": 3200.0, "TOADDL": 3298.0, "FRADDR": 3201.0, "TOADDR": 3299.0 }, "geometry": { "type": "LineString", "coordinates": [ [ 24.882564, 36.06922 ], [ 24.880864, 36.06922 ] ] } },
{ "type": "Feature", "properties": { "TLID": 184644999, "FEDIRP": "N", "FENAME": "Utanfor", "FETYPE": "St", "FEDIRS": null, "FRADDL": 2800.0, "TOADDL": 2898.0, "FRADDR": 2801.0, "TOADDR": 2899.0 }, "geometry": { "type": "LineString", "coordinates": [ [ 24.87947, 36.067274 ], [ 24.879464, 36.06822 ] ] } },
{ "type": "Feature", "properties": { "TLID": 184645000, "FEDIRP": "N", "FENAME": "Asiant", "FETYPE": "St", "FEDIRS": null, "FRADDL": 3300.0, "TOADDL": 3398.0, "FRADDR": 3301.0, "TOADDR": 3399.0 }, "geometry": { "type": "LineString", "coordinates": [ [ 24.880964, 36.06822 ], [ 24.879464, 36.06822 ] ] } },
{ "type": "Feature", "properties": { "TLID": 184645001, "FEDIRP": "N", "FENAME": "Artakis", "FETYPE": "St", "FEDIRS": null, "FRADDL": 3400.0, "TOADDL": 3498.0, "FRADDR": 3401.0, "TOADDR": 3499.0 }, "geometry": { "type": "LineString", "coordinates": [ [ 24.87947, 36.067274 ], [ 24.877883, 36.067293 ] ] } },
{ "type": "Feature", "properties": { "TLID": 184645002, "FEDIRP": "N", "FENAME": "Utanfor", "FETYPE": "St", "FEDIRS": null, "FRADDL": 2700.0, "TOADDL": 2798.0, "FRADDR": 2701.0, "TOADDR": 2799.0 }, "geometry": { "type": "LineString", "coordinates": [ [ 24.879464, 36.06642 ], [ 24.87947, 36.067274 ] ] } },
{ "type": "Feature", "properties": { "TLID": 184645003, "FEDIRP": "N", "FENAME": "Artakis", "FETYPE": "St", "FEDIRS": null, "FRADDL": 3300.0, "TOADDL": 3398.0, "FRADDR": 3301.0, "TOADDR": 3399.0 }, "geometry": { "type": "LineString", "coordinates": [ [ 24.880974, 36.067244 ], [ 24.87947, 36.067274 ] ] } },
{ "type": "Feature", "properties": { "TLID": 184645004, "FEDIRP": "N", "FENAME": "Utanfor", "FETYPE": "St", "FEDIRS": null, "FRADDL": 2600.0, "TOADDL": 2698.0, "FRADDR": 2603.0, "TOADDR": 2699.0 }, "geometry": { "type": "LineString", "coordinates": [ [ 24.879564, 36.06552 ], [ 24.879464, 36.06642 ] ] } },
{ "type": "Feature", "properties": { "TLID": 184645005, "FEDIRP": "N", "FENAME": "Arkadou", "FETYPE": "St", "FEDIRS": null, "FRADDL": 3300.0, "TOADDL": 3398.0, "FRADDR": 3301.0, "TOADDR": 3399.0 }, "geometry": { "type": "LineString", "coordinates": [ [ 24.880964, 36.06642 ], [ 24.879464, 36.06642 ] ] } },
{ "type": "Feature", "properties": { "TLID": 184645006, "FEDIRP": "N", "FENAME": "Arkadiou", "FETYPE": "St", "FEDIRS": null, "FRADDL": 3400.0, "TOADDL": 3498.0, "FRADDR": 3401.0, "TOADDR": 3499.0 }, "geometry": { "type": "LineString", "coordinates": [ [ 24.879564, 36.06552 ], [ 24.877938, 36.065517 ] ] } },
{ "type": "Feature", "properties": { "TLID": 184645007, "FEDIRP": "N", "FENAME": "Arkadiou", "FETYPE": "St", "FEDIRS": null, "FRADDL": 3300.0, "TOADDL": 3398.0, "FRADDR": 3301.0, "TOADDR": 3399.0 }, "geometry": { "type": "LineString", "coordinates": [ [ 24.880945, 36.065515 ], [ 24.879564, 36.06552 ] ] } },
{ "type": "Feature", "properties": { "TLID": 184645008, "FEDIRP": "N", "FENAME": "Utanfor", "FETYPE": "St", "FEDIRS": null, "FRADDL": 2500.0, "TOADDL": 2598.0, "FRADDR": 2501.0, "TOADDR": 2599.0 }, "geometry": { "type": "LineString", "coordinates": [ [ 24.879534, 36.064537 ], [ 24.879564, 36.06552 ] ] } },
{ "type": "Feature", "properties": { "TLID": 184645009, "FEDIRP": "N", "FENAME": "Mattadou", "FETYPE": "St", "FEDIRS": null, "FRADDL": 2800.0, "TOADDL": 2898.0, "FRADDR": 2801.0, "TOADDR": 2899.0 }, "geometry": { "type": "LineString", "coordinates": [ [ 24.880974, 36.067244 ], [ 24.880964, 36.06822 ] ] } },
{ "type": "Feature", "properties": { "TLID": 184645010, "FEDIRP": "N", "FENAME": "Asiant", "FETYPE": "St", "FEDIRS": null, "FRADDL": 3200.0, "TOADDL": 3298.0, "FRADDR": 3201.0, "TOADDR": 3299.0 }, "geometry": { "type": "LineString", "coordinates": [ [ 24.882664, 36.06822 ], [ 24.880964, 36.06822 ] ] } },
{ "type": "Feature", "properties": { "TLID": 184645011, "FEDIRP": "N", "FENAME": "Mattadou", "FETYPE": "St", "FEDIRS": null, "FRADDL": 2700.0, "TOADDL": 2798.0, "FRADDR": 2701.0, "TOADDR": 2799.0 }, "geometry": { "type": "LineString", "coordinates": [ [ 24.880964, 36.06642 ], [ 24.880974, 36.067244 ] ] } },
{ "type": "Feature", "properties": { "TLID": 184645012, "FEDIRP": "N", "FENAME": "Mattadou", "FETYPE": "St", "FEDIRS": null, "FRADDL": 2600.0, "TOADDL": 2698.0, "FRADDR": 2601.0, "TOADDR": 2699.0 }, "geometry": { "type": "LineString", "coordinates": [ [ 24.880945, 36.065515 ], [ 24.880964, 36.06642 ] ] } },
{ "type": "Feature", "properties": { "TLID": 184645013, "FEDIRP": "N", "FENAME": "Arkadou", "FETYPE": "St", "FEDIRS": null, "FRADDL": 3200.0, "TOADDL": 3298.0, "FRADDR": 3201.0, "TOADDR": 3299.0 }, "geometry": { "type": "LineString", "coordinates": [ [ 24.882566, 36.066414 ], [ 24.880964, 36.06642 ] ] } },
{ "type": "Feature", "properties": { "TLID": 184645014, "FEDIRP": "N", "FENAME": "Mattadou", "FETYPE": "St", "FEDIRS": null, "FRADDL": 2500.0, "TOADDL": 2598.0, "FRADDR": 2501.0, "TOADDR": 2599.0 }, "geometry": { "type": "LineString", "coordinates": [ [ 24.880964, 36.06452 ], [ 24.880945, 36.065515 ] ] } },
{ "type": "Feature", "properties": { "TLID": 184645021, "FEDIRP": null, "FENAME": "Exadakitiou", "FETYPE": "Way", "FEDIRS": null, "FRADDL": null, "TOADDL": null, "FRADDR": null, "TOADDR": null }, "geometry": { "type": "LineString", "coordinates": [ [ 24.881694, 36.07467 ], [ 24.882075, 36.074956 ] ] } },
{ "type": "Feature", "properties": { "TLID": 184645023, "FEDIRP": "N", "FENAME": "Bairn", "FETYPE": "St", "FEDIRS": null, "FRADDL": 3200.0, "TOADDL": 3298.0, "FRADDR": 3201.0, "TOADDR": 3299.0 }, "geometry": { "type": "LineString", "coordinates": [ [ 24.882664, 36.07212 ], [ 24.881964, 36.07202 ] ] } },
{ "type": "Feature", "properties": { "TLID": 184645024, "FEDIRP": "N", "FENAME": "Bairn", "FETYPE": "St", "FEDIRS": null, "FRADDL": 3100.0, "TOADDL": 3198.0, "FRADDR": 3101.0, "TOADDR": 3199.0 }, "geometry": { "type": "LineString", "coordinates": [ [ 24.884064, 36.07202 ], [ 24.882664, 36.07212 ] ] } },
{ "type": "Feature", "properties": { "TLID": 184645025, "FEDIRP": "N", "FENAME": "Evzonon", "FETYPE": "St", "FEDIRS": null, "FRADDL": 3200.0, "TOADDL": 3304.0, "FRADDR": 3201.0, "TOADDR": 3299.0 }, "geometry": { "type": "LineString", "coordinates": [ [ 24.882664, 36.07112 ], [ 24.882664, 36.07212 ] ] } },
{ "type": "Feature", "properties": { "TLID": 184645027, "FEDIRP": "N", "FENAME": "Gounaraki", "FETYPE": "St", "FEDIRS": null, "FRADDL": 3300.0, "TOADDL": 3398.0, "FRADDR": 3301.0, "TOADDR": 3399.0 }, "geometry": { "type": "LineString", "coordinates": [ [ 24.884064, 36.07202 ], [ 24.883964, 36.07292 ] ] } },
{ "type": "Feature", "properties": { "TLID": 184645028, "FEDIRP": "N", "FENAME": "Bairn", "FETYPE": "St", "FEDIRS": null, "FRADDL": 2900.0, "TOADDL": 3098.0, "FRADDR": 3001.0, "TOADDR": 3099.0 }, "geometry": { "type": "LineString", "coordinates": [ [ 24.885564, 36.07202 ], [ 24.884064, 36.07202 ] ] } },
{ "type": "Feature", "properties": { "TLID": 184645029, "FEDIRP": "N", "FENAME": "Gounaraki", "FETYPE": "St", "FEDIRS": null, "FRADDL": 3200.0, "TOADDL": 3298.0, "FRADDR": 3201.0, "TOADDR": 3299.0 }, "geometry": { "type": "LineString", "coordinates": [ [ 24.884064, 36.07112 ], [ 24.884064, 36.07202 ] ] } },
{ "type": "Feature", "properties": { "TLID": 184645033, "FEDIRP": "N", "FENAME": "Lumen", "FETYPE": "St", "FEDIRS": null, "FRADDL": 3300.0, "TOADDL": 3398.0, "FRADDR": 3301.0, "TOADDR": 3399.0 }, "geometry": { "type": "LineString", "coordinates": [ [ 24.885564, 36.07202 ], [ 24.885464, 36.07252 ] ] } },
{ "type": "Feature", "properties": { "TLID": 184645036, "FEDIRP": "N", "FENAME": "Evzonon", "FETYPE": "St", "FEDIRS": null, "FRADDL": 3100.0, "TOADDL": 3198.0, "FRADDR": 3101.0, "TOADDR": 3199.0 }, "geometry": { "type": "LineString", "coordinates": [ [ 24.882564, 36.07002 ], [ 24.882664, 36.07112 ] ] } },
{ "type": "Feature", "properties": { "TLID": 184645037, "FEDIRP": "N", "FENAME": "Avionos", "FETYPE": "St", "FEDIRS": null, "FRADDL": 3100.0, "TOADDL": 3198.0, "FRADDR": 3101.0, "TOADDR": 3199.0 }, "geometry": { "type": "LineString", "coordinates": [ [ 24.884064, 36.07112 ], [ 24.882664, 36.07112 ] ] } },
{ "type": "Feature", "properties": { "TLID": 184645038, "FEDIRP": "N", "FENAME": "Evzonon", "FETYPE": "St", "FEDIRS": null, "FRADDL": 3000.0, "TOADDL": 3098.0, "FRADDR": 3001.0, "TOADDR": 3099.0 }, "geometry": { "type": "LineString", "coordinates": [ [ 24.882564, 36.06922 ], [ 24.882564, 36.07002 ] ] } },
{ "type": "Feature", "properties": { "TLID": 184645039, "FEDIRP": "N", "FENAME": "Aveny", "FETYPE": "St", "FEDIRS": null, "FRADDL": 3100.0, "TOADDL": 3198.0, "FRADDR": 3101.0, "TOADDR": 3199.0 }, "geometry": { "type": "LineString", "coordinates": [ [ 24.884164, 36.06922 ], [ 24.882564, 36.06922 ] ] } },
{ "type": "Feature", "properties": { "TLID": 184645040, "FEDIRP": "N", "FENAME": "Evzonon", "FETYPE": "St", "FEDIRS": null, "FRADDL": 2900.0, "TOADDL": 2998.0, "FRADDR": 2901.0, "TOADDR": 2999.0 }, "geometry": { "type": "LineString", "coordinates": [ [ 24.882664, 36.06822 ], [ 24.882564, 36.06922 ] ] } },
{ "type": "Feature", "properties": { "TLID": 184645041, "FEDIRP": "N", "FENAME": "Gounaraki", "FETYPE": "St", "FEDIRS": null, "FRADDL": 3100.0, "TOADDL": 3198.0, "FRADDR": 3101.0, "TOADDR": 3199.0 }, "geometry": { "type": "LineString", "coordinates": [ [ 24.884164, 36.07012 ], [ 24.884064, 36.07112 ] ] } },
{ "type": "Feature", "properties": { "TLID": 184645043, "FEDIRP": "N", "FENAME": "Averof", "FETYPE": "St", "FEDIRS": null, "FRADDL": 3100.0, "TOADDL": 3198.0, "FRADDR": 3101.0, "TOADDR": 3199.0 }, "geometry": { "type": "LineString", "coordinates": [ [ 24.884164, 36.07012 ], [ 24.882564, 36.07002 ] ] } },
{ "type": "Feature", "properties": { "TLID": 184645044, "FEDIRP": "N", "FENAME": "Gounaraki", "FETYPE": "St", "FEDIRS": null, "FRADDL": 3000.0, "TOADDL": 3098.0, "FRADDR": 3001.0, "TOADDR": 3099.0 }, "geometry": { "type": "LineString", "coordinates": [ [ 24.884164, 36.06922 ], [ 24.884164, 36.07012 ] ] } },
{ "type": "Feature", "properties": { "TLID": 184645045, "FEDIRP": "N", "FENAME": "Averof", "FETYPE": "St", "FEDIRS": null, "FRADDL": 3000.0, "TOADDL": 3098.0, "FRADDR": 3001.0, "TOADDR": 3099.0 }, "geometry": { "type": "LineString", "coordinates": [ [ 24.885864, 36.07012 ], [ 24.884164, 36.07012 ] ] } },
{ "type": "Feature", "properties": { "TLID": 184645046, "FEDIRP": "N", "FENAME": "Gounaraki", "FETYPE": "St", "FEDIRS": null, "FRADDL": 2900.0, "TOADDL": 2998.0, "FRADDR": 2901.0, "TOADDR": 2999.0 }, "geometry": { "type": "LineString", "coordinates": [ [ 24.884264, 36.06822 ], [ 24.884164, 36.06922 ] ] } },
{ "type": "Feature", "properties": { "TLID": 184645047, "FEDIRP": "N", "FENAME": "Aveny", "FETYPE": "St", "FEDIRS": null, "FRADDL": 3000.0, "TOADDL": 3098.0, "FRADDR": 3001.0, "TOADDR": 3099.0 }, "geometry": { "type": "LineString", "coordinates": [ [ 24.885864, 36.06912 ], [ 24.884164, 36.06922 ] ] } },
{ "type": "Feature", "properties": { "TLID": 184645048, "FEDIRP": "N", "FENAME": "Evzonon", "FETYPE": "St", "FEDIRS": null, "FRADDL": 2800.0, "TOADDL": 2898.0, "FRADDR": 2801.0, "TOADDR": 2899.0 }, "geometry": { "type": "LineString", "coordinates": [ [ 24.882611, 36.067244 ], [ 24.882664, 36.06822 ] ] } },
{ "type": "Feature", "properties": { "TLID": 184645049, "FEDIRP": "N", "FENAME": "Asiant", "FETYPE": "St", "FEDIRS": null, "FRADDL": 3100.0, "TOADDL": 3198.0, "FRADDR": 3101.0, "TOADDR": 3199.0 }, "geometry": { "type": "LineString", "coordinates": [ [ 24.884264, 36.06822 ], [ 24.882664, 36.06822 ] ] } },
{ "type": "Feature", "properties": { "TLID": 184645050, "FEDIRP": "N", "FENAME": "Artakis", "FETYPE": "St", "FEDIRS": null, "FRADDL": 3200.0, "TOADDL": 3298.0, "FRADDR": 3201.0, "TOADDR": 3299.0 }, "geometry": { "type": "LineString", "coordinates": [ [ 24.882611, 36.067244 ], [ 24.880974, 36.067244 ] ] } },
{ "type": "Feature", "properties": { "TLID": 184645051, "FEDIRP": "N", "FENAME": "Evzonon", "FETYPE": "St", "FEDIRS": null, "FRADDL": 2700.0, "TOADDL": 2798.0, "FRADDR": 2701.0, "TOADDR": 2799.0 }, "geometry": { "type": "LineString", "coordinates": [ [ 24.882566, 36.066414 ], [ 24.882611, 36.067244 ] ] } },
{ "type": "Feature", "properties": { "TLID": 184645052, "FEDIRP": "N", "FENAME": "Artakis", "FETYPE": "St", "FEDIRS": null, "FRADDL": 3100.0, "TOADDL": 3198.0, "FRADDR": 3101.0, "TOADDR": 3199.0 }, "geometry": { "type": "LineString", "coordinates": [ [ 24.884264, 36.06722 ], [ 24.882611, 36.067244 ] ] } },
{ "type": "Feature", "properties": { "TLID": 184645053, "FEDIRP": "N", "FENAME": "Evzonon", "FETYPE": "St", "FEDIRS": null, "FRADDL": 2600.0, "TOADDL": 2698.0, "FRADDR": 2601.0, "TOADDR": 2699.0 }, "geometry": { "type": "LineString", "coordinates": [ [ 24.882564, 36.06552 ], [ 24.882566, 36.066414 ] ] } },
{ "type": "Feature", "properties": { "TLID": 184645054, "FEDIRP": "N", "FENAME": "Arkadiou", "FETYPE": "St", "FEDIRS": null, "FRADDL": 3200.0, "TOADDL": 3298.0, "FRADDR": 3201.0, "TOADDR": 3299.0 }, "geometry": { "type": "LineString", "coordinates": [ [ 24.882564, 36.06552 ], [ 24.880945, 36.065515 ] ] } },
{ "type": "Feature", "properties": { "TLID": 184645055, "FEDIRP": "N", "FENAME": "Arkadiou", "FETYPE": "St", "FEDIRS": null, "FRADDL": 3100.0, "TOADDL": 3198.0, "FRADDR": 3101.0, "TOADDR": 3199.0 }, "geometry": { "type": "LineString", "coordinates": [ [ 24.884232, 36.065535 ], [ 24.882564, 36.06552 ] ] } },
{ "type": "Feature", "properties": { "TLID": 184645056, "FEDIRP": "N", "FENAME": "Evzonon", "FETYPE": "St", "FEDIRS": null, "FRADDL": 2500.0, "TOADDL": 2598.0, "FRADDR": 2501.0, "TOADDR": 2599.0 }, "geometry": { "type": "LineString", "coordinates": [ [ 24.882537, 36.064535 ], [ 24.882564, 36.06552 ] ] } },
{ "type": "Feature", "properties": { "TLID": 184645057, "FEDIRP": "N", "FENAME": "Gounaraki", "FETYPE": "St", "FEDIRS": null, "FRADDL": 2800.0, "TOADDL": 2898.0, "FRADDR": 2801.0, "TOADDR": 2899.0 }, "geometry": { "type": "LineString", "coordinates": [ [ 24.884264, 36.06722 ], [ 24.884264, 36.06822 ] ] } },
{ "type": "Feature", "properties": { "TLID": 184645058, "FEDIRP": "N", "FENAME": "Asiant", "FETYPE": "St", "FEDIRS": null, "FRADDL": 3000.0, "TOADDL": 3098.0, "FRADDR": 3001.0, "TOADDR": 3099.0 }, "geometry": { "type": "LineString", "coordinates": [ [ 24.885864, 36.06822 ], [ 24.884264, 36.06822 ] ] } },
{ "type": "Feature", "properties": { "TLID": 184645059, "FEDIRP": "N", "FENAME": "Gounaraki", "FETYPE": "St", "FEDIRS": null, "FRADDL": 2700.0, "TOADDL": 2798.0, "FRADDR": 2701.0, "TOADDR": 2799.0 }, "geometry": { "type": "LineString", "coordinates": [ [ 24.884277, 36.066434 ], [ 24.884264, 36.06722 ] ] } },
{ "type": "Feature", "properties": { "TLID": 184645060, "FEDIRP": "N", "FENAME": "Artakis", "FETYPE": "St", "FEDIRS": null, "FRADDL": 3000.0, "TOADDL": 3098.0, "FRADDR": 3001.0, "TOADDR": 3099.0 }, "geometry": { "type": "LineString", "coordinates": [ [ 24.885864, 36.06722 ], [ 24.884264, 36.06722 ] ] } },
{ "type": "Feature", "properties": { "TLID": 184645061, "FEDIRP": "N", "FENAME": "Arkadou", "FETYPE": "St", "FEDIRS": null, "FRADDL": 3100.0, "TOADDL": 3198.0, "FRADDR": 3101.0, "TOADDR": 3199.0 }, "geometry": { "type": "LineString", "coordinates": [ [ 24.884277, 36.066434 ], [ 24.882566, 36.066414 ] ] } },
{ "type": "Feature", "properties": { "TLID": 184645062, "FEDIRP": "N", "FENAME": "Gounaraki", "FETYPE": "St", "FEDIRS": null, "FRADDL": 2600.0, "TOADDL": 2698.0, "FRADDR": 2601.0, "TOADDR": 2699.0 }, "geometry": { "type": "LineString", "coordinates": [ [ 24.884232, 36.065535 ], [ 24.884277, 36.066434 ] ] } },
{ "type": "Feature", "properties": { "TLID": 184645063, "FEDIRP": "N", "FENAME": "Arkadou", "FETYPE": "St", "FEDIRS": null, "FRADDL": 3000.0, "TOADDL": 3098.0, "FRADDR": 3001.0, "TOADDR": 3099.0 }, "geometry": { "type": "LineString", "coordinates": [ [ 24.885869, 36.066414 ], [ 24.884277, 36.066434 ] ] } },
{ "type": "Feature", "properties": { "TLID": 184645064, "FEDIRP": "N", "FENAME": "Arkadiou", "FETYPE": "St", "FEDIRS": null, "FRADDL": 3000.0, "TOADDL": 3098.0, "FRADDR": 3001.0, "TOADDR": 3099.0 }, "geometry": { "type": "LineString", "coordinates": [ [ 24.885865, 36.065521 ], [ 24.884232, 36.065535 ] ] } },
{ "type": "Feature", "properties": { "TLID": 184645065, "FEDIRP": "N", "FENAME": "Gounaraki", "FETYPE": "St", "FEDIRS": null, "FRADDL": 2500.0, "TOADDL": 2598.0, "FRADDR": 2501.0, "TOADDR": 2599.0 }, "geometry": { "type": "LineString", "coordinates": [ [ 24.884203, 36.064515 ], [ 24.884232, 36.065535 ] ] } },
{ "type": "Feature", "properties": { "TLID": 184645066, "FEDIRP": "N", "FENAME": "Lumen", "FETYPE": "St", "FEDIRS": null, "FRADDL": 3100.0, "TOADDL": 3148.0, "FRADDR": 3101.0, "TOADDR": 3149.0 }, "geometry": { "type": "LineString", "coordinates": [ [ 24.885864, 36.07012 ], [ 24.885764, 36.07062 ] ] } },
{ "type": "Feature", "properties": { "TLID": 184645068, "FEDIRP": "N", "FENAME": "Averof", "FETYPE": "St", "FEDIRS": null, "FRADDL": 2900.0, "TOADDL": 2998.0, "FRADDR": 2901.0, "TOADDR": 2999.0 }, "geometry": { "type": "LineString", "coordinates": [ [ 24.887264, 36.07012 ], [ 24.885864, 36.07012 ] ] } },
{ "type": "Feature", "properties": { "TLID": 184645069, "FEDIRP": "N", "FENAME": "Aveny", "FETYPE": "St", "FEDIRS": null, "FRADDL": 2800.0, "TOADDL": 2898.0, "FRADDR": null, "TOADDR": null }, "geometry": { "type": "LineString", "coordinates": [ [ 24.887364, 36.069121 ], [ 24.887264, 36.06912 ] ] } },
{ "type": "Feature", "properties": { "TLID": 184645070, "FEDIRP": "N", "FENAME": "Lumen", "FETYPE": "St", "FEDIRS": null, "FRADDL": 2900.0, "TOADDL": 2998.0, "FRADDR": 2901.0, "TOADDR": 2999.0 }, "geometry": { "type": "LineString", "coordinates": [ [ 24.885864, 36.06822 ], [ 24.885864, 36.06912 ] ] } },
{ "type": "Feature", "properties": { "TLID": 184645071, "FEDIRP": "N", "FENAME": "Pluma", "FETYPE": "St", "FEDIRS": null, "FRADDL": 3000.0, "TOADDL": 3116.0, "FRADDR": 3001.0, "TOADDR": 3199.0 }, "geometry": { "type": "LineString", "coordinates": [ [ 24.887364, 36.069121 ], [ 24.887264, 36.07012 ] ] } },
{ "type": "Feature", "properties": { "TLID": 184645072, "FEDIRP": "N", "FENAME": "Averof", "FETYPE": "St", "FEDIRS": null, "FRADDL": 2700.0, "TOADDL": 2898.0, "FRADDR": 2701.0, "TOADDR": 2899.0 }, "geometry": { "type": "LineString", "coordinates": [ [ 24.889064, 36.070121 ], [ 24.887264, 36.07012 ] ] } },
{ "type": "Feature", "properties": { "TLID": 184645073, "FEDIRP": "N", "FENAME": "Pluma", "FETYPE": "St", "FEDIRS": null, "FRADDL": 2900.0, "TOADDL": 2998.0, "FRADDR": 2901.0, "TOADDR": 2999.0 }, "geometry": { "type": "LineString", "coordinates": [ [ 24.887364, 36.068221 ], [ 24.887264, 36.068621 ] ] } },
{ "type": "Feature", "properties": { "TLID": 184645074, "FEDIRP": "N", "FENAME": "Lumen", "FETYPE": "St", "FEDIRS": null, "FRADDL": 2800.0, "TOADDL": 2898.0, "FRADDR": 2801.0, "TOADDR": 2899.0 }, "geometry": { "type": "LineString", "coordinates": [ [ 24.885864, 36.06722 ], [ 24.885864, 36.06822 ] ] } },
{ "type": "Feature", "properties": { "TLID": 184645075, "FEDIRP": "N", "FENAME": "Asiant", "FETYPE": "St", "FEDIRS": null, "FRADDL": 2900.0, "TOADDL": 2998.0, "FRADDR": 2901.0, "TOADDR": 2999.0 }, "geometry": { "type": "LineString", "coordinates": [ [ 24.887364, 36.068221 ], [ 24.885864, 36.06822 ] ] } },
{ "type": "Feature", "properties": { "TLID": 184645076, "FEDIRP": "N", "FENAME": "Lumen", "FETYPE": "St", "FEDIRS": null, "FRADDL": 2700.0, "TOADDL": 2798.0, "FRADDR": 2701.0, "TOADDR": 2799.0 }, "geometry": { "type": "LineString", "coordinates": [ [ 24.885869, 36.066414 ], [ 24.885864, 36.06722 ] ] } },
{ "type": "Feature", "properties": { "TLID": 184645077, "FEDIRP": "N", "FENAME": "Artakis", "FETYPE": "St", "FEDIRS": null, "FRADDL": 2300.0, "TOADDL": 2998.0, "FRADDR": 2301.0, "TOADDR": 2999.0 }, "geometry": { "type": "LineString", "coordinates": [ [ 24.887365, 36.067221 ], [ 24.885864, 36.06722 ] ] } },
{ "type": "Feature", "properties": { "TLID": 184645078, "FEDIRP": "N", "FENAME": "Lumen", "FETYPE": "St", "FEDIRS": null, "FRADDL": 2600.0, "TOADDL": 2698.0, "FRADDR": 2601.0, "TOADDR": 2699.0 }, "geometry": { "type": "LineString", "coordinates": [ [ 24.885865, 36.065521 ], [ 24.885869, 36.066414 ] ] } },
{ "type": "Feature", "properties": { "TLID": 184645079, "FEDIRP": "N", "FENAME": "Lumen", "FETYPE": "St", "FEDIRS": null, "FRADDL": 2500.0, "TOADDL": 2598.0, "FRADDR": 2501.0, "TOADDR": 2599.0 }, "geometry": { "type": "LineString", "coordinates": [ [ 24.885854, 36.064575 ], [ 24.885865, 36.065521 ] ] } },
{ "type": "Feature", "properties": { "TLID": 184645080, "FEDIRP": "N", "FENAME": "Asiant", "FETYPE": "St", "FEDIRS": null, "FRADDL": 2700.0, "TOADDL": 2898.0, "FRADDR": 2701.0, "TOADDR": 2899.0 }, "geometry": { "type": "LineString", "coordinates": [ [ 24.888765, 36.068221 ], [ 24.887364, 36.068221 ] ] } },
{ "type": "Feature", "properties": { "TLID": 184645081, "FEDIRP": "N", "FENAME": "Arkadou", "FETYPE": "St", "FEDIRS": null, "FRADDL": 2314.0, "TOADDL": 2998.0, "FRADDR": 2301.0, "TOADDR": 2999.0 }, "geometry": { "type": "LineString", "coordinates": [ [ 24.887365, 36.066421 ], [ 24.885869, 36.066414 ] ] } },
{ "type": "Feature", "properties": { "TLID": 184645084, "FEDIRP": "N", "FENAME": "Taxiarchon", "FETYPE": "Ave", "FEDIRS": null, "FRADDL": 2400.0, "TOADDL": 2498.0, "FRADDR": 2421.0, "TOADDR": 2499.0 }, "geometry": { "type": "LineString", "coordinates": [ [ 24.876417, 36.063677 ], [ 24.876364, 36.06452 ] ] } },
{ "type": "Feature", "properties": { "TLID": 184645086, "FEDIRP": "N", "FENAME": "Antoniadou", "FETYPE": "St", "FEDIRS": null, "FRADDL": 3600.0, "TOADDL": 3698.0, "FRADDR": 3601.0, "TOADDR": 3699.0 }, "geometry": { "type": "LineString", "coordinates": [ [ 24.876417, 36.063677 ], [ 24.874764, 36.06362 ] ] } },
{ "type": "Feature", "properties": { "TLID": 184645087, "FEDIRP": "N", "FENAME": "Taxiarchon", "FETYPE": "Ave", "FEDIRS": null, "FRADDL": 2200.0, "TOADDL": 2398.0, "FRADDR": 2223.0, "TOADDR": 2399.0 }, "geometry": { "type": "LineString", "coordinates": [ [ 24.876424, 36.062752 ], [ 24.876417, 36.063677 ] ] } },
{ "type": "Feature", "properties": { "TLID": 184645089, "FEDIRP": "N", "FENAME": "Anntigonou", "FETYPE": "St", "FEDIRS": null, "FRADDL": 3600.0, "TOADDL": 3698.0, "FRADDR": 3601.0, "TOADDR": 3699.0 }, "geometry": { "type": "LineString", "coordinates": [ [ 24.876424, 36.062752 ], [ 24.874674, 36.062864 ] ] } },
{ "type": "Feature", "properties": { "TLID": 184645091, "FEDIRP": "N", "FENAME": "Taxiarchon", "FETYPE": "Ave", "FEDIRS": null, "FRADDL": 2100.0, "TOADDL": 2198.0, "FRADDR": 2101.0, "TOADDR": 2199.0 }, "geometry": { "type": "LineString", "coordinates": [ [ 24.876356, 36.061991 ], [ 24.876424, 36.062752 ] ] } },
{ "type": "Feature", "properties": { "TLID": 184645092, "FEDIRP": "N", "FENAME": "Profitou Ilia", "FETYPE": "Ave", "FEDIRS": null, "FRADDL": 2400.0, "TOADDL": 2498.0, "FRADDR": 2401.0, "TOADDR": 2499.0 }, "geometry": { "type": "LineString", "coordinates": [ [ 24.877725, 36.063626 ], [ 24.877764, 36.06452 ] ] } },
{ "type": "Feature", "properties": { "TLID": 184645093, "FEDIRP": "N", "FENAME": "Profitou Ilia", "FETYPE": "Ave", "FEDIRS": null, "FRADDL": 2200.0, "TOADDL": 2398.0, "FRADDR": 2201.0, "TOADDR": 2399.0 }, "geometry": { "type": "LineString", "coordinates": [ [ 24.877764, 36.06272 ], [ 24.877725, 36.063626 ] ] } },
{ "type": "Feature", "properties": { "TLID": 184645094, "FEDIRP": "N", "FENAME": "Antoniadou", "FETYPE": "St", "FEDIRS": null, "FRADDL": 3400.0, "TOADDL": 3498.0, "FRADDR": 3401.0, "TOADDR": 3499.0 }, "geometry": { "type": "LineString", "coordinates": [ [ 24.8795, 36.063605 ], [ 24.877725, 36.063626 ] ] } },
{ "type": "Feature", "properties": { "TLID": 184645095, "FEDIRP": "N", "FENAME": "Profitou Ilia", "FETYPE": "Ave", "FEDIRS": null, "FRADDL": 2100.0, "TOADDL": 2198.0, "FRADDR": 2101.0, "TOADDR": 2199.0 }, "geometry": { "type": "LineString", "coordinates": [ [ 24.877664, 36.06202 ], [ 24.877764, 36.06272 ] ] } },
{ "type": "Feature", "properties": { "TLID": 184645096, "FEDIRP": "N", "FENAME": "Anntigonou", "FETYPE": "St", "FEDIRS": null, "FRADDL": 3400.0, "TOADDL": 3498.0, "FRADDR": 3401.0, "TOADDR": 3499.0 }, "geometry": { "type": "LineString", "coordinates": [ [ 24.879464, 36.06272 ], [ 24.877764, 36.06272 ] ] } },
{ "type": "Feature", "properties": { "TLID": 184645098, "FEDIRP": "N", "FENAME": "Profitou Ilia", "FETYPE": "Ave", "FEDIRS": null, "FRADDL": 1900.0, "TOADDL": 2098.0, "FRADDR": 1901.0, "TOADDR": 2099.0 }, "geometry": { "type": "LineString", "coordinates": [ [ 24.877564, 36.06122 ], [ 24.877664, 36.06202 ] ] } },
{ "type": "Feature", "properties": { "TLID": 184645099, "FEDIRP": "N", "FENAME": "Androutsou", "FETYPE": "St", "FEDIRS": null, "FRADDL": 3400.0, "TOADDL": 3498.0, "FRADDR": 3401.0, "TOADDR": 3499.0 }, "geometry": { "type": "LineString", "coordinates": [ [ 24.879264, 36.06202 ], [ 24.877664, 36.06202 ] ] } },
{ "type": "Feature", "properties": { "TLID": 184645100, "FEDIRP": "N", "FENAME": "Taxiarchon", "FETYPE": "Ave", "FEDIRS": null, "FRADDL": 1900.0, "TOADDL": 2098.0, "FRADDR": 1921.0, "TOADDR": 2099.0 }, "geometry": { "type": "LineString", "coordinates": [ [ 24.876164, 36.06122 ], [ 24.876356, 36.061991 ] ] } },
{ "type": "Feature", "properties": { "TLID": 184645101, "FEDIRP": "N", "FENAME": "Taxiarchon", "FETYPE": "Ave", "FEDIRS": null, "FRADDL": 1800.0, "TOADDL": 1898.0, "FRADDR": 1821.0, "TOADDR": 1899.0 }, "geometry": { "type": "LineString", "coordinates": [ [ 24.876164, 36.06032 ], [ 24.876164, 36.06122 ] ] } },
{ "type": "Feature", "properties": { "TLID": 184645103, "FEDIRP": "N", "FENAME": "Taxiarchon", "FETYPE": "Ave", "FEDIRS": null, "FRADDL": 1600.0, "TOADDL": 1798.0, "FRADDR": 1681.0, "TOADDR": 1799.0 }, "geometry": { "type": "LineString", "coordinates": [ [ 24.876164, 36.05942 ], [ 24.876164, 36.06032 ] ] } },
{ "type": "Feature", "properties": { "TLID": 184645105, "FEDIRP": "N", "FENAME": "Taxiarchon", "FETYPE": "Ave", "FEDIRS": null, "FRADDL": 1522.0, "TOADDL": 1598.0, "FRADDR": 1565.0, "TOADDR": 1679.0 }, "geometry": { "type": "LineString", "coordinates": [ [ 24.876164, 36.05852 ], [ 24.876164, 36.05942 ] ] } },
{ "type": "Feature", "properties": { "TLID": 184645106, "FEDIRP": "N", "FENAME": "Profitou Ilia", "FETYPE": "Ave", "FEDIRS": null, "FRADDL": 1800.0, "TOADDL": 1898.0, "FRADDR": 1801.0, "TOADDR": 1899.0 }, "geometry": { "type": "LineString", "coordinates": [ [ 24.877564, 36.06032 ], [ 24.877564, 36.06122 ] ] } },
{ "type": "Feature", "properties": { "TLID": 184645107, "FEDIRP": "N", "FENAME": "Amfitris", "FETYPE": "St", "FEDIRS": null, "FRADDL": 3400.0, "TOADDL": 3498.0, "FRADDR": 3401.0, "TOADDR": 3499.0 }, "geometry": { "type": "LineString", "coordinates": [ [ 24.879264, 36.06122 ], [ 24.877564, 36.06122 ] ] } },
{ "type": "Feature", "properties": { "TLID": 184645108, "FEDIRP": "N", "FENAME": "Alm", "FETYPE": "St", "FEDIRS": null, "FRADDL": 3400.0, "TOADDL": 3498.0, "FRADDR": 3401.0, "TOADDR": 3499.0 }, "geometry": { "type": "LineString", "coordinates": [ [ 24.879264, 36.06032 ], [ 24.877564, 36.06032 ] ] } },
{ "type": "Feature", "properties": { "TLID": 184645109, "FEDIRP": "N", "FENAME": "Arbete", "FETYPE": "St", "FEDIRS": null, "FRADDL": 3400.0, "TOADDL": 3498.0, "FRADDR": 3401.0, "TOADDR": 3499.0 }, "geometry": { "type": "LineString", "coordinates": [ [ 24.879534, 36.064537 ], [ 24.877764, 36.06452 ] ] } },
{ "type": "Feature", "properties": { "TLID": 184645110, "FEDIRP": "N", "FENAME": "Utanfor", "FETYPE": "St", "FEDIRS": null, "FRADDL": 2400.0, "TOADDL": 2498.0, "FRADDR": 2401.0, "TOADDR": 2499.0 }, "geometry": { "type": "LineString", "coordinates": [ [ 24.8795, 36.063605 ], [ 24.879534, 36.064537 ] ] } },
{ "type": "Feature", "properties": { "TLID": 184645111, "FEDIRP": "N", "FENAME": "Arbete", "FETYPE": "St", "FEDIRS": null, "FRADDL": 3300.0, "TOADDL": 3398.0, "FRADDR": 3301.0, "TOADDR": 3399.0 }, "geometry": { "type": "LineString", "coordinates": [ [ 24.880964, 36.06452 ], [ 24.879534, 36.064537 ] ] } },
{ "type": "Feature", "properties": { "TLID": 184645112, "FEDIRP": "N", "FENAME": "Utanfor", "FETYPE": "St", "FEDIRS": null, "FRADDL": 2200.0, "TOADDL": 2398.0, "FRADDR": 2201.0, "TOADDR": 2399.0 }, "geometry": { "type": "LineString", "coordinates": [ [ 24.879464, 36.06272 ], [ 24.8795, 36.063605 ] ] } },
{ "type": "Feature", "properties": { "TLID": 184645113, "FEDIRP": "N", "FENAME": "Antoniadou", "FETYPE": "St", "FEDIRS": null, "FRADDL": 3300.0, "TOADDL": 3398.0, "FRADDR": 3301.0, "TOADDR": 3399.0 }, "geometry": { "type": "LineString", "coordinates": [ [ 24.880964, 36.06362 ], [ 24.8795, 36.063605 ] ] } },
{ "type": "Feature", "properties": { "TLID": 184645114, "FEDIRP": "N", "FENAME": "Utanfor", "FETYPE": "St", "FEDIRS": null, "FRADDL": 2100.0, "TOADDL": 2198.0, "FRADDR": 2101.0, "TOADDR": 2199.0 }, "geometry": { "type": "LineString", "coordinates": [ [ 24.879264, 36.06202 ], [ 24.879464, 36.06272 ] ] } },
{ "type": "Feature", "properties": { "TLID": 184645115, "FEDIRP": "N", "FENAME": "Anntigonou", "FETYPE": "St", "FEDIRS": null, "FRADDL": 3300.0, "TOADDL": 3398.0, "FRADDR": 3301.0, "TOADDR": 3399.0 }, "geometry": { "type": "LineString", "coordinates": [ [ 24.880964, 36.06272 ], [ 24.879464, 36.06272 ] ] } },
{ "type": "Feature", "properties": { "TLID": 184645116, "FEDIRP": "N", "FENAME": "Androutsou", "FETYPE": "St", "FEDIRS": null, "FRADDL": 3300.0, "TOADDL": 3398.0, "FRADDR": 3301.0, "TOADDR": 3399.0 }, "geometry": { "type": "LineString", "coordinates": [ [ 24.880964, 36.06202 ], [ 24.879264, 36.06202 ] ] } },
{ "type": "Feature", "properties": { "TLID": 184645117, "FEDIRP": "N", "FENAME": "Utanfor", "FETYPE": "St", "FEDIRS": null, "FRADDL": 1900.0, "TOADDL": 2098.0, "FRADDR": 1901.0, "TOADDR": 2099.0 }, "geometry": { "type": "LineString", "coordinates": [ [ 24.879264, 36.06122 ], [ 24.879264, 36.06202 ] ] } },
{ "type": "Feature", "properties": { "TLID": 184645118, "FEDIRP": "N", "FENAME": "Mattadou", "FETYPE": "St", "FEDIRS": null, "FRADDL": 2400.0, "TOADDL": 2498.0, "FRADDR": 2401.0, "TOADDR": 2499.0 }, "geometry": { "type": "LineString", "coordinates": [ [ 24.880964, 36.06362 ], [ 24.880964, 36.06452 ] ] } },
{ "type": "Feature", "properties": { "TLID": 184645119, "FEDIRP": "N", "FENAME": "Mattadou", "FETYPE": "St", "FEDIRS": null, "FRADDL": 2200.0, "TOADDL": 2398.0, "FRADDR": 2201.0, "TOADDR": 2399.0 }, "geometry": { "type": "LineString", "coordinates": [ [ 24.880964, 36.06272 ], [ 24.880964, 36.06362 ] ] } },
{ "type": "Feature", "properties": { "TLID": 184645120, "FEDIRP": "N", "FENAME": "Antoniadou", "FETYPE": "St", "FEDIRS": null, "FRADDL": 3200.0, "TOADDL": 3298.0, "FRADDR": 3201.0, "TOADDR": 3299.0 }, "geometry": { "type": "LineString", "coordinates": [ [ 24.882564, 36.06362 ], [ 24.880964, 36.06362 ] ] } },
{ "type": "Feature", "properties": { "TLID": 184645121, "FEDIRP": "N", "FENAME": "Mattadou", "FETYPE": "St", "FEDIRS": null, "FRADDL": 2100.0, "TOADDL": 2198.0, "FRADDR": 2101.0, "TOADDR": 2199.0 }, "geometry": { "type": "LineString", "coordinates": [ [ 24.880964, 36.06202 ], [ 24.880964, 36.06272 ] ] } },
{ "type": "Feature", "properties": { "TLID": 184645122, "FEDIRP": "N", "FENAME": "Anntigonou", "FETYPE": "St", "FEDIRS": null, "FRADDL": 3200.0, "TOADDL": 3298.0, "FRADDR": 3201.0, "TOADDR": 3299.0 }, "geometry": { "type": "LineString", "coordinates": [ [ 24.881564, 36.06272 ], [ 24.880964, 36.06272 ] ] } },
{ "type": "Feature", "properties": { "TLID": 184645123, "FEDIRP": "N", "FENAME": "Mattadou", "FETYPE": "St", "FEDIRS": null, "FRADDL": 2000.0, "TOADDL": 2098.0, "FRADDR": 2001.0, "TOADDR": 2099.0 }, "geometry": { "type": "LineString", "coordinates": [ [ 24.880864, 36.06152 ], [ 24.880964, 36.06202 ] ] } },
{ "type": "Feature", "properties": { "TLID": 184645124, "FEDIRP": "N", "FENAME": "Utanfor", "FETYPE": "St", "FEDIRS": null, "FRADDL": 1800.0, "TOADDL": 1898.0, "FRADDR": 1801.0, "TOADDR": 1899.0 }, "geometry": { "type": "LineString", "coordinates": [ [ 24.879264, 36.06032 ], [ 24.879264, 36.06122 ] ] } },
{ "type": "Feature", "properties": { "TLID": 184645125, "FEDIRP": "N", "FENAME": "Amfitris", "FETYPE": "St", "FEDIRS": null, "FRADDL": 3300.0, "TOADDL": 3398.0, "FRADDR": 3301.0, "TOADDR": 3399.0 }, "geometry": { "type": "LineString", "coordinates": [ [ 24.880764, 36.06122 ], [ 24.879264, 36.06122 ] ] } },
{ "type": "Feature", "properties": { "TLID": 184645126, "FEDIRP": "N", "FENAME": "Alm", "FETYPE": "St", "FEDIRS": null, "FRADDL": 3300.0, "TOADDL": 3398.0, "FRADDR": 3301.0, "TOADDR": 3399.0 }, "geometry": { "type": "LineString", "coordinates": [ [ 24.880765, 36.06032 ], [ 24.879264, 36.06032 ] ] } },
{ "type": "Feature", "properties": { "TLID": 184645127, "FEDIRP": "N", "FENAME": "Mattadou", "FETYPE": "St", "FEDIRS": null, "FRADDL": 1844.0, "TOADDL": 1898.0, "FRADDR": 1901.0, "TOADDR": 1945.0 }, "geometry": { "type": "LineString", "coordinates": [ [ 24.880726, 36.060688 ], [ 24.880764, 36.06122 ] ] } },
{ "type": "Feature", "properties": { "TLID": 184645128, "FEDIRP": "N", "FENAME": "Mattadou", "FETYPE": "St", "FEDIRS": null, "FRADDL": 1900.0, "TOADDL": 1998.0, "FRADDR": 1947.0, "TOADDR": 1999.0 }, "geometry": { "type": "LineString", "coordinates": [ [ 24.880764, 36.06122 ], [ 24.880864, 36.06152 ] ] } },
{ "type": "Feature", "properties": { "TLID": 184645129, "FEDIRP": "N", "FENAME": "Amisou", "FETYPE": "St", "FEDIRS": null, "FRADDL": 3200.0, "TOADDL": 3298.0, "FRADDR": 3201.0, "TOADDR": 3299.0 }, "geometry": { "type": "LineString", "coordinates": [ [ 24.882489, 36.061526 ], [ 24.880864, 36.06152 ] ] } },
{ "type": "Feature", "properties": { "TLID": 184645130, "FEDIRP": "N", "FENAME": "Mattadou", "FETYPE": "St", "FEDIRS": null, "FRADDL": 1800.0, "TOADDL": 1842.0, "FRADDR": 1801.0, "TOADDR": 1899.0 }, "geometry": { "type": "LineString", "coordinates": [ [ 24.880765, 36.06032 ], [ 24.880726, 36.060688 ] ] } },
{ "type": "Feature", "properties": { "TLID": 184645131, "FEDIRP": "N", "FENAME": "Amfitris", "FETYPE": "St", "FEDIRS": null, "FRADDL": 3200.0, "TOADDL": 3298.0, "FRADDR": 3201.0, "TOADDR": 3299.0 }, "geometry": { "type": "LineString", "coordinates": [ [ 24.882465, 36.06062 ], [ 24.880726, 36.060688 ] ] } },
{ "type": "Feature", "properties": { "TLID": 184645132, "FEDIRP": "N", "FENAME": "Mattadou", "FETYPE": "St", "FEDIRS": null, "FRADDL": 1290.0, "TOADDL": 1798.0, "FRADDR": 1701.0, "TOADDR": 1799.0 }, "geometry": { "type": "LineString", "coordinates": [ [ 24.880865, 36.05992 ], [ 24.880765, 36.06032 ] ] } },
{ "type": "Feature", "properties": { "TLID": 184645133, "FEDIRP": "N", "FENAME": "Mattadou", "FETYPE": "St", "FEDIRS": null, "FRADDL": 1278.0, "TOADDL": 1288.0, "FRADDR": 1601.0, "TOADDR": 1699.0 }, "geometry": { "type": "LineString", "coordinates": [ [ 24.880865, 36.05942 ], [ 24.880865, 36.05992 ] ] } },
{ "type": "Feature", "properties": { "TLID": 184645134, "FEDIRP": "N", "FENAME": "Alfiou", "FETYPE": "St", "FEDIRS": null, "FRADDL": 3200.0, "TOADDL": 3298.0, "FRADDR": 3201.0, "TOADDR": 3299.0 }, "geometry": { "type": "LineString", "coordinates": [ [ 24.882426, 36.059948 ], [ 24.880865, 36.05992 ] ] } },
{ "type": "Feature", "properties": { "TLID": 184645135, "FEDIRP": "N", "FENAME": "Mattadou", "FETYPE": "St", "FEDIRS": null, "FRADDL": 1256.0, "TOADDL": 1276.0, "FRADDR": 1501.0, "TOADDR": 1599.0 }, "geometry": { "type": "LineString", "coordinates": [ [ 24.880865, 36.05852 ], [ 24.880865, 36.05942 ] ] } },
{ "type": "Feature", "properties": { "TLID": 184645137, "FEDIRP": "N", "FENAME": "Taxiarchon", "FETYPE": "Ave", "FEDIRS": null, "FRADDL": 1400.0, "TOADDL": 1498.0, "FRADDR": 1449.0, "TOADDR": 1563.0 }, "geometry": { "type": "LineString", "coordinates": [ [ 24.876149, 36.057517 ], [ 24.876164, 36.05852 ] ] } },
{ "type": "Feature", "properties": { "TLID": 184645138, "FEDIRP": "N", "FENAME": "Taxiarchon", "FETYPE": "Ave", "FEDIRS": null, "FRADDL": 1300.0, "TOADDL": 1398.0, "FRADDR": 1333.0, "TOADDR": 1447.0 }, "geometry": { "type": "LineString", "coordinates": [ [ 24.876164, 36.05662 ], [ 24.876149, 36.057517 ] ] } },
{ "type": "Feature", "properties": { "TLID": 184645139, "FEDIRP": "N", "FENAME": "Taxiarchon", "FETYPE": "Ave", "FEDIRS": null, "FRADDL": 1200.0, "TOADDL": 1298.0, "FRADDR": 1217.0, "TOADDR": 1331.0 }, "geometry": { "type": "LineString", "coordinates": [ [ 24.87616, 36.055704 ], [ 24.876164, 36.05662 ] ] } },
{ "type": "Feature", "properties": { "TLID": 184645140, "FEDIRP": "N", "FENAME": "Taxiarchon", "FETYPE": "Ave", "FEDIRS": null, "FRADDL": 1100.0, "TOADDL": 1198.0, "FRADDR": 1101.0, "TOADDR": 1215.0 }, "geometry": { "type": "LineString", "coordinates": [ [ 24.876165, 36.05472 ], [ 24.87616, 36.055704 ] ] } },
{ "type": "Feature", "properties": { "TLID": 184645141, "FEDIRP": "N", "FENAME": "Taxiarchon", "FETYPE": "Ave", "FEDIRS": null, "FRADDL": 1000.0, "TOADDL": 1098.0, "FRADDR": 1001.0, "TOADDR": 1099.0 }, "geometry": { "type": "LineString", "coordinates": [ [ 24.876165, 36.05382 ], [ 24.876165, 36.05472 ] ] } },
{ "type": "Feature", "properties": { "TLID": 184645142, "FEDIRP": null, "FENAME": null, "FETYPE": null, "FEDIRS": null, "FRADDL": null, "TOADDL": null, "FRADDR": null, "TOADDR": null }, "geometry": { "type": "LineString", "coordinates": [ [ 24.875912, 36.053025 ], [ 24.876165, 36.05382 ] ] } },
{ "type": "Feature", "properties": { "TLID": 184645144, "FEDIRP": "N", "FENAME": "Ermou", "FETYPE": "St", "FEDIRS": null, "FRADDL": 3649.0, "TOADDL": 3601.0, "FRADDR": 3698.0, "TOADDR": 3600.0 }, "geometry": { "type": "LineString", "coordinates": [ [ 24.875165, 36.05282 ], [ 24.875912, 36.053025 ] ] } },
{ "type": "Feature", "properties": { "TLID": 184645145, "FEDIRP": "N", "FENAME": "Ermou", "FETYPE": "St", "FEDIRS": null, "FRADDL": 3599.0, "TOADDL": 3501.0, "FRADDR": 3598.0, "TOADDR": 3518.0 }, "geometry": { "type": "LineString", "coordinates": [ [ 24.875912, 36.053025 ], [ 24.876465, 36.05282 ] ] } },
{ "type": "Feature", "properties": { "TLID": 184645146, "FEDIRP": "N", "FENAME": "Taxiarchon", "FETYPE": "Ave", "FEDIRS": null, "FRADDL": 800.0, "TOADDL": 898.0, "FRADDR": 801.0, "TOADDR": 809.0 }, "geometry": { "type": "LineString", "coordinates": [ [ 24.876565, 36.05192 ], [ 24.876465, 36.05282 ] ] } },
{ "type": "Feature", "properties": { "TLID": 184645147, "FEDIRP": "N", "FENAME": "Profitou Ilia", "FETYPE": "Ave", "FEDIRS": null, "FRADDL": 800.0, "TOADDL": 898.0, "FRADDR": 801.0, "TOADDR": 899.0 }, "geometry": { "type": "LineString", "coordinates": [ [ 24.878065, 36.05192 ], [ 24.878065, 36.05242 ] ] } },
{ "type": "Feature", "properties": { "TLID": 184645148, "FEDIRP": "N", "FENAME": "Ermou", "FETYPE": "St", "FEDIRS": null, "FRADDL": 3400.0, "TOADDL": 3448.0, "FRADDR": 3401.0, "TOADDR": 3449.0 }, "geometry": { "type": "LineString", "coordinates": [ [ 24.879565, 36.05272 ], [ 24.878765, 36.05282 ] ] } },
{ "type": "Feature", "properties": { "TLID": 184645149, "FEDIRP": "N", "FENAME": "Mattadou", "FETYPE": "St", "FEDIRS": null, "FRADDL": 1234.0, "TOADDL": 1254.0, "FRADDR": 1401.0, "TOADDR": 1499.0 }, "geometry": { "type": "LineString", "coordinates": [ [ 24.880765, 36.05752 ], [ 24.880865, 36.05852 ] ] } },
{ "type": "Feature", "properties": { "TLID": 184645150, "FEDIRP": "N", "FENAME": "Alamanas", "FETYPE": "St", "FEDIRS": null, "FRADDL": 3200.0, "TOADDL": 3298.0, "FRADDR": 3201.0, "TOADDR": 3299.0 }, "geometry": { "type": "LineString", "coordinates": [ [ 24.882465, 36.05852 ], [ 24.880865, 36.05852 ] ] } },
{ "type": "Feature", "properties": { "TLID": 184645151, "FEDIRP": "N", "FENAME": "Mattadou", "FETYPE": "St", "FEDIRS": null, "FRADDL": 1216.0, "TOADDL": 1232.0, "FRADDR": 1301.0, "TOADDR": 1399.0 }, "geometry": { "type": "LineString", "coordinates": [ [ 24.880765, 36.05662 ], [ 24.880765, 36.05752 ] ] } },
{ "type": "Feature", "properties": { "TLID": 184645153, "FEDIRP": "N", "FENAME": "Mattadou", "FETYPE": "St", "FEDIRS": null, "FRADDL": 1100.0, "TOADDL": 1214.0, "FRADDR": 1101.0, "TOADDR": 1299.0 }, "geometry": { "type": "LineString", "coordinates": [ [ 24.880865, 36.05482 ], [ 24.880765, 36.05662 ] ] } },
{ "type": "Feature", "properties": { "TLID": 184645154, "FEDIRP": "N", "FENAME": "Agiasou", "FETYPE": "St", "FEDIRS": null, "FRADDL": 3200.0, "TOADDL": 3298.0, "FRADDR": 3201.0, "TOADDR": 3299.0 }, "geometry": { "type": "LineString", "coordinates": [ [ 24.882465, 36.056621 ], [ 24.880765, 36.05662 ] ] } },
{ "type": "Feature", "properties": { "TLID": 184645155, "FEDIRP": "N", "FENAME": "Agentes", "FETYPE": "St", "FEDIRS": null, "FRADDL": 3200.0, "TOADDL": 3298.0, "FRADDR": 3201.0, "TOADDR": 3299.0 }, "geometry": { "type": "LineString", "coordinates": [ [ 24.882465, 36.055721 ], [ 24.881665, 36.05572 ] ] } },
{ "type": "Feature", "properties": { "TLID": 184645161, "FEDIRP": "N", "FENAME": "Ermou", "FETYPE": "St", "FEDIRS": null, "FRADDL": 3314.0, "TOADDL": 3398.0, "FRADDR": 3301.0, "TOADDR": 3399.0 }, "geometry": { "type": "LineString", "coordinates": [ [ 24.880765, 36.052721 ], [ 24.879565, 36.05272 ] ] } },
{ "type": "Feature", "properties": { "TLID": 184645162, "FEDIRP": "N", "FENAME": "Utanfor", "FETYPE": "St", "FEDIRS": null, "FRADDL": 800.0, "TOADDL": 898.0, "FRADDR": 801.0, "TOADDR": 899.0 }, "geometry": { "type": "LineString", "coordinates": [ [ 24.879565, 36.05192 ], [ 24.879565, 36.05272 ] ] } },
{ "type": "Feature", "properties": { "TLID": 184645163, "FEDIRP": "N", "FENAME": "Mattadou", "FETYPE": "St", "FEDIRS": null, "FRADDL": 1000.0, "TOADDL": 1098.0, "FRADDR": 1001.0, "TOADDR": 1099.0 }, "geometry": { "type": "LineString", "coordinates": [ [ 24.880865, 36.05382 ], [ 24.880865, 36.05482 ] ] } },
{ "type": "Feature", "properties": { "TLID": 184645164, "FEDIRP": "N", "FENAME": "Achilleos", "FETYPE": "St", "FEDIRS": null, "FRADDL": 3200.0, "TOADDL": 3298.0, "FRADDR": 3201.0, "TOADDR": 3299.0 }, "geometry": { "type": "LineString", "coordinates": [ [ 24.882465, 36.054721 ], [ 24.880865, 36.05482 ] ] } },
{ "type": "Feature", "properties": { "TLID": 184645165, "FEDIRP": "N", "FENAME": "Mattadou", "FETYPE": "St", "FEDIRS": null, "FRADDL": 900.0, "TOADDL": 998.0, "FRADDR": 901.0, "TOADDR": 999.0 }, "geometry": { "type": "LineString", "coordinates": [ [ 24.880765, 36.052721 ], [ 24.880865, 36.05382 ] ] } },
{ "type": "Feature", "properties": { "TLID": 184645166, "FEDIRP": "N", "FENAME": "Acera", "FETYPE": "St", "FEDIRS": null, "FRADDL": 3200.0, "TOADDL": 3298.0, "FRADDR": 3201.0, "TOADDR": 3299.0 }, "geometry": { "type": "LineString", "coordinates": [ [ 24.881765, 36.053821 ], [ 24.880865, 36.05382 ] ] } },
{ "type": "Feature", "properties": { "TLID": 184645167, "FEDIRP": "N", "FENAME": "Ermou", "FETYPE": "St", "FEDIRS": null, "FRADDL": 3300.0, "TOADDL": 3312.0, "FRADDR": 3251.0, "TOADDR": 3299.0 }, "geometry": { "type": "LineString", "coordinates": [ [ 24.881165, 36.052721 ], [ 24.880765, 36.052721 ] ] } },
{ "type": "Feature", "properties": { "TLID": 184645168, "FEDIRP": "N", "FENAME": "Mattadou", "FETYPE": "St", "FEDIRS": null, "FRADDL": 800.0, "TOADDL": 898.0, "FRADDR": 801.0, "TOADDR": 899.0 }, "geometry": { "type": "LineString", "coordinates": [ [ 24.880965, 36.051921 ], [ 24.881165, 36.052721 ] ] } },
{ "type": "Feature", "properties": { "TLID": 184645169, "FEDIRP": "N", "FENAME": "Arbete", "FETYPE": "St", "FEDIRS": null, "FRADDL": 3200.0, "TOADDL": 3298.0, "FRADDR": 3201.0, "TOADDR": 3299.0 }, "geometry": { "type": "LineString", "coordinates": [ [ 24.882537, 36.064535 ], [ 24.880964, 36.06452 ] ] } },
{ "type": "Feature", "properties": { "TLID": 184645170, "FEDIRP": "N", "FENAME": "Evzonon", "FETYPE": "St", "FEDIRS": null, "FRADDL": 2400.0, "TOADDL": 2498.0, "FRADDR": 2401.0, "TOADDR": 2499.0 }, "geometry": { "type": "LineString", "coordinates": [ [ 24.882564, 36.06362 ], [ 24.882537, 36.064535 ] ] } },
{ "type": "Feature", "properties": { "TLID": 184645171, "FEDIRP": "N", "FENAME": "Arbete", "FETYPE": "St", "FEDIRS": null, "FRADDL": 3100.0, "TOADDL": 3198.0, "FRADDR": 3101.0, "TOADDR": 3199.0 }, "geometry": { "type": "LineString", "coordinates": [ [ 24.884203, 36.064515 ], [ 24.882537, 36.064535 ] ] } },
{ "type": "Feature", "properties": { "TLID": 184645172, "FEDIRP": "N", "FENAME": "Evzonon", "FETYPE": "St", "FEDIRS": null, "FRADDL": 2250.0, "TOADDL": 2398.0, "FRADDR": 2201.0, "TOADDR": 2399.0 }, "geometry": { "type": "LineString", "coordinates": [ [ 24.88257, 36.06283 ], [ 24.882564, 36.06362 ] ] } },
{ "type": "Feature", "properties": { "TLID": 184645173, "FEDIRP": "N", "FENAME": "Antoniadou", "FETYPE": "St", "FEDIRS": null, "FRADDL": 3100.0, "TOADDL": 3198.0, "FRADDR": 3101.0, "TOADDR": 3199.0 }, "geometry": { "type": "LineString", "coordinates": [ [ 24.884165, 36.06362 ], [ 24.882564, 36.06362 ] ] } },
{ "type": "Feature", "properties": { "TLID": 184645174, "FEDIRP": "N", "FENAME": "Evzonon", "FETYPE": "St", "FEDIRS": null, "FRADDL": 2100.0, "TOADDL": 2248.0, "FRADDR": 2101.0, "TOADDR": 2199.0 }, "geometry": { "type": "LineString", "coordinates": [ [ 24.882565, 36.06222 ], [ 24.88257, 36.06283 ] ] } },
{ "type": "Feature", "properties": { "TLID": 184645175, "FEDIRP": "N", "FENAME": "Anntigonou", "FETYPE": "St", "FEDIRS": null, "FRADDL": 3100.0, "TOADDL": 3198.0, "FRADDR": 3101.0, "TOADDR": 3199.0 }, "geometry": { "type": "LineString", "coordinates": [ [ 24.884165, 36.06282 ], [ 24.88257, 36.06283 ] ] } },
{ "type": "Feature", "properties": { "TLID": 184645176, "FEDIRP": "N", "FENAME": "Androutsou", "FETYPE": "St", "FEDIRS": null, "FRADDL": 3200.0, "TOADDL": 3298.0, "FRADDR": 3201.0, "TOADDR": 3299.0 }, "geometry": { "type": "LineString", "coordinates": [ [ 24.882565, 36.06222 ], [ 24.880964, 36.06202 ] ] } },
{ "type": "Feature", "properties": { "TLID": 184645177, "FEDIRP": "N", "FENAME": "Androutsou", "FETYPE": "St", "FEDIRS": null, "FRADDL": 3100.0, "TOADDL": 3198.0, "FRADDR": 3101.0, "TOADDR": 3199.0 }, "geometry": { "type": "LineString", "coordinates": [ [ 24.884097, 36.062197 ], [ 24.882565, 36.06222 ] ] } },
{ "type": "Feature", "properties": { "TLID": 184645178, "FEDIRP": "N", "FENAME": "Evzonon", "FETYPE": "St", "FEDIRS": null, "FRADDL": 2000.0, "TOADDL": 2098.0, "FRADDR": 2001.0, "TOADDR": 2099.0 }, "geometry": { "type": "LineString", "coordinates": [ [ 24.882489, 36.061526 ], [ 24.882565, 36.06222 ] ] } },
{ "type": "Feature", "properties": { "TLID": 184645179, "FEDIRP": "N", "FENAME": "Gounaraki", "FETYPE": "St", "FEDIRS": null, "FRADDL": 2400.0, "TOADDL": 2498.0, "FRADDR": 2401.0, "TOADDR": 2499.0 }, "geometry": { "type": "LineString", "coordinates": [ [ 24.884165, 36.06362 ], [ 24.884203, 36.064515 ] ] } },
{ "type": "Feature", "properties": { "TLID": 184645180, "FEDIRP": "N", "FENAME": "Arbete", "FETYPE": "St", "FEDIRS": null, "FRADDL": 3000.0, "TOADDL": 3098.0, "FRADDR": 3001.0, "TOADDR": 3099.0 }, "geometry": { "type": "LineString", "coordinates": [ [ 24.885854, 36.064575 ], [ 24.884203, 36.064515 ] ] } },
{ "type": "Feature", "properties": { "TLID": 184645181, "FEDIRP": "N", "FENAME": "Gounaraki", "FETYPE": "St", "FEDIRS": null, "FRADDL": 2200.0, "TOADDL": 2398.0, "FRADDR": 2201.0, "TOADDR": 2399.0 }, "geometry": { "type": "LineString", "coordinates": [ [ 24.884165, 36.06282 ], [ 24.884165, 36.06362 ] ] } },
{ "type": "Feature", "properties": { "TLID": 184645182, "FEDIRP": "N", "FENAME": "Antoniadou", "FETYPE": "St", "FEDIRS": null, "FRADDL": 3000.0, "TOADDL": 3098.0, "FRADDR": 3001.0, "TOADDR": 3099.0 }, "geometry": { "type": "LineString", "coordinates": [ [ 24.885865, 36.063621 ], [ 24.884165, 36.06362 ] ] } },
{ "type": "Feature", "properties": { "TLID": 184645183, "FEDIRP": "N", "FENAME": "Gounaraki", "FETYPE": "St", "FEDIRS": null, "FRADDL": 2100.0, "TOADDL": 2198.0, "FRADDR": 2101.0, "TOADDR": 2199.0 }, "geometry": { "type": "LineString", "coordinates": [ [ 24.884097, 36.062197 ], [ 24.884165, 36.06282 ] ] } },
{ "type": "Feature", "properties": { "TLID": 184645184, "FEDIRP": "N", "FENAME": "Anntigonou", "FETYPE": "St", "FEDIRS": null, "FRADDL": 3000.0, "TOADDL": 3098.0, "FRADDR": 3001.0, "TOADDR": 3099.0 }, "geometry": { "type": "LineString", "coordinates": [ [ 24.885865, 36.062821 ], [ 24.884165, 36.06282 ] ] } },
{ "type": "Feature", "properties": { "TLID": 184645185, "FEDIRP": "N", "FENAME": "Gounaraki", "FETYPE": "St", "FEDIRS": null, "FRADDL": 2000.0, "TOADDL": 2098.0, "FRADDR": 2001.0, "TOADDR": 2099.0 }, "geometry": { "type": "LineString", "coordinates": [ [ 24.883965, 36.06152 ], [ 24.884097, 36.062197 ] ] } },
{ "type": "Feature", "properties": { "TLID": 184645186, "FEDIRP": "N", "FENAME": "Evzonon", "FETYPE": "St", "FEDIRS": null, "FRADDL": 1900.0, "TOADDL": 1998.0, "FRADDR": 1901.0, "TOADDR": 1999.0 }, "geometry": { "type": "LineString", "coordinates": [ [ 24.882465, 36.06062 ], [ 24.882489, 36.061526 ] ] } },
{ "type": "Feature", "properties": { "TLID": 184645187, "FEDIRP": "N", "FENAME": "Amisou", "FETYPE": "St", "FEDIRS": null, "FRADDL": 3100.0, "TOADDL": 3198.0, "FRADDR": 3101.0, "TOADDR": 3199.0 }, "geometry": { "type": "LineString", "coordinates": [ [ 24.883965, 36.06152 ], [ 24.882489, 36.061526 ] ] } },
{ "type": "Feature", "properties": { "TLID": 184645188, "FEDIRP": "N", "FENAME": "Evzonon", "FETYPE": "St", "FEDIRS": null, "FRADDL": 1700.0, "TOADDL": 1898.0, "FRADDR": 1701.0, "TOADDR": 1899.0 }, "geometry": { "type": "LineString", "coordinates": [ [ 24.882426, 36.059948 ], [ 24.882465, 36.06062 ] ] } },
{ "type": "Feature", "properties": { "TLID": 184645189, "FEDIRP": "N", "FENAME": "Evzonon", "FETYPE": "St", "FEDIRS": null, "FRADDL": 1600.0, "TOADDL": 1698.0, "FRADDR": 1601.0, "TOADDR": 1699.0 }, "geometry": { "type": "LineString", "coordinates": [ [ 24.882465, 36.05942 ], [ 24.882426, 36.059948 ] ] } },
{ "type": "Feature", "properties": { "TLID": 184645190, "FEDIRP": "N", "FENAME": "Alexandrias", "FETYPE": "St", "FEDIRS": null, "FRADDL": 3100.0, "TOADDL": 3198.0, "FRADDR": 3101.0, "TOADDR": 3199.0 }, "geometry": { "type": "LineString", "coordinates": [ [ 24.883965, 36.059421 ], [ 24.882465, 36.05942 ] ] } },
{ "type": "Feature", "properties": { "TLID": 184645191, "FEDIRP": "N", "FENAME": "Evzonon", "FETYPE": "St", "FEDIRS": null, "FRADDL": 1500.0, "TOADDL": 1598.0, "FRADDR": 1501.0, "TOADDR": 1599.0 }, "geometry": { "type": "LineString", "coordinates": [ [ 24.882465, 36.05852 ], [ 24.882465, 36.05942 ] ] } },
{ "type": "Feature", "properties": { "TLID": 184645192, "FEDIRP": "N", "FENAME": "Gounaraki", "FETYPE": "St", "FEDIRS": null, "FRADDL": 1900.0, "TOADDL": 1998.0, "FRADDR": 1901.0, "TOADDR": 1999.0 }, "geometry": { "type": "LineString", "coordinates": [ [ 24.883965, 36.060721 ], [ 24.883965, 36.06152 ] ] } },
{ "type": "Feature", "properties": { "TLID": 184645193, "FEDIRP": "N", "FENAME": "Amisou", "FETYPE": "St", "FEDIRS": null, "FRADDL": 3000.0, "TOADDL": 3098.0, "FRADDR": 3001.0, "TOADDR": 3099.0 }, "geometry": { "type": "LineString", "coordinates": [ [ 24.885565, 36.061521 ], [ 24.883965, 36.06152 ] ] } },
{ "type": "Feature", "properties": { "TLID": 184645194, "FEDIRP": "N", "FENAME": "Amfitris", "FETYPE": "St", "FEDIRS": null, "FRADDL": 3100.0, "TOADDL": 3198.0, "FRADDR": 3101.0, "TOADDR": 3199.0 }, "geometry": { "type": "LineString", "coordinates": [ [ 24.883965, 36.060721 ], [ 24.882465, 36.06062 ] ] } },
{ "type": "Feature", "properties": { "TLID": 184645195, "FEDIRP": "N", "FENAME": "Gounaraki", "FETYPE": "St", "FEDIRS": null, "FRADDL": 1700.0, "TOADDL": 1898.0, "FRADDR": 1701.0, "TOADDR": 1899.0 }, "geometry": { "type": "LineString", "coordinates": [ [ 24.883965, 36.060021 ], [ 24.883965, 36.060721 ] ] } },
{ "type": "Feature", "properties": { "TLID": 184645196, "FEDIRP": "N", "FENAME": "Amfitris", "FETYPE": "St", "FEDIRS": null, "FRADDL": 3000.0, "TOADDL": 3098.0, "FRADDR": 3001.0, "TOADDR": 3099.0 }, "geometry": { "type": "LineString", "coordinates": [ [ 24.885565, 36.060721 ], [ 24.883965, 36.060721 ] ] } },
{ "type": "Feature", "properties": { "TLID": 184645197, "FEDIRP": "N", "FENAME": "Alfiou", "FETYPE": "St", "FEDIRS": null, "FRADDL": 3100.0, "TOADDL": 3198.0, "FRADDR": 3101.0, "TOADDR": 3199.0 }, "geometry": { "type": "LineString", "coordinates": [ [ 24.883965, 36.060021 ], [ 24.882426, 36.059948 ] ] } },
{ "type": "Feature", "properties": { "TLID": 184645198, "FEDIRP": "N", "FENAME": "Gounaraki", "FETYPE": "St", "FEDIRS": null, "FRADDL": 1600.0, "TOADDL": 1698.0, "FRADDR": 1601.0, "TOADDR": 1699.0 }, "geometry": { "type": "LineString", "coordinates": [ [ 24.883965, 36.059421 ], [ 24.883965, 36.060021 ] ] } },
{ "type": "Feature", "properties": { "TLID": 184645199, "FEDIRP": "N", "FENAME": "Alfiou", "FETYPE": "St", "FEDIRS": null, "FRADDL": 3000.0, "TOADDL": 3098.0, "FRADDR": 3001.0, "TOADDR": 3099.0 }, "geometry": { "type": "LineString", "coordinates": [ [ 24.884865, 36.059921 ], [ 24.883965, 36.060021 ] ] } },
{ "type": "Feature", "properties": { "TLID": 184645200, "FEDIRP": "N", "FENAME": "Alexandrias", "FETYPE": "St", "FEDIRS": null, "FRADDL": 3000.0, "TOADDL": 3098.0, "FRADDR": 2901.0, "TOADDR": 3099.0 }, "geometry": { "type": "LineString", "coordinates": [ [ 24.884865, 36.059421 ], [ 24.883965, 36.059421 ] ] } },
{ "type": "Feature", "properties": { "TLID": 184645201, "FEDIRP": "N", "FENAME": "Gounaraki", "FETYPE": "St", "FEDIRS": null, "FRADDL": 1500.0, "TOADDL": 1598.0, "FRADDR": 1501.0, "TOADDR": 1599.0 }, "geometry": { "type": "LineString", "coordinates": [ [ 24.883965, 36.058521 ], [ 24.883965, 36.059421 ] ] } },
{ "type": "Feature", "properties": { "TLID": 184645202, "FEDIRP": "N", "FENAME": "Lumen", "FETYPE": "St", "FEDIRS": null, "FRADDL": 2400.0, "TOADDL": 2498.0, "FRADDR": 2401.0, "TOADDR": 2499.0 }, "geometry": { "type": "LineString", "coordinates": [ [ 24.885865, 36.063621 ], [ 24.885854, 36.064575 ] ] } },
{ "type": "Feature", "properties": { "TLID": 184645203, "FEDIRP": "N", "FENAME": "Lumen", "FETYPE": "St", "FEDIRS": null, "FRADDL": 2200.0, "TOADDL": 2398.0, "FRADDR": 2201.0, "TOADDR": 2399.0 }, "geometry": { "type": "LineString", "coordinates": [ [ 24.885865, 36.062821 ], [ 24.885865, 36.063621 ] ] } },
{ "type": "Feature", "properties": { "TLID": 184645204, "FEDIRP": "N", "FENAME": "Antoniadou", "FETYPE": "St", "FEDIRS": null, "FRADDL": 2900.0, "TOADDL": 2998.0, "FRADDR": 2901.0, "TOADDR": 2999.0 }, "geometry": { "type": "LineString", "coordinates": [ [ 24.886965, 36.063621 ], [ 24.885865, 36.063621 ] ] } },
{ "type": "Feature", "properties": { "TLID": 184645205, "FEDIRP": "N", "FENAME": "Lumen", "FETYPE": "St", "FEDIRS": null, "FRADDL": 2100.0, "TOADDL": 2198.0, "FRADDR": 2101.0, "TOADDR": 2199.0 }, "geometry": { "type": "LineString", "coordinates": [ [ 24.88566, 36.062154 ], [ 24.885865, 36.062821 ] ] } },
{ "type": "Feature", "properties": { "TLID": 184645206, "FEDIRP": "N", "FENAME": "Anntigonou", "FETYPE": "St", "FEDIRS": null, "FRADDL": 2900.0, "TOADDL": 2998.0, "FRADDR": 2901.0, "TOADDR": 2999.0 }, "geometry": { "type": "LineString", "coordinates": [ [ 24.886864, 36.062812 ], [ 24.885865, 36.062821 ] ] } },
{ "type": "Feature", "properties": { "TLID": 184645207, "FEDIRP": "N", "FENAME": "Androutsou", "FETYPE": "St", "FEDIRS": null, "FRADDL": 3000.0, "TOADDL": 3098.0, "FRADDR": 3001.0, "TOADDR": 3099.0 }, "geometry": { "type": "LineString", "coordinates": [ [ 24.88566, 36.062154 ], [ 24.884097, 36.062197 ] ] } },
{ "type": "Feature", "properties": { "TLID": 184645208, "FEDIRP": "N", "FENAME": "Androutsou", "FETYPE": "St", "FEDIRS": null, "FRADDL": 2900.0, "TOADDL": 2998.0, "FRADDR": 2901.0, "TOADDR": 2999.0 }, "geometry": { "type": "LineString", "coordinates": [ [ 24.886873, 36.06213 ], [ 24.88566, 36.062154 ] ] } },
{ "type": "Feature", "properties": { "TLID": 184645209, "FEDIRP": "N", "FENAME": "Lumen", "FETYPE": "St", "FEDIRS": null, "FRADDL": 2000.0, "TOADDL": 2098.0, "FRADDR": 2001.0, "TOADDR": 2099.0 }, "geometry": { "type": "LineString", "coordinates": [ [ 24.885565, 36.061521 ], [ 24.88566, 36.062154 ] ] } },
{ "type": "Feature", "properties": { "TLID": 184645210, "FEDIRP": "N", "FENAME": "Arbete", "FETYPE": "St", "FEDIRS": null, "FRADDL": 2900.0, "TOADDL": 2998.0, "FRADDR": 2901.0, "TOADDR": 2999.0 }, "geometry": { "type": "LineString", "coordinates": [ [ 24.886865, 36.064621 ], [ 24.885854, 36.064575 ] ] } },
{ "type": "Feature", "properties": { "TLID": 184645211, "FEDIRP": null, "FENAME": "Redestou", "FETYPE": "St", "FEDIRS": null, "FRADDL": 2427.0, "TOADDL": 2499.0, "FRADDR": 2426.0, "TOADDR": 2498.0 }, "geometry": { "type": "LineString", "coordinates": [ [ 24.886965, 36.063921 ], [ 24.886865, 36.064621 ] ] } },
{ "type": "Feature", "properties": { "TLID": 184645212, "FEDIRP": "N", "FENAME": "Redestou", "FETYPE": "St", "FEDIRS": null, "FRADDL": 2.0, "TOADDL": 98.0, "FRADDR": 1.0, "TOADDR": 99.0 }, "geometry": { "type": "LineString", "coordinates": [ [ 24.887565, 36.064521 ], [ 24.886965, 36.063921 ] ] } },
{ "type": "Feature", "properties": { "TLID": 184645213, "FEDIRP": null, "FENAME": "Redestou", "FETYPE": "St", "FEDIRS": null, "FRADDL": 2401.0, "TOADDL": 2425.0, "FRADDR": 2.0, "TOADDR": 2424.0 }, "geometry": { "type": "LineString", "coordinates": [ [ 24.886965, 36.063621 ], [ 24.886965, 36.063921 ] ] } },
{ "type": "Feature", "properties": { "TLID": 184645214, "FEDIRP": "N", "FENAME": "Antoniadou", "FETYPE": "St", "FEDIRS": null, "FRADDL": 2700.0, "TOADDL": 2898.0, "FRADDR": 2715.0, "TOADDR": 2899.0 }, "geometry": { "type": "LineString", "coordinates": [ [ 24.887465, 36.063521 ], [ 24.886965, 36.063621 ] ] } },
{ "type": "Feature", "properties": { "TLID": 184645216, "FEDIRP": "N", "FENAME": "Pluma", "FETYPE": "St", "FEDIRS": null, "FRADDL": 2200.0, "TOADDL": 2298.0, "FRADDR": 2201.0, "TOADDR": 2299.0 }, "geometry": { "type": "LineString", "coordinates": [ [ 24.886864, 36.062812 ], [ 24.886865, 36.063121 ] ] } },
{ "type": "Feature", "properties": { "TLID": 184645217, "FEDIRP": "N", "FENAME": "Zefirou", "FETYPE": "Ave", "FEDIRS": null, "FRADDL": 2800.0, "TOADDL": 2898.0, "FRADDR": 2801.0, "TOADDR": 2899.0 }, "geometry": { "type": "LineString", "coordinates": [ [ 24.887665, 36.063121 ], [ 24.886865, 36.063121 ] ] } },
{ "type": "Feature", "properties": { "TLID": 184645218, "FEDIRP": "N", "FENAME": "Fewnol", "FETYPE": "St", "FEDIRS": null, "FRADDL": 2300.0, "TOADDL": 2428.0, "FRADDR": 2301.0, "TOADDR": 2449.0 }, "geometry": { "type": "LineString", "coordinates": [ [ 24.887665, 36.063121 ], [ 24.887465, 36.063521 ] ] } },
{ "type": "Feature", "properties": { "TLID": 184645219, "FEDIRP": "N", "FENAME": "Pluma", "FETYPE": "St", "FEDIRS": null, "FRADDL": 2100.0, "TOADDL": 2198.0, "FRADDR": 2101.0, "TOADDR": 2199.0 }, "geometry": { "type": "LineString", "coordinates": [ [ 24.886873, 36.06213 ], [ 24.886864, 36.062812 ] ] } },
{ "type": "Feature", "properties": { "TLID": 184645220, "FEDIRP": "N", "FENAME": "Androutsou", "FETYPE": "St", "FEDIRS": null, "FRADDL": 2800.0, "TOADDL": 2898.0, "FRADDR": 2801.0, "TOADDR": 2899.0 }, "geometry": { "type": "LineString", "coordinates": [ [ 24.887665, 36.062121 ], [ 24.886873, 36.06213 ] ] } },
{ "type": "Feature", "properties": { "TLID": 184645221, "FEDIRP": "N", "FENAME": "Pluma", "FETYPE": "St", "FEDIRS": null, "FRADDL": 2000.0, "TOADDL": 2098.0, "FRADDR": 2001.0, "TOADDR": 2099.0 }, "geometry": { "type": "LineString", "coordinates": [ [ 24.886865, 36.061521 ], [ 24.886873, 36.06213 ] ] } },
{ "type": "Feature", "properties": { "TLID": 184645222, "FEDIRP": "N", "FENAME": "Fewnol", "FETYPE": "St", "FEDIRS": null, "FRADDL": 2100.0, "TOADDL": 2298.0, "FRADDR": 2101.0, "TOADDR": 2299.0 }, "geometry": { "type": "LineString", "coordinates": [ [ 24.887665, 36.062121 ], [ 24.887665, 36.063121 ] ] } },
{ "type": "Feature", "properties": { "TLID": 184645223, "FEDIRP": "N", "FENAME": "Zefirou", "FETYPE": "Ave", "FEDIRS": null, "FRADDL": 2600.0, "TOADDL": 2702.0, "FRADDR": 2601.0, "TOADDR": 2707.0 }, "geometry": { "type": "LineString", "coordinates": [ [ 24.890065, 36.063121 ], [ 24.888665, 36.063121 ] ] } },
{ "type": "Feature", "properties": { "TLID": 184645224, "FEDIRP": "N", "FENAME": "Fewnol", "FETYPE": "St", "FEDIRS": null, "FRADDL": 1900.0, "TOADDL": 2098.0, "FRADDR": 1901.0, "TOADDR": 2099.0 }, "geometry": { "type": "LineString", "coordinates": [ [ 24.887465, 36.061121 ], [ 24.887665, 36.062121 ] ] } },
{ "type": "Feature", "properties": { "TLID": 184645225, "FEDIRP": "N", "FENAME": "Androutsou", "FETYPE": "St", "FEDIRS": null, "FRADDL": 2700.0, "TOADDL": 2798.0, "FRADDR": 2701.0, "TOADDR": 2799.0 }, "geometry": { "type": "LineString", "coordinates": [ [ 24.888765, 36.062121 ], [ 24.887665, 36.062121 ] ] } },
{ "type": "Feature", "properties": { "TLID": 184645226, "FEDIRP": "N", "FENAME": "Lumen", "FETYPE": "St", "FEDIRS": null, "FRADDL": 1900.0, "TOADDL": 1998.0, "FRADDR": 1901.0, "TOADDR": 1999.0 }, "geometry": { "type": "LineString", "coordinates": [ [ 24.885565, 36.060721 ], [ 24.885565, 36.061521 ] ] } },
{ "type": "Feature", "properties": { "TLID": 184645227, "FEDIRP": "N", "FENAME": "Amisou", "FETYPE": "St", "FEDIRS": null, "FRADDL": 2900.0, "TOADDL": 2998.0, "FRADDR": 2901.0, "TOADDR": 2999.0 }, "geometry": { "type": "LineString", "coordinates": [ [ 24.886865, 36.061521 ], [ 24.885565, 36.061521 ] ] } },
{ "type": "Feature", "properties": { "TLID": 184645230, "FEDIRP": "N", "FENAME": "Lumen", "FETYPE": "St", "FEDIRS": null, "FRADDL": 1500.0, "TOADDL": 1598.0, "FRADDR": 1501.0, "TOADDR": 1599.0 }, "geometry": { "type": "LineString", "coordinates": [ [ 24.885465, 36.058421 ], [ 24.885365, 36.059321 ] ] } },
{ "type": "Feature", "properties": { "TLID": 184645231, "FEDIRP": "N", "FENAME": "Pluma", "FETYPE": "St", "FEDIRS": null, "FRADDL": 1500.0, "TOADDL": 1598.0, "FRADDR": null, "TOADDR": null }, "geometry": { "type": "LineString", "coordinates": [ [ 24.886865, 36.058421 ], [ 24.886765, 36.059221 ] ] } },
{ "type": "Feature", "properties": { "TLID": 184645232, "FEDIRP": "N", "FENAME": "Pluma", "FETYPE": "St", "FEDIRS": null, "FRADDL": 1900.0, "TOADDL": 1998.0, "FRADDR": null, "TOADDR": null }, "geometry": { "type": "LineString", "coordinates": [ [ 24.886965, 36.061021 ], [ 24.886865, 36.061521 ] ] } },
{ "type": "Feature", "properties": { "TLID": 184645233, "FEDIRP": "N", "FENAME": "Amfitris", "FETYPE": "St", "FEDIRS": null, "FRADDL": 2900.0, "TOADDL": 2998.0, "FRADDR": 2901.0, "TOADDR": 2999.0 }, "geometry": { "type": "LineString", "coordinates": [ [ 24.886965, 36.061021 ], [ 24.885565, 36.060721 ] ] } },
{ "type": "Feature", "properties": { "TLID": 184645234, "FEDIRP": "N", "FENAME": "Amfitris", "FETYPE": "St", "FEDIRS": null, "FRADDL": 2800.0, "TOADDL": 2898.0, "FRADDR": 2801.0, "TOADDR": 2899.0 }, "geometry": { "type": "LineString", "coordinates": [ [ 24.887465, 36.061121 ], [ 24.886965, 36.061021 ] ] } },
{ "type": "Feature", "properties": { "TLID": 184645236, "FEDIRP": "N", "FENAME": "Amfitris", "FETYPE": "St", "FEDIRS": null, "FRADDL": 2700.0, "TOADDL": 2798.0, "FRADDR": 2701.0, "TOADDR": 2799.0 }, "geometry": { "type": "LineString", "coordinates": [ [ 24.888665, 36.061121 ], [ 24.887465, 36.061121 ] ] } },
{ "type": "Feature", "properties": { "TLID": 184645237, "FEDIRP": "N", "FENAME": "Pluma", "FETYPE": "St", "FEDIRS": null, "FRADDL": 1700.0, "TOADDL": 1704.0, "FRADDR": null, "TOADDR": null }, "geometry": { "type": "LineString", "coordinates": [ [ 24.886865, 36.059721 ], [ 24.886865, 36.059921 ] ] } },
{ "type": "Feature", "properties": { "TLID": 184645238, "FEDIRP": "N", "FENAME": "Pluma", "FETYPE": "St", "FEDIRS": null, "FRADDL": 1600.0, "TOADDL": 1698.0, "FRADDR": null, "TOADDR": null }, "geometry": { "type": "LineString", "coordinates": [ [ 24.886765, 36.059221 ], [ 24.886865, 36.059721 ] ] } },
{ "type": "Feature", "properties": { "TLID": 184645239, "FEDIRP": "N", "FENAME": "Alfiou", "FETYPE": "St", "FEDIRS": null, "FRADDL": 2800.0, "TOADDL": 2898.0, "FRADDR": 2801.0, "TOADDR": 2899.0 }, "geometry": { "type": "LineString", "coordinates": [ [ 24.887465, 36.059721 ], [ 24.886865, 36.059721 ] ] } },
{ "type": "Feature", "properties": { "TLID": 184645240, "FEDIRP": "N", "FENAME": "Fewnol", "FETYPE": "St", "FEDIRS": null, "FRADDL": 1500.0, "TOADDL": 1698.0, "FRADDR": 1501.0, "TOADDR": 1699.0 }, "geometry": { "type": "LineString", "coordinates": [ [ 24.887465, 36.058421 ], [ 24.887465, 36.059721 ] ] } },
{ "type": "Feature", "properties": { "TLID": 184645241, "FEDIRP": "N", "FENAME": "Alfiou", "FETYPE": "St", "FEDIRS": null, "FRADDL": 2700.0, "TOADDL": 2798.0, "FRADDR": 2701.0, "TOADDR": 2799.0 }, "geometry": { "type": "LineString", "coordinates": [ [ 24.888665, 36.059721 ], [ 24.887465, 36.059721 ] ] } },
{ "type": "Feature", "properties": { "TLID": 184645242, "FEDIRP": "N", "FENAME": "Evzonon", "FETYPE": "St", "FEDIRS": null, "FRADDL": 1400.0, "TOADDL": 1498.0, "FRADDR": 1401.0, "TOADDR": 1499.0 }, "geometry": { "type": "LineString", "coordinates": [ [ 24.882365, 36.05752 ], [ 24.882465, 36.05852 ] ] } },
{ "type": "Feature", "properties": { "TLID": 184645243, "FEDIRP": "N", "FENAME": "Alamanas", "FETYPE": "St", "FEDIRS": null, "FRADDL": 3100.0, "TOADDL": 3198.0, "FRADDR": 3101.0, "TOADDR": 3199.0 }, "geometry": { "type": "LineString", "coordinates": [ [ 24.883965, 36.058521 ], [ 24.882465, 36.05852 ] ] } },
{ "type": "Feature", "properties": { "TLID": 184645244, "FEDIRP": "N", "FENAME": "Evzonon", "FETYPE": "St", "FEDIRS": null, "FRADDL": 1300.0, "TOADDL": 1398.0, "FRADDR": 1301.0, "TOADDR": 1399.0 }, "geometry": { "type": "LineString", "coordinates": [ [ 24.882465, 36.056621 ], [ 24.882365, 36.05752 ] ] } },
{ "type": "Feature", "properties": { "TLID": 184645245, "FEDIRP": "N", "FENAME": "Agisilaou", "FETYPE": "St", "FEDIRS": null, "FRADDL": 3100.0, "TOADDL": 3298.0, "FRADDR": 3101.0, "TOADDR": 3299.0 }, "geometry": { "type": "LineString", "coordinates": [ [ 24.883965, 36.057521 ], [ 24.882365, 36.05752 ] ] } },
{ "type": "Feature", "properties": { "TLID": 184645246, "FEDIRP": "N", "FENAME": "Evzonon", "FETYPE": "St", "FEDIRS": null, "FRADDL": 1200.0, "TOADDL": 1298.0, "FRADDR": 1201.0, "TOADDR": 1299.0 }, "geometry": { "type": "LineString", "coordinates": [ [ 24.882465, 36.055721 ], [ 24.882465, 36.056621 ] ] } },
{ "type": "Feature", "properties": { "TLID": 184645247, "FEDIRP": "N", "FENAME": "Agiasou", "FETYPE": "St", "FEDIRS": null, "FRADDL": 3100.0, "TOADDL": 3198.0, "FRADDR": 3101.0, "TOADDR": 3199.0 }, "geometry": { "type": "LineString", "coordinates": [ [ 24.883965, 36.056621 ], [ 24.882465, 36.056621 ] ] } },
{ "type": "Feature", "properties": { "TLID": 184645248, "FEDIRP": "N", "FENAME": "Agentes", "FETYPE": "St", "FEDIRS": null, "FRADDL": 3100.0, "TOADDL": 3198.0, "FRADDR": 3101.0, "TOADDR": 3199.0 }, "geometry": { "type": "LineString", "coordinates": [ [ 24.883965, 36.055721 ], [ 24.882465, 36.055721 ] ] } },
{ "type": "Feature", "properties": { "TLID": 184645249, "FEDIRP": "N", "FENAME": "Evzonon", "FETYPE": "St", "FEDIRS": null, "FRADDL": 1100.0, "TOADDL": 1198.0, "FRADDR": 951.0, "TOADDR": 1199.0 }, "geometry": { "type": "LineString", "coordinates": [ [ 24.882465, 36.054721 ], [ 24.882465, 36.055721 ] ] } },
{ "type": "Feature", "properties": { "TLID": 184645250, "FEDIRP": "N", "FENAME": "Gounaraki", "FETYPE": "St", "FEDIRS": null, "FRADDL": 1400.0, "TOADDL": 1498.0, "FRADDR": 1401.0, "TOADDR": 1499.0 }, "geometry": { "type": "LineString", "coordinates": [ [ 24.883965, 36.057521 ], [ 24.883965, 36.058521 ] ] } },
{ "type": "Feature", "properties": { "TLID": 184645251, "FEDIRP": "N", "FENAME": "Alamanas", "FETYPE": "St", "FEDIRS": null, "FRADDL": 3000.0, "TOADDL": 3098.0, "FRADDR": 3001.0, "TOADDR": 3099.0 }, "geometry": { "type": "LineString", "coordinates": [ [ 24.885465, 36.058421 ], [ 24.883965, 36.058521 ] ] } },
{ "type": "Feature", "properties": { "TLID": 184645252, "FEDIRP": "N", "FENAME": "Gounaraki", "FETYPE": "St", "FEDIRS": null, "FRADDL": 1300.0, "TOADDL": 1398.0, "FRADDR": 1301.0, "TOADDR": 1399.0 }, "geometry": { "type": "LineString", "coordinates": [ [ 24.883965, 36.056621 ], [ 24.883965, 36.057521 ] ] } },
{ "type": "Feature", "properties": { "TLID": 184645253, "FEDIRP": "N", "FENAME": "Agisilaou", "FETYPE": "St", "FEDIRS": null, "FRADDL": 3000.0, "TOADDL": 3098.0, "FRADDR": 3003.0, "TOADDR": 3099.0 }, "geometry": { "type": "LineString", "coordinates": [ [ 24.885465, 36.057521 ], [ 24.883965, 36.057521 ] ] } },
{ "type": "Feature", "properties": { "TLID": 184645254, "FEDIRP": "N", "FENAME": "Gounaraki", "FETYPE": "St", "FEDIRS": null, "FRADDL": 1200.0, "TOADDL": 1298.0, "FRADDR": 1201.0, "TOADDR": 1299.0 }, "geometry": { "type": "LineString", "coordinates": [ [ 24.883965, 36.055721 ], [ 24.883965, 36.056621 ] ] } },
{ "type": "Feature", "properties": { "TLID": 184645255, "FEDIRP": "N", "FENAME": "Agiasou", "FETYPE": "St", "FEDIRS": null, "FRADDL": 3000.0, "TOADDL": 3098.0, "FRADDR": 3003.0, "TOADDR": 3099.0 }, "geometry": { "type": "LineString", "coordinates": [ [ 24.885465, 36.056621 ], [ 24.883965, 36.056621 ] ] } },
{ "type": "Feature", "properties": { "TLID": 184645256, "FEDIRP": "N", "FENAME": "Gounaraki", "FETYPE": "St", "FEDIRS": null, "FRADDL": 1100.0, "TOADDL": 1198.0, "FRADDR": 1101.0, "TOADDR": 1199.0 }, "geometry": { "type": "LineString", "coordinates": [ [ 24.883965, 36.054721 ], [ 24.883965, 36.055721 ] ] } },
{ "type": "Feature", "properties": { "TLID": 184645257, "FEDIRP": "N", "FENAME": "Agentes", "FETYPE": "St", "FEDIRS": null, "FRADDL": 3000.0, "TOADDL": 3098.0, "FRADDR": 3001.0, "TOADDR": 3099.0 }, "geometry": { "type": "LineString", "coordinates": [ [ 24.885465, 36.055621 ], [ 24.883965, 36.055721 ] ] } },
{ "type": "Feature", "properties": { "TLID": 184645258, "FEDIRP": "N", "FENAME": "Evzonon", "FETYPE": "St", "FEDIRS": null, "FRADDL": 900.0, "TOADDL": 932.0, "FRADDR": 901.0, "TOADDR": 929.0 }, "geometry": { "type": "LineString", "coordinates": [ [ 24.882465, 36.052821 ], [ 24.882465, 36.053821 ] ] } },
{ "type": "Feature", "properties": { "TLID": 184645259, "FEDIRP": "N", "FENAME": "Achilleos", "FETYPE": "St", "FEDIRS": null, "FRADDL": 3100.0, "TOADDL": 3198.0, "FRADDR": 3101.0, "TOADDR": 3199.0 }, "geometry": { "type": "LineString", "coordinates": [ [ 24.883965, 36.054721 ], [ 24.882465, 36.054721 ] ] } },
{ "type": "Feature", "properties": { "TLID": 184645260, "FEDIRP": "N", "FENAME": "Ermou", "FETYPE": "St", "FEDIRS": null, "FRADDL": 3200.0, "TOADDL": 3298.0, "FRADDR": 3201.0, "TOADDR": 3249.0 }, "geometry": { "type": "LineString", "coordinates": [ [ 24.882465, 36.052821 ], [ 24.881165, 36.052721 ] ] } },
{ "type": "Feature", "properties": { "TLID": 184645261, "FEDIRP": "N", "FENAME": "Ermou", "FETYPE": "St", "FEDIRS": null, "FRADDL": 3100.0, "TOADDL": 3198.0, "FRADDR": 3101.0, "TOADDR": 3199.0 }, "geometry": { "type": "LineString", "coordinates": [ [ 24.883965, 36.052721 ], [ 24.882465, 36.052821 ] ] } },
{ "type": "Feature", "properties": { "TLID": 184645262, "FEDIRP": "N", "FENAME": "Evzonon", "FETYPE": "St", "FEDIRS": null, "FRADDL": 800.0, "TOADDL": 898.0, "FRADDR": 801.0, "TOADDR": 899.0 }, "geometry": { "type": "LineString", "coordinates": [ [ 24.882465, 36.051921 ], [ 24.882465, 36.052821 ] ] } },
{ "type": "Feature", "properties": { "TLID": 184645263, "FEDIRP": "N", "FENAME": "Gounaraki", "FETYPE": "St", "FEDIRS": null, "FRADDL": 1000.0, "TOADDL": 1098.0, "FRADDR": 1001.0, "TOADDR": 1099.0 }, "geometry": { "type": "LineString", "coordinates": [ [ 24.883965, 36.053721 ], [ 24.883965, 36.054721 ] ] } },
{ "type": "Feature", "properties": { "TLID": 184645264, "FEDIRP": "N", "FENAME": "Achilleos", "FETYPE": "St", "FEDIRS": null, "FRADDL": 3000.0, "TOADDL": 3098.0, "FRADDR": 3001.0, "TOADDR": 3099.0 }, "geometry": { "type": "LineString", "coordinates": [ [ 24.885465, 36.054721 ], [ 24.883965, 36.054721 ] ] } },
{ "type": "Feature", "properties": { "TLID": 184645265, "FEDIRP": "N", "FENAME": "Gounaraki", "FETYPE": "St", "FEDIRS": null, "FRADDL": 900.0, "TOADDL": 998.0, "FRADDR": 901.0, "TOADDR": 999.0 }, "geometry": { "type": "LineString", "coordinates": [ [ 24.883965, 36.052721 ], [ 24.883965, 36.053721 ] ] } },
{ "type": "Feature", "properties": { "TLID": 184645266, "FEDIRP": "N", "FENAME": "Acera", "FETYPE": "St", "FEDIRS": null, "FRADDL": 3000.0, "TOADDL": 3098.0, "FRADDR": 3001.0, "TOADDR": 3099.0 }, "geometry": { "type": "LineString", "coordinates": [ [ 24.885465, 36.053721 ], [ 24.883965, 36.053721 ] ] } },
{ "type": "Feature", "properties": { "TLID": 184645267, "FEDIRP": "N", "FENAME": "Ermou", "FETYPE": "St", "FEDIRS": null, "FRADDL": 3000.0, "TOADDL": 3098.0, "FRADDR": 3001.0, "TOADDR": 3099.0 }, "geometry": { "type": "LineString", "coordinates": [ [ 24.885365, 36.052721 ], [ 24.883965, 36.052721 ] ] } },
{ "type": "Feature", "properties": { "TLID": 184645268, "FEDIRP": "N", "FENAME": "Gounaraki", "FETYPE": "St", "FEDIRS": null, "FRADDL": 800.0, "TOADDL": 898.0, "FRADDR": 801.0, "TOADDR": 899.0 }, "geometry": { "type": "LineString", "coordinates": [ [ 24.883965, 36.051921 ], [ 24.883965, 36.052721 ] ] } },
{ "type": "Feature", "properties": { "TLID": 184645269, "FEDIRP": "N", "FENAME": "Lumen", "FETYPE": "St", "FEDIRS": null, "FRADDL": 1400.0, "TOADDL": 1498.0, "FRADDR": 1401.0, "TOADDR": 1499.0 }, "geometry": { "type": "LineString", "coordinates": [ [ 24.885465, 36.057521 ], [ 24.885465, 36.058421 ] ] } },
{ "type": "Feature", "properties": { "TLID": 184645270, "FEDIRP": "N", "FENAME": "Alamanas", "FETYPE": "St", "FEDIRS": null, "FRADDL": 2900.0, "TOADDL": 2998.0, "FRADDR": 2901.0, "TOADDR": 2999.0 }, "geometry": { "type": "LineString", "coordinates": [ [ 24.886865, 36.058421 ], [ 24.885465, 36.058421 ] ] } },
{ "type": "Feature", "properties": { "TLID": 184645271, "FEDIRP": "N", "FENAME": "Lumen", "FETYPE": "St", "FEDIRS": null, "FRADDL": 1300.0, "TOADDL": 1398.0, "FRADDR": 1301.0, "TOADDR": 1399.0 }, "geometry": { "type": "LineString", "coordinates": [ [ 24.885465, 36.056621 ], [ 24.885465, 36.057521 ] ] } },
{ "type": "Feature", "properties": { "TLID": 184645272, "FEDIRP": "N", "FENAME": "Agisilaou", "FETYPE": "St", "FEDIRS": null, "FRADDL": 2900.0, "TOADDL": 2998.0, "FRADDR": 2901.0, "TOADDR": 2999.0 }, "geometry": { "type": "LineString", "coordinates": [ [ 24.886865, 36.057521 ], [ 24.885465, 36.057521 ] ] } },
{ "type": "Feature", "properties": { "TLID": 184645273, "FEDIRP": "N", "FENAME": "Lumen", "FETYPE": "St", "FEDIRS": null, "FRADDL": 1200.0, "TOADDL": 1298.0, "FRADDR": 1201.0, "TOADDR": 1299.0 }, "geometry": { "type": "LineString", "coordinates": [ [ 24.885465, 36.055621 ], [ 24.885465, 36.056621 ] ] } },
{ "type": "Feature", "properties": { "TLID": 184645274, "FEDIRP": "N", "FENAME": "Agiasou", "FETYPE": "St", "FEDIRS": null, "FRADDL": 2900.0, "TOADDL": 2998.0, "FRADDR": 2901.0, "TOADDR": 3001.0 }, "geometry": { "type": "LineString", "coordinates": [ [ 24.886865, 36.056621 ], [ 24.885465, 36.056621 ] ] } },
{ "type": "Feature", "properties": { "TLID": 184645275, "FEDIRP": "N", "FENAME": "Lumen", "FETYPE": "St", "FEDIRS": null, "FRADDL": 1100.0, "TOADDL": 1198.0, "FRADDR": 1101.0, "TOADDR": 1199.0 }, "geometry": { "type": "LineString", "coordinates": [ [ 24.885465, 36.054721 ], [ 24.885465, 36.055621 ] ] } },
{ "type": "Feature", "properties": { "TLID": 184645276, "FEDIRP": "N", "FENAME": "Agentes", "FETYPE": "St", "FEDIRS": null, "FRADDL": 2900.0, "TOADDL": 2998.0, "FRADDR": 2901.0, "TOADDR": 2999.0 }, "geometry": { "type": "LineString", "coordinates": [ [ 24.886842, 36.055547 ], [ 24.885465, 36.055621 ] ] } },
{ "type": "Feature", "properties": { "TLID": 184645277, "FEDIRP": "N", "FENAME": "Alamanas", "FETYPE": "St", "FEDIRS": null, "FRADDL": 2800.0, "TOADDL": 2898.0, "FRADDR": 2801.0, "TOADDR": 2899.0 }, "geometry": { "type": "LineString", "coordinates": [ [ 24.887465, 36.058421 ], [ 24.886865, 36.058421 ] ] } },
{ "type": "Feature", "properties": { "TLID": 184645278, "FEDIRP": "N", "FENAME": "Pluma", "FETYPE": "St", "FEDIRS": null, "FRADDL": 1400.0, "TOADDL": 1498.0, "FRADDR": 1401.0, "TOADDR": 1499.0 }, "geometry": { "type": "LineString", "coordinates": [ [ 24.886865, 36.057521 ], [ 24.886865, 36.058421 ] ] } },
{ "type": "Feature", "properties": { "TLID": 184645279, "FEDIRP": "N", "FENAME": "Fewnol", "FETYPE": "St", "FEDIRS": null, "FRADDL": 1400.0, "TOADDL": 1498.0, "FRADDR": 1401.0, "TOADDR": 1499.0 }, "geometry": { "type": "LineString", "coordinates": [ [ 24.887465, 36.057121 ], [ 24.887465, 36.058421 ] ] } },
{ "type": "Feature", "properties": { "TLID": 184645280, "FEDIRP": "N", "FENAME": "Pluma", "FETYPE": "St", "FEDIRS": null, "FRADDL": null, "TOADDL": null, "FRADDR": null, "TOADDR": null }, "geometry": { "type": "LineString", "coordinates": [ [ 24.886865, 36.057121 ], [ 24.886865, 36.057521 ] ] } },
{ "type": "Feature", "properties": { "TLID": 184645281, "FEDIRP": "N", "FENAME": "Pluma", "FETYPE": "St", "FEDIRS": null, "FRADDL": 1300.0, "TOADDL": 1398.0, "FRADDR": 1301.0, "TOADDR": 1399.0 }, "geometry": { "type": "LineString", "coordinates": [ [ 24.886865, 36.056621 ], [ 24.886865, 36.057121 ] ] } },
{ "type": "Feature", "properties": { "TLID": 184645282, "FEDIRP": "N", "FENAME": "Agisilaou", "FETYPE": "St", "FEDIRS": null, "FRADDL": 2800.0, "TOADDL": 2898.0, "FRADDR": 2801.0, "TOADDR": 2899.0 }, "geometry": { "type": "LineString", "coordinates": [ [ 24.887465, 36.057121 ], [ 24.886865, 36.057121 ] ] } },
{ "type": "Feature", "properties": { "TLID": 184645283, "FEDIRP": "N", "FENAME": "Pluma", "FETYPE": "St", "FEDIRS": null, "FRADDL": 1212.0, "TOADDL": 1298.0, "FRADDR": 1211.0, "TOADDR": 1299.0 }, "geometry": { "type": "LineString", "coordinates": [ [ 24.886865, 36.055921 ], [ 24.886865, 36.056621 ] ] } },
{ "type": "Feature", "properties": { "TLID": 184645284, "FEDIRP": "N", "FENAME": "Fewnol", "FETYPE": "St", "FEDIRS": null, "FRADDL": 1200.0, "TOADDL": 1398.0, "FRADDR": 1201.0, "TOADDR": 1399.0 }, "geometry": { "type": "LineString", "coordinates": [ [ 24.887465, 36.055921 ], [ 24.887465, 36.057121 ] ] } },
{ "type": "Feature", "properties": { "TLID": 184645285, "FEDIRP": "N", "FENAME": "Agisilaou", "FETYPE": "St", "FEDIRS": null, "FRADDL": 2700.0, "TOADDL": 2798.0, "FRADDR": 2701.0, "TOADDR": 2799.0 }, "geometry": { "type": "LineString", "coordinates": [ [ 24.888665, 36.057121 ], [ 24.887465, 36.057121 ] ] } },
{ "type": "Feature", "properties": { "TLID": 184645286, "FEDIRP": "N", "FENAME": "Agentes", "FETYPE": "St", "FEDIRS": null, "FRADDL": 2800.0, "TOADDL": 2898.0, "FRADDR": 2803.0, "TOADDR": 2899.0 }, "geometry": { "type": "LineString", "coordinates": [ [ 24.887465, 36.055921 ], [ 24.886865, 36.055921 ] ] } },
{ "type": "Feature", "properties": { "TLID": 184645287, "FEDIRP": "N", "FENAME": "Pluma", "FETYPE": "St", "FEDIRS": null, "FRADDL": 1200.0, "TOADDL": 1210.0, "FRADDR": 1201.0, "TOADDR": 1209.0 }, "geometry": { "type": "LineString", "coordinates": [ [ 24.886842, 36.055547 ], [ 24.886865, 36.055921 ] ] } },
{ "type": "Feature", "properties": { "TLID": 184645288, "FEDIRP": "N", "FENAME": "Fewnol", "FETYPE": "St", "FEDIRS": null, "FRADDL": 1100.0, "TOADDL": 1198.0, "FRADDR": 1101.0, "TOADDR": 1199.0 }, "geometry": { "type": "LineString", "coordinates": [ [ 24.887476, 36.054636 ], [ 24.887465, 36.055921 ] ] } },
{ "type": "Feature", "properties": { "TLID": 184645289, "FEDIRP": "N", "FENAME": "Agentes", "FETYPE": "St", "FEDIRS": null, "FRADDL": 2700.0, "TOADDL": 2798.0, "FRADDR": 2701.0, "TOADDR": 2801.0 }, "geometry": { "type": "LineString", "coordinates": [ [ 24.888665, 36.055921 ], [ 24.887465, 36.055921 ] ] } },
{ "type": "Feature", "properties": { "TLID": 184645290, "FEDIRP": "N", "FENAME": "Achilleos", "FETYPE": "St", "FEDIRS": null, "FRADDL": 2900.0, "TOADDL": 2998.0, "FRADDR": 2901.0, "TOADDR": 2999.0 }, "geometry": { "type": "LineString", "coordinates": [ [ 24.886765, 36.054621 ], [ 24.885465, 36.054721 ] ] } },
{ "type": "Feature", "properties": { "TLID": 184645291, "FEDIRP": "N", "FENAME": "Lumen", "FETYPE": "St", "FEDIRS": null, "FRADDL": 1000.0, "TOADDL": 1098.0, "FRADDR": 1001.0, "TOADDR": 1099.0 }, "geometry": { "type": "LineString", "coordinates": [ [ 24.885465, 36.053721 ], [ 24.885465, 36.054721 ] ] } },
{ "type": "Feature", "properties": { "TLID": 184645292, "FEDIRP": "N", "FENAME": "Pluma", "FETYPE": "St", "FEDIRS": null, "FRADDL": 1000.0, "TOADDL": 1098.0, "FRADDR": 1001.0, "TOADDR": 1099.0 }, "geometry": { "type": "LineString", "coordinates": [ [ 24.88676, 36.05373 ], [ 24.886765, 36.054621 ] ] } },
{ "type": "Feature", "properties": { "TLID": 184645293, "FEDIRP": "N", "FENAME": "Lumen", "FETYPE": "St", "FEDIRS": null, "FRADDL": 900.0, "TOADDL": 998.0, "FRADDR": 901.0, "TOADDR": 999.0 }, "geometry": { "type": "LineString", "coordinates": [ [ 24.885365, 36.052721 ], [ 24.885465, 36.053721 ] ] } },
{ "type": "Feature", "properties": { "TLID": 184645294, "FEDIRP": "N", "FENAME": "Acera", "FETYPE": "St", "FEDIRS": null, "FRADDL": 2900.0, "TOADDL": 2998.0, "FRADDR": 2901.0, "TOADDR": 2999.0 }, "geometry": { "type": "LineString", "coordinates": [ [ 24.88676, 36.05373 ], [ 24.885465, 36.053721 ] ] } },
{ "type": "Feature", "properties": { "TLID": 184645295, "FEDIRP": "N", "FENAME": "Ermou", "FETYPE": "St", "FEDIRS": null, "FRADDL": 2900.0, "TOADDL": 2998.0, "FRADDR": 2951.0, "TOADDR": 2999.0 }, "geometry": { "type": "LineString", "coordinates": [ [ 24.886565, 36.052721 ], [ 24.885365, 36.052721 ] ] } },
{ "type": "Feature", "properties": { "TLID": 184645296, "FEDIRP": "N", "FENAME": "Lumen", "FETYPE": "St", "FEDIRS": null, "FRADDL": 800.0, "TOADDL": 898.0, "FRADDR": 801.0, "TOADDR": 899.0 }, "geometry": { "type": "LineString", "coordinates": [ [ 24.885465, 36.051921 ], [ 24.885365, 36.052721 ] ] } },
{ "type": "Feature", "properties": { "TLID": 184645297, "FEDIRP": "N", "FENAME": "Acera", "FETYPE": "St", "FEDIRS": null, "FRADDL": 2800.0, "TOADDL": 2898.0, "FRADDR": 2801.0, "TOADDR": 2899.0 }, "geometry": { "type": "LineString", "coordinates": [ [ 24.887465, 36.053321 ], [ 24.886765, 36.053321 ] ] } },
{ "type": "Feature", "properties": { "TLID": 184645298, "FEDIRP": "N", "FENAME": "Pluma", "FETYPE": "St", "FEDIRS": null, "FRADDL": 900.0, "TOADDL": 958.0, "FRADDR": 901.0, "TOADDR": 959.0 }, "geometry": { "type": "LineString", "coordinates": [ [ 24.886686, 36.052821 ], [ 24.88672, 36.052857 ], [ 24.886757, 36.052926 ], [ 24.886765, 36.053321 ] ] } },
{ "type": "Feature", "properties": { "TLID": 184645299, "FEDIRP": "N", "FENAME": "Ermou", "FETYPE": "St", "FEDIRS": null, "FRADDL": null, "TOADDL": null, "FRADDR": 2901.0, "TOADDR": 2949.0 }, "geometry": { "type": "LineString", "coordinates": [ [ 24.886686, 36.052821 ], [ 24.886608, 36.052778 ], [ 24.886565, 36.052721 ] ] } },
{ "type": "Feature", "properties": { "TLID": 184645300, "FEDIRP": "N", "FENAME": "Pluma", "FETYPE": "St", "FEDIRS": null, "FRADDL": 822.0, "TOADDL": 898.0, "FRADDR": 801.0, "TOADDR": 899.0 }, "geometry": { "type": "LineString", "coordinates": [ [ 24.886565, 36.052021 ], [ 24.886565, 36.052721 ] ] } },
{ "type": "Feature", "properties": { "TLID": 184645301, "FEDIRP": "N", "FENAME": "Pluma", "FETYPE": "St", "FEDIRS": null, "FRADDL": 1100.0, "TOADDL": 1198.0, "FRADDR": 1101.0, "TOADDR": 1199.0 }, "geometry": { "type": "LineString", "coordinates": [ [ 24.886765, 36.054621 ], [ 24.886842, 36.055547 ] ] } },
{ "type": "Feature", "properties": { "TLID": 184645302, "FEDIRP": "N", "FENAME": "Achilleos", "FETYPE": "St", "FEDIRS": null, "FRADDL": 2800.0, "TOADDL": 2898.0, "FRADDR": 2801.0, "TOADDR": 2899.0 }, "geometry": { "type": "LineString", "coordinates": [ [ 24.887476, 36.054636 ], [ 24.886765, 36.054621 ] ] } },
{ "type": "Feature", "properties": { "TLID": 184645303, "FEDIRP": "N", "FENAME": "Fewnol", "FETYPE": "St", "FEDIRS": null, "FRADDL": 1000.0, "TOADDL": 1098.0, "FRADDR": 1001.0, "TOADDR": 1099.0 }, "geometry": { "type": "LineString", "coordinates": [ [ 24.887465, 36.053321 ], [ 24.887476, 36.054636 ] ] } },
{ "type": "Feature", "properties": { "TLID": 184645304, "FEDIRP": "N", "FENAME": "Achilleos", "FETYPE": "St", "FEDIRS": null, "FRADDL": 2700.0, "TOADDL": 2798.0, "FRADDR": 2701.0, "TOADDR": 2799.0 }, "geometry": { "type": "LineString", "coordinates": [ [ 24.888606, 36.054636 ], [ 24.887476, 36.054636 ] ] } },
{ "type": "Feature", "properties": { "TLID": 184645305, "FEDIRP": "N", "FENAME": "Pluma", "FETYPE": "St", "FEDIRS": null, "FRADDL": 960.0, "TOADDL": 998.0, "FRADDR": 961.0, "TOADDR": 999.0 }, "geometry": { "type": "LineString", "coordinates": [ [ 24.886765, 36.053321 ], [ 24.88676, 36.05373 ] ] } },
{ "type": "Feature", "properties": { "TLID": 184645306, "FEDIRP": "N", "FENAME": "Fewnol", "FETYPE": "St", "FEDIRS": null, "FRADDL": 800.0, "TOADDL": 998.0, "FRADDR": 801.0, "TOADDR": 999.0 }, "geometry": { "type": "LineString", "coordinates": [ [ 24.887465, 36.052021 ], [ 24.887465, 36.053321 ] ] } },
{ "type": "Feature", "properties": { "TLID": 184645307, "FEDIRP": "N", "FENAME": "Acera", "FETYPE": "St", "FEDIRS": null, "FRADDL": 2700.0, "TOADDL": 2798.0, "FRADDR": 2701.0, "TOADDR": 2799.0 }, "geometry": { "type": "LineString", "coordinates": [ [ 24.888665, 36.053321 ], [ 24.887465, 36.053321 ] ] } },
{ "type": "Feature", "properties": { "TLID": 184645308, "FEDIRP": null, "FENAME": null, "FETYPE": null, "FEDIRS": null, "FRADDL": null, "TOADDL": null, "FRADDR": null, "TOADDR": null }, "geometry": { "type": "LineString", "coordinates": [ [ 24.834606, 36.045457 ], [ 24.834606, 36.046525 ], [ 24.835563, 36.046536 ] ] } },
{ "type": "Feature", "properties": { "TLID": 184645309, "FEDIRP": null, "FENAME": null, "FETYPE": null, "FEDIRS": null, "FRADDL": null, "TOADDL": null, "FRADDR": null, "TOADDR": null }, "geometry": { "type": "LineString", "coordinates": [ [ 24.837245, 36.04622 ], [ 24.837627, 36.046174 ] ] } },
{ "type": "Feature", "properties": { "TLID": 184645310, "FEDIRP": null, "FENAME": null, "FETYPE": null, "FEDIRS": null, "FRADDL": null, "TOADDL": null, "FRADDR": null, "TOADDR": null }, "geometry": { "type": "LineString", "coordinates": [ [ 24.837245, 36.04622 ], [ 24.837184, 36.045465 ] ] } },
{ "type": "Feature", "properties": { "TLID": 184645311, "FEDIRP": "S", "FENAME": "Wenna", "FETYPE": "St", "FEDIRS": null, "FRADDL": 1014.0, "TOADDL": 1000.0, "FRADDR": 1013.0, "TOADDR": 1001.0 }, "geometry": { "type": "LineString", "coordinates": [ [ 24.837627, 36.046174 ], [ 24.837764, 36.04662 ] ] } },
{ "type": "Feature", "properties": { "TLID": 184645312, "FEDIRP": "S", "FENAME": "Acera", "FETYPE": "St", "FEDIRS": null, "FRADDL": 6300.0, "TOADDL": 6398.0, "FRADDR": 6301.0, "TOADDR": 6499.0 }, "geometry": { "type": "LineString", "coordinates": [ [ 24.839164, 36.04662 ], [ 24.837764, 36.04662 ] ] } },
{ "type": "Feature", "properties": { "TLID": 184645313, "FEDIRP": "S", "FENAME": "Wenna", "FETYPE": "St", "FEDIRS": null, "FRADDL": 1024.0, "TOADDL": 1016.0, "FRADDR": 1023.0, "TOADDR": 1015.0 }, "geometry": { "type": "LineString", "coordinates": [ [ 24.837642, 36.045503 ], [ 24.837627, 36.046174 ] ] } },
{ "type": "Feature", "properties": { "TLID": 184645315, "FEDIRP": null, "FENAME": null, "FETYPE": null, "FEDIRS": null, "FRADDL": null, "TOADDL": null, "FRADDR": null, "TOADDR": null }, "geometry": { "type": "LineString", "coordinates": [ [ 24.837184, 36.045465 ], [ 24.837261, 36.045106 ], [ 24.835964, 36.045075 ] ] } },
{ "type": "Feature", "properties": { "TLID": 184645316, "FEDIRP": null, "FENAME": null, "FETYPE": null, "FEDIRS": null, "FRADDL": null, "TOADDL": null, "FRADDR": null, "TOADDR": null }, "geometry": { "type": "LineString", "coordinates": [ [ 24.837184, 36.045465 ], [ 24.837642, 36.045503 ] ] } },
{ "type": "Feature", "properties": { "TLID": 184645317, "FEDIRP": "N", "FENAME": "Pilau", "FETYPE": "St", "FEDIRS": null, "FRADDL": 600.0, "TOADDL": 852.0, "FRADDR": 601.0, "TOADDR": 853.0 }, "geometry": { "type": "LineString", "coordinates": [ [ 24.844264, 36.05032 ], [ 24.844036, 36.052201 ] ] } },
{ "type": "Feature", "properties": { "TLID": 184645318, "FEDIRP": null, "FENAME": "Egeou", "FETYPE": "Ave", "FEDIRS": null, "FRADDL": 5800.0, "TOADDL": 5898.0, "FRADDR": 5801.0, "TOADDR": 5899.0 }, "geometry": { "type": "LineString", "coordinates": [ [ 24.845664, 36.05032 ], [ 24.844264, 36.05032 ] ] } },
{ "type": "Feature", "properties": { "TLID": 184645319, "FEDIRP": "S", "FENAME": "Pilau", "FETYPE": "St", "FEDIRS": null, "FRADDL": 601.0, "TOADDL": 999.0, "FRADDR": 600.0, "TOADDR": 932.0 }, "geometry": { "type": "LineString", "coordinates": [ [ 24.844264, 36.05032 ], [ 24.844364, 36.04682 ] ] } },
{ "type": "Feature", "properties": { "TLID": 184645321, "FEDIRP": null, "FENAME": "Egeou", "FETYPE": "Ave", "FEDIRS": null, "FRADDL": 5700.0, "TOADDL": 5798.0, "FRADDR": 5587.0, "TOADDR": 5799.0 }, "geometry": { "type": "LineString", "coordinates": [ [ 24.847064, 36.05032 ], [ 24.845664, 36.05032 ] ] } },
{ "type": "Feature", "properties": { "TLID": 184645322, "FEDIRP": "S", "FENAME": "Acera", "FETYPE": "St", "FEDIRS": null, "FRADDL": 5800.0, "TOADDL": 5898.0, "FRADDR": 5801.0, "TOADDR": 5899.0 }, "geometry": { "type": "LineString", "coordinates": [ [ 24.845164, 36.04672 ], [ 24.844364, 36.04682 ] ] } },
{ "type": "Feature", "properties": { "TLID": 184645324, "FEDIRP": null, "FENAME": "Skaldis", "FETYPE": null, "FEDIRS": null, "FRADDL": null, "TOADDL": null, "FRADDR": null, "TOADDR": null }, "geometry": { "type": "LineString", "coordinates": [ [ 24.846981, 36.047212 ], [ 24.846141, 36.048921 ], [ 24.845664, 36.05032 ] ] } },
{ "type": "Feature", "properties": { "TLID": 184645326, "FEDIRP": null, "FENAME": null, "FETYPE": null, "FEDIRS": null, "FRADDL": null, "TOADDL": null, "FRADDR": null, "TOADDR": null }, "geometry": { "type": "LineString", "coordinates": [ [ 24.846858, 36.049127 ], [ 24.847064, 36.05032 ] ] } },
{ "type": "Feature", "properties": { "TLID": 184645327, "FEDIRP": null, "FENAME": "Egeou", "FETYPE": "Ave", "FEDIRS": null, "FRADDL": 5500.0, "TOADDL": 5598.0, "FRADDR": 5553.0, "TOADDR": 5567.0 }, "geometry": { "type": "LineString", "coordinates": [ [ 24.849964, 36.05022 ], [ 24.848664, 36.05032 ], [ 24.848567, 36.05032 ] ] } },
{ "type": "Feature", "properties": { "TLID": 184645328, "FEDIRP": "S", "FENAME": "Yonille", "FETYPE": "St", "FEDIRS": null, "FRADDL": 748.0, "TOADDL": 600.0, "FRADDR": 699.0, "TOADDR": 601.0 }, "geometry": { "type": "LineString", "coordinates": [ [ 24.848354, 36.049127 ], [ 24.848567, 36.05032 ] ] } },
{ "type": "Feature", "properties": { "TLID": 184645329, "FEDIRP": "S", "FENAME": "Scarkeme", "FETYPE": "St", "FEDIRS": null, "FRADDL": 798.0, "TOADDL": 600.0, "FRADDR": 799.0, "TOADDR": 601.0 }, "geometry": { "type": "LineString", "coordinates": [ [ 24.849949, 36.049133 ], [ 24.849964, 36.05022 ] ] } },
{ "type": "Feature", "properties": { "TLID": 184645330, "FEDIRP": null, "FENAME": "Egeou", "FETYPE": "Ave", "FEDIRS": null, "FRADDL": 5100.0, "TOADDL": 5498.0, "FRADDR": 5101.0, "TOADDR": 5551.0 }, "geometry": { "type": "LineString", "coordinates": [ [ 24.855264, 36.05022 ], [ 24.849964, 36.05022 ] ] } },
{ "type": "Feature", "properties": { "TLID": 184645332, "FEDIRP": "S", "FENAME": "Els", "FETYPE": "St", "FEDIRS": null, "FRADDL": null, "TOADDL": null, "FRADDR": null, "TOADDR": null }, "geometry": { "type": "LineString", "coordinates": [ [ 24.848354, 36.049127 ], [ 24.847472, 36.049127 ] ] } },
{ "type": "Feature", "properties": { "TLID": 184645333, "FEDIRP": null, "FENAME": null, "FETYPE": null, "FEDIRS": null, "FRADDL": null, "TOADDL": null, "FRADDR": null, "TOADDR": null }, "geometry": { "type": "LineString", "coordinates": [ [ 24.846981, 36.047212 ], [ 24.846849, 36.047982 ] ] } },
{ "type": "Feature", "properties": { "TLID": 184645336, "FEDIRP": "N", "FENAME": "Gerantoni", "FETYPE": "St", "FEDIRS": null, "FRADDL": 3200.0, "TOADDL": 3298.0, "FRADDR": 3201.0, "TOADDR": 3299.0 }, "geometry": { "type": "LineString", "coordinates": [ [ 24.841263, 36.07212 ], [ 24.841563, 36.07262 ] ] } },
{ "type": "Feature", "properties": { "TLID": 184645339, "FEDIRP": "S", "FENAME": "Scarkeme", "FETYPE": "St", "FEDIRS": null, "FRADDL": 812.0, "TOADDL": 800.0, "FRADDR": null, "TOADDR": null }, "geometry": { "type": "LineString", "coordinates": [ [ 24.84988, 36.048608 ], [ 24.849949, 36.049133 ] ] } },
{ "type": "Feature", "properties": { "TLID": 184645340, "FEDIRP": "S", "FENAME": "Scarkeme", "FETYPE": "St", "FEDIRS": null, "FRADDL": 898.0, "TOADDL": 814.0, "FRADDR": 811.0, "TOADDR": 801.0 }, "geometry": { "type": "LineString", "coordinates": [ [ 24.849898, 36.048106 ], [ 24.84988, 36.048608 ] ] } },
{ "type": "Feature", "properties": { "TLID": 184645342, "FEDIRP": "S", "FENAME": "Scarkeme", "FETYPE": "St", "FEDIRS": null, "FRADDL": 906.0, "TOADDL": 900.0, "FRADDR": 899.0, "TOADDR": 813.0 }, "geometry": { "type": "LineString", "coordinates": [ [ 24.84989, 36.04782 ], [ 24.849898, 36.048106 ] ] } },
{ "type": "Feature", "properties": { "TLID": 184645343, "FEDIRP": "S", "FENAME": "Scarkeme", "FETYPE": "St", "FEDIRS": null, "FRADDL": 901.0, "TOADDL": 999.0, "FRADDR": 908.0, "TOADDR": 998.0 }, "geometry": { "type": "LineString", "coordinates": [ [ 24.84989, 36.04782 ], [ 24.849964, 36.04702 ] ] } },
{ "type": "Feature", "properties": { "TLID": 184645344, "FEDIRP": "S", "FENAME": "Ermou", "FETYPE": "St", "FEDIRS": null, "FRADDL": 5400.0, "TOADDL": 5498.0, "FRADDR": 5401.0, "TOADDR": 5499.0 }, "geometry": { "type": "LineString", "coordinates": [ [ 24.851764, 36.04782 ], [ 24.84989, 36.04782 ] ] } },
{ "type": "Feature", "properties": { "TLID": 184645347, "FEDIRP": "S", "FENAME": "Acera", "FETYPE": "St", "FEDIRS": null, "FRADDL": 5517.0, "TOADDL": 5501.0, "FRADDR": 5510.0, "TOADDR": 5500.0 }, "geometry": { "type": "LineString", "coordinates": [ [ 24.848369, 36.047227 ], [ 24.849964, 36.04702 ] ] } },
{ "type": "Feature", "properties": { "TLID": 184645348, "FEDIRP": "S", "FENAME": "Yonille", "FETYPE": "St", "FEDIRS": null, "FRADDL": 998.0, "TOADDL": 908.0, "FRADDR": 1099.0, "TOADDR": 1001.0 }, "geometry": { "type": "LineString", "coordinates": [ [ 24.848583, 36.045915 ], [ 24.848369, 36.047227 ] ] } },
{ "type": "Feature", "properties": { "TLID": 184645349, "FEDIRP": "S", "FENAME": "Scarkeme", "FETYPE": "St", "FEDIRS": null, "FRADDL": 1001.0, "TOADDL": 1099.0, "FRADDR": 1000.0, "TOADDR": 1098.0 }, "geometry": { "type": "LineString", "coordinates": [ [ 24.849964, 36.04702 ], [ 24.849964, 36.04672 ], [ 24.849964, 36.04592 ] ] } },
{ "type": "Feature", "properties": { "TLID": 184645350, "FEDIRP": "S", "FENAME": "Acera", "FETYPE": "St", "FEDIRS": null, "FRADDL": 5400.0, "TOADDL": 5498.0, "FRADDR": 5401.0, "TOADDR": 5499.0 }, "geometry": { "type": "LineString", "coordinates": [ [ 24.851764, 36.04702 ], [ 24.849964, 36.04702 ] ] } },
{ "type": "Feature", "properties": { "TLID": 184645360, "FEDIRP": null, "FENAME": "Skaldis", "FETYPE": null, "FEDIRS": null, "FRADDL": 1191.0, "TOADDL": 1175.0, "FRADDR": 1190.0, "TOADDR": 1176.0 }, "geometry": { "type": "LineString", "coordinates": [ [ 24.846981, 36.047212 ], [ 24.848351, 36.045705 ] ] } },
{ "type": "Feature", "properties": { "TLID": 184645363, "FEDIRP": "S", "FENAME": "Achilleos", "FETYPE": "St", "FEDIRS": null, "FRADDL": 5400.0, "TOADDL": 5498.0, "FRADDR": 5401.0, "TOADDR": 5499.0 }, "geometry": { "type": "LineString", "coordinates": [ [ 24.851764, 36.04592 ], [ 24.849964, 36.04592 ] ] } },
{ "type": "Feature", "properties": { "TLID": 184645365, "FEDIRP": "S", "FENAME": "Finiatur", "FETYPE": "St", "FEDIRS": null, "FRADDL": 901.0, "TOADDL": 999.0, "FRADDR": 900.0, "TOADDR": 998.0 }, "geometry": { "type": "LineString", "coordinates": [ [ 24.851764, 36.04782 ], [ 24.851764, 36.04702 ] ] } },
{ "type": "Feature", "properties": { "TLID": 184645366, "FEDIRP": "S", "FENAME": "Ermou", "FETYPE": "St", "FEDIRS": null, "FRADDL": 5200.0, "TOADDL": 5398.0, "FRADDR": 5201.0, "TOADDR": 5399.0 }, "geometry": { "type": "LineString", "coordinates": [ [ 24.853364, 36.04782 ], [ 24.851764, 36.04782 ] ] } },
{ "type": "Feature", "properties": { "TLID": 184645367, "FEDIRP": "S", "FENAME": "Els", "FETYPE": "St", "FEDIRS": null, "FRADDL": 5499.0, "TOADDL": 5401.0, "FRADDR": 5498.0, "TOADDR": 5296.0 }, "geometry": { "type": "LineString", "coordinates": [ [ 24.84988, 36.048608 ], [ 24.851792, 36.048628 ] ] } },
{ "type": "Feature", "properties": { "TLID": 184645369, "FEDIRP": "S", "FENAME": "Els", "FETYPE": "St", "FEDIRS": null, "FRADDL": null, "TOADDL": null, "FRADDR": 5198.0, "TOADDR": 5100.0 }, "geometry": { "type": "LineString", "coordinates": [ [ 24.853384, 36.048609 ], [ 24.855264, 36.04862 ] ] } },
{ "type": "Feature", "properties": { "TLID": 184645370, "FEDIRP": "S", "FENAME": "Acera", "FETYPE": "St", "FEDIRS": null, "FRADDL": 5200.0, "TOADDL": 5398.0, "FRADDR": 5201.0, "TOADDR": 5399.0 }, "geometry": { "type": "LineString", "coordinates": [ [ 24.853364, 36.04702 ], [ 24.851764, 36.04702 ] ] } },
{ "type": "Feature", "properties": { "TLID": 184645371, "FEDIRP": "S", "FENAME": "Finiatur", "FETYPE": "St", "FEDIRS": null, "FRADDL": 1001.0, "TOADDL": 1099.0, "FRADDR": 1000.0, "TOADDR": 1098.0 }, "geometry": { "type": "LineString", "coordinates": [ [ 24.851764, 36.04702 ], [ 24.851764, 36.04592 ] ] } },
{ "type": "Feature", "properties": { "TLID": 184645372, "FEDIRP": "N", "FENAME": "Parla", "FETYPE": "St", "FEDIRS": null, "FRADDL": 700.0, "TOADDL": 844.0, "FRADDR": 701.0, "TOADDR": 799.0 }, "geometry": { "type": "LineString", "coordinates": [ [ 24.855364, 36.05102 ], [ 24.855364, 36.05192 ] ] } },
{ "type": "Feature", "properties": { "TLID": 184645373, "FEDIRP": "N", "FENAME": "Els", "FETYPE": "St", "FEDIRS": null, "FRADDL": 5000.0, "TOADDL": 5098.0, "FRADDR": 5001.0, "TOADDR": 5099.0 }, "geometry": { "type": "LineString", "coordinates": [ [ 24.856464, 36.05192 ], [ 24.855364, 36.05192 ] ] } },
{ "type": "Feature", "properties": { "TLID": 184645374, "FEDIRP": "N", "FENAME": "Parla", "FETYPE": "St", "FEDIRS": null, "FRADDL": 600.0, "TOADDL": 698.0, "FRADDR": 601.0, "TOADDR": 699.0 }, "geometry": { "type": "LineString", "coordinates": [ [ 24.855264, 36.05022 ], [ 24.855364, 36.05102 ] ] } },
{ "type": "Feature", "properties": { "TLID": 184645375, "FEDIRP": "N", "FENAME": "Eleftherias", "FETYPE": "St", "FEDIRS": null, "FRADDL": 5000.0, "TOADDL": 5098.0, "FRADDR": 5001.0, "TOADDR": 5099.0 }, "geometry": { "type": "LineString", "coordinates": [ [ 24.856564, 36.05102 ], [ 24.855364, 36.05102 ] ] } },
{ "type": "Feature", "properties": { "TLID": 184645376, "FEDIRP": "S", "FENAME": "Parla", "FETYPE": "St", "FEDIRS": null, "FRADDL": 698.0, "TOADDL": 600.0, "FRADDR": 699.0, "TOADDR": 601.0 }, "geometry": { "type": "LineString", "coordinates": [ [ 24.855265, 36.049448 ], [ 24.855264, 36.05022 ] ] } },
{ "type": "Feature", "properties": { "TLID": 184645377, "FEDIRP": null, "FENAME": "Egeou", "FETYPE": "Ave", "FEDIRS": null, "FRADDL": 5000.0, "TOADDL": 5098.0, "FRADDR": 4855.0, "TOADDR": 5099.0 }, "geometry": { "type": "LineString", "coordinates": [ [ 24.856464, 36.05022 ], [ 24.855264, 36.05022 ] ] } },
{ "type": "Feature", "properties": { "TLID": 184645378, "FEDIRP": "S", "FENAME": "Parla", "FETYPE": "St", "FEDIRS": null, "FRADDL": 798.0, "TOADDL": 700.0, "FRADDR": 805.0, "TOADDR": 701.0 }, "geometry": { "type": "LineString", "coordinates": [ [ 24.855264, 36.04862 ], [ 24.855265, 36.049448 ] ] } },
{ "type": "Feature", "properties": { "TLID": 184645381, "FEDIRP": "S", "FENAME": "Tolleniau", "FETYPE": "St", "FEDIRS": null, "FRADDL": 901.0, "TOADDL": 999.0, "FRADDR": 900.0, "TOADDR": 998.0 }, "geometry": { "type": "LineString", "coordinates": [ [ 24.853364, 36.04782 ], [ 24.853364, 36.04702 ] ] } },
{ "type": "Feature", "properties": { "TLID": 184645382, "FEDIRP": "S", "FENAME": "Ermou", "FETYPE": "St", "FEDIRS": null, "FRADDL": 5100.0, "TOADDL": 5198.0, "FRADDR": 5101.0, "TOADDR": 5199.0 }, "geometry": { "type": "LineString", "coordinates": [ [ 24.855264, 36.04782 ], [ 24.853364, 36.04782 ] ] } },
{ "type": "Feature", "properties": { "TLID": 184645383, "FEDIRP": "S", "FENAME": "Acera", "FETYPE": "St", "FEDIRS": null, "FRADDL": 5100.0, "TOADDL": 5198.0, "FRADDR": 5101.0, "TOADDR": 5199.0 }, "geometry": { "type": "LineString", "coordinates": [ [ 24.855264, 36.04702 ], [ 24.853364, 36.04702 ] ] } },
{ "type": "Feature", "properties": { "TLID": 184645384, "FEDIRP": "S", "FENAME": "Tolleniau", "FETYPE": "St", "FEDIRS": null, "FRADDL": 1001.0, "TOADDL": 1099.0, "FRADDR": 1000.0, "TOADDR": 1098.0 }, "geometry": { "type": "LineString", "coordinates": [ [ 24.853364, 36.04702 ], [ 24.853364, 36.04592 ] ] } },
{ "type": "Feature", "properties": { "TLID": 184645385, "FEDIRP": "S", "FENAME": "Parla", "FETYPE": "St", "FEDIRS": null, "FRADDL": 807.0, "TOADDL": 899.0, "FRADDR": 800.0, "TOADDR": 898.0 }, "geometry": { "type": "LineString", "coordinates": [ [ 24.855264, 36.04862 ], [ 24.855264, 36.04782 ] ] } },
{ "type": "Feature", "properties": { "TLID": 184645386, "FEDIRP": "S", "FENAME": "Parla", "FETYPE": "St", "FEDIRS": null, "FRADDL": 901.0, "TOADDL": 999.0, "FRADDR": 900.0, "TOADDR": 998.0 }, "geometry": { "type": "LineString", "coordinates": [ [ 24.855264, 36.04782 ], [ 24.855264, 36.04702 ] ] } },
{ "type": "Feature", "properties": { "TLID": 184645387, "FEDIRP": "S", "FENAME": "Parla", "FETYPE": "St", "FEDIRS": null, "FRADDL": 1001.0, "TOADDL": 1099.0, "FRADDR": 1000.0, "TOADDR": 1098.0 }, "geometry": { "type": "LineString", "coordinates": [ [ 24.855264, 36.04702 ], [ 24.855264, 36.04592 ] ] } },
{ "type": "Feature", "properties": { "TLID": 184645389, "FEDIRP": "S", "FENAME": "Achilleos", "FETYPE": "St", "FEDIRS": null, "FRADDL": 5200.0, "TOADDL": 5398.0, "FRADDR": 5201.0, "TOADDR": 5399.0 }, "geometry": { "type": "LineString", "coordinates": [ [ 24.853364, 36.04592 ], [ 24.851764, 36.04592 ] ] } },
{ "type": "Feature", "properties": { "TLID": 184645392, "FEDIRP": "S", "FENAME": "Parla", "FETYPE": "St", "FEDIRS": null, "FRADDL": 1101.0, "TOADDL": 1199.0, "FRADDR": 1100.0, "TOADDR": 1198.0 }, "geometry": { "type": "LineString", "coordinates": [ [ 24.855264, 36.04592 ], [ 24.855264, 36.04502 ] ] } },
{ "type": "Feature", "properties": { "TLID": 184645397, "FEDIRP": "N", "FENAME": "Limnou", "FETYPE": "St", "FEDIRS": null, "FRADDL": 700.0, "TOADDL": 798.0, "FRADDR": 701.0, "TOADDR": 799.0 }, "geometry": { "type": "LineString", "coordinates": [ [ 24.856564, 36.05102 ], [ 24.856464, 36.05192 ] ] } },
{ "type": "Feature", "properties": { "TLID": 184645398, "FEDIRP": "N", "FENAME": "Els", "FETYPE": "St", "FEDIRS": null, "FRADDL": 4800.0, "TOADDL": 4998.0, "FRADDR": 4801.0, "TOADDR": 4999.0 }, "geometry": { "type": "LineString", "coordinates": [ [ 24.859464, 36.05192 ], [ 24.856464, 36.05192 ] ] } },
{ "type": "Feature", "properties": { "TLID": 184645399, "FEDIRP": "N", "FENAME": "Limnou", "FETYPE": "St", "FEDIRS": null, "FRADDL": 600.0, "TOADDL": 698.0, "FRADDR": 601.0, "TOADDR": 699.0 }, "geometry": { "type": "LineString", "coordinates": [ [ 24.856464, 36.05022 ], [ 24.856564, 36.05102 ] ] } },
{ "type": "Feature", "properties": { "TLID": 184645400, "FEDIRP": "N", "FENAME": "Eleftherias", "FETYPE": "St", "FEDIRS": null, "FRADDL": 4800.0, "TOADDL": 4998.0, "FRADDR": 4801.0, "TOADDR": 4999.0 }, "geometry": { "type": "LineString", "coordinates": [ [ 24.859464, 36.05102 ], [ 24.856564, 36.05102 ] ] } },
{ "type": "Feature", "properties": { "TLID": 184645401, "FEDIRP": "S", "FENAME": "Limnou", "FETYPE": "St", "FEDIRS": null, "FRADDL": 601.0, "TOADDL": 699.0, "FRADDR": 600.0, "TOADDR": 698.0 }, "geometry": { "type": "LineString", "coordinates": [ [ 24.856464, 36.05022 ], [ 24.856464, 36.04932 ] ] } },
{ "type": "Feature", "properties": { "TLID": 184645402, "FEDIRP": null, "FENAME": "Egeou", "FETYPE": "Ave", "FEDIRS": null, "FRADDL": 4800.0, "TOADDL": 4998.0, "FRADDR": 4801.0, "TOADDR": 4853.0 }, "geometry": { "type": "LineString", "coordinates": [ [ 24.859464, 36.05022 ], [ 24.856464, 36.05022 ] ] } },
{ "type": "Feature", "properties": { "TLID": 184645403, "FEDIRP": "S", "FENAME": "Eleftherias", "FETYPE": "St", "FEDIRS": null, "FRADDL": 4552.0, "TOADDL": 4798.0, "FRADDR": null, "TOADDR": null }, "geometry": { "type": "LineString", "coordinates": [ [ 24.859464, 36.04932 ], [ 24.85938, 36.04932 ] ] } },
{ "type": "Feature", "properties": { "TLID": 184645405, "FEDIRP": "N", "FENAME": "Omirou", "FETYPE": "St", "FEDIRS": null, "FRADDL": 700.0, "TOADDL": 798.0, "FRADDR": 701.0, "TOADDR": 799.0 }, "geometry": { "type": "LineString", "coordinates": [ [ 24.859464, 36.05102 ], [ 24.859464, 36.05192 ] ] } },
{ "type": "Feature", "properties": { "TLID": 184645406, "FEDIRP": "N", "FENAME": "Els", "FETYPE": "St", "FEDIRS": null, "FRADDL": 4600.0, "TOADDL": 4798.0, "FRADDR": 4601.0, "TOADDR": 4799.0 }, "geometry": { "type": "LineString", "coordinates": [ [ 24.861064, 36.05192 ], [ 24.859464, 36.05192 ] ] } },
{ "type": "Feature", "properties": { "TLID": 184645407, "FEDIRP": "N", "FENAME": "Omirou", "FETYPE": "St", "FEDIRS": null, "FRADDL": 600.0, "TOADDL": 698.0, "FRADDR": 601.0, "TOADDR": 699.0 }, "geometry": { "type": "LineString", "coordinates": [ [ 24.859464, 36.05022 ], [ 24.859464, 36.05102 ] ] } },
{ "type": "Feature", "properties": { "TLID": 184645408, "FEDIRP": "N", "FENAME": "Eleftherias", "FETYPE": "St", "FEDIRS": null, "FRADDL": 4600.0, "TOADDL": 4798.0, "FRADDR": 4601.0, "TOADDR": 4799.0 }, "geometry": { "type": "LineString", "coordinates": [ [ 24.861064, 36.05102 ], [ 24.859464, 36.05102 ] ] } },
{ "type": "Feature", "properties": { "TLID": 184645410, "FEDIRP": null, "FENAME": "Egeou", "FETYPE": "Ave", "FEDIRS": null, "FRADDL": 4600.0, "TOADDL": 4798.0, "FRADDR": 4601.0, "TOADDR": 4799.0 }, "geometry": { "type": "LineString", "coordinates": [ [ 24.861164, 36.05022 ], [ 24.859464, 36.05022 ] ] } },
{ "type": "Feature", "properties": { "TLID": 184645412, "FEDIRP": "S", "FENAME": "Eleftherias", "FETYPE": "St", "FEDIRS": null, "FRADDL": 4500.0, "TOADDL": 4550.0, "FRADDR": 4501.0, "TOADDR": 4799.0 }, "geometry": { "type": "LineString", "coordinates": [ [ 24.862364, 36.04932 ], [ 24.859464, 36.04932 ] ] } },
{ "type": "Feature", "properties": { "TLID": 184645414, "FEDIRP": "S", "FENAME": "Omirou", "FETYPE": "St", "FEDIRS": null, "FRADDL": 910.0, "TOADDL": 700.0, "FRADDR": 899.0, "TOADDR": 801.0 }, "geometry": { "type": "LineString", "coordinates": [ [ 24.859464, 36.04742 ], [ 24.859479, 36.047807 ] ] } },
{ "type": "Feature", "properties": { "TLID": 184645416, "FEDIRP": "S", "FENAME": "Ermou", "FETYPE": "St", "FEDIRS": null, "FRADDL": 4500.0, "TOADDL": 4798.0, "FRADDR": 4501.0, "TOADDR": 4799.0 }, "geometry": { "type": "LineString", "coordinates": [ [ 24.862364, 36.04742 ], [ 24.859464, 36.04742 ] ] } },
{ "type": "Feature", "properties": { "TLID": 184645417, "FEDIRP": "S", "FENAME": "Acera", "FETYPE": "St", "FEDIRS": null, "FRADDL": 4500.0, "TOADDL": 4798.0, "FRADDR": 4501.0, "TOADDR": 4799.0 }, "geometry": { "type": "LineString", "coordinates": [ [ 24.862364, 36.04662 ], [ 24.859464, 36.04662 ] ] } },
{ "type": "Feature", "properties": { "TLID": 184645418, "FEDIRP": "S", "FENAME": "Omirou", "FETYPE": "St", "FEDIRS": null, "FRADDL": 1001.0, "TOADDL": 1099.0, "FRADDR": 912.0, "TOADDR": 914.0 }, "geometry": { "type": "LineString", "coordinates": [ [ 24.859464, 36.04662 ], [ 24.859564, 36.04582 ] ] } },
{ "type": "Feature", "properties": { "TLID": 184645419, "FEDIRP": "N", "FENAME": "Hacia", "FETYPE": "St", "FEDIRS": null, "FRADDL": 700.0, "TOADDL": 798.0, "FRADDR": 701.0, "TOADDR": 799.0 }, "geometry": { "type": "LineString", "coordinates": [ [ 24.861064, 36.05102 ], [ 24.861064, 36.05192 ] ] } },
{ "type": "Feature", "properties": { "TLID": 184645420, "FEDIRP": "N", "FENAME": "Els", "FETYPE": "St", "FEDIRS": null, "FRADDL": 4400.0, "TOADDL": 4428.0, "FRADDR": 4403.0, "TOADDR": 4499.0 }, "geometry": { "type": "LineString", "coordinates": [ [ 24.864164, 36.05192 ], [ 24.862464, 36.05192 ] ] } },
{ "type": "Feature", "properties": { "TLID": 184645421, "FEDIRP": "N", "FENAME": "Hacia", "FETYPE": "St", "FEDIRS": null, "FRADDL": 600.0, "TOADDL": 698.0, "FRADDR": 601.0, "TOADDR": 699.0 }, "geometry": { "type": "LineString", "coordinates": [ [ 24.861164, 36.05022 ], [ 24.861064, 36.05102 ] ] } },
{ "type": "Feature", "properties": { "TLID": 184645422, "FEDIRP": null, "FENAME": "Egeou", "FETYPE": "Ave", "FEDIRS": null, "FRADDL": 4500.0, "TOADDL": 4598.0, "FRADDR": 4501.0, "TOADDR": 4599.0 }, "geometry": { "type": "LineString", "coordinates": [ [ 24.862464, 36.05022 ], [ 24.861164, 36.05022 ] ] } },
{ "type": "Feature", "properties": { "TLID": 184645423, "FEDIRP": "N", "FENAME": "Eleftherias", "FETYPE": "St", "FEDIRS": null, "FRADDL": 4500.0, "TOADDL": 4598.0, "FRADDR": 4501.0, "TOADDR": 4599.0 }, "geometry": { "type": "LineString", "coordinates": [ [ 24.862364, 36.05112 ], [ 24.861064, 36.05102 ] ] } },
{ "type": "Feature", "properties": { "TLID": 184645424, "FEDIRP": "N", "FENAME": "Thessalias", "FETYPE": "St", "FEDIRS": null, "FRADDL": 600.0, "TOADDL": 698.0, "FRADDR": 601.0, "TOADDR": 699.0 }, "geometry": { "type": "LineString", "coordinates": [ [ 24.862464, 36.05022 ], [ 24.862364, 36.05112 ] ] } },
{ "type": "Feature", "properties": { "TLID": 184645425, "FEDIRP": "N", "FENAME": "Eleftherias", "FETYPE": "St", "FEDIRS": null, "FRADDL": 4400.0, "TOADDL": 4498.0, "FRADDR": 4401.0, "TOADDR": 4499.0 }, "geometry": { "type": "LineString", "coordinates": [ [ 24.864164, 36.05112 ], [ 24.862364, 36.05112 ] ] } },
{ "type": "Feature", "properties": { "TLID": 184645426, "FEDIRP": "S", "FENAME": "Thessalias", "FETYPE": "St", "FEDIRS": null, "FRADDL": 601.0, "TOADDL": 699.0, "FRADDR": 600.0, "TOADDR": 698.0 }, "geometry": { "type": "LineString", "coordinates": [ [ 24.862464, 36.05022 ], [ 24.862364, 36.04932 ] ] } },
{ "type": "Feature", "properties": { "TLID": 184645427, "FEDIRP": null, "FENAME": "Egeou", "FETYPE": "Ave", "FEDIRS": null, "FRADDL": 4400.0, "TOADDL": 4498.0, "FRADDR": 4401.0, "TOADDR": 4499.0 }, "geometry": { "type": "LineString", "coordinates": [ [ 24.864156, 36.050143 ], [ 24.862464, 36.05022 ] ] } },
{ "type": "Feature", "properties": { "TLID": 184645428, "FEDIRP": "S", "FENAME": "Thessalias", "FETYPE": "St", "FEDIRS": null, "FRADDL": 701.0, "TOADDL": 799.0, "FRADDR": 700.0, "TOADDR": 798.0 }, "geometry": { "type": "LineString", "coordinates": [ [ 24.862364, 36.04932 ], [ 24.862364, 36.04822 ] ] } },
{ "type": "Feature", "properties": { "TLID": 184645429, "FEDIRP": "S", "FENAME": "Eleftherias", "FETYPE": "St", "FEDIRS": null, "FRADDL": 4400.0, "TOADDL": 4498.0, "FRADDR": 4401.0, "TOADDR": 4499.0 }, "geometry": { "type": "LineString", "coordinates": [ [ 24.864164, 36.04922 ], [ 24.862364, 36.04932 ] ] } },
{ "type": "Feature", "properties": { "TLID": 184645430, "FEDIRP": "S", "FENAME": "Els", "FETYPE": "St", "FEDIRS": null, "FRADDL": 4500.0, "TOADDL": 4798.0, "FRADDR": 4501.0, "TOADDR": 4799.0 }, "geometry": { "type": "LineString", "coordinates": [ [ 24.862364, 36.04822 ], [ 24.860764, 36.04832 ] ] } },
{ "type": "Feature", "properties": { "TLID": 184645431, "FEDIRP": "S", "FENAME": "Thessalias", "FETYPE": "St", "FEDIRS": null, "FRADDL": 801.0, "TOADDL": 899.0, "FRADDR": 800.0, "TOADDR": 898.0 }, "geometry": { "type": "LineString", "coordinates": [ [ 24.862364, 36.04822 ], [ 24.862364, 36.04742 ] ] } },
{ "type": "Feature", "properties": { "TLID": 184645432, "FEDIRP": "S", "FENAME": "Els", "FETYPE": "St", "FEDIRS": null, "FRADDL": 4400.0, "TOADDL": 4498.0, "FRADDR": 4401.0, "TOADDR": 4499.0 }, "geometry": { "type": "LineString", "coordinates": [ [ 24.864164, 36.04822 ], [ 24.862364, 36.04822 ] ] } },
{ "type": "Feature", "properties": { "TLID": 184645433, "FEDIRP": "S", "FENAME": "Thessalias", "FETYPE": "St", "FEDIRS": null, "FRADDL": 901.0, "TOADDL": 999.0, "FRADDR": 900.0, "TOADDR": 998.0 }, "geometry": { "type": "LineString", "coordinates": [ [ 24.862364, 36.04742 ], [ 24.862364, 36.04662 ] ] } },
{ "type": "Feature", "properties": { "TLID": 184645434, "FEDIRP": "S", "FENAME": "Ermou", "FETYPE": "St", "FEDIRS": null, "FRADDL": 4400.0, "TOADDL": 4498.0, "FRADDR": 4401.0, "TOADDR": 4499.0 }, "geometry": { "type": "LineString", "coordinates": [ [ 24.864164, 36.04742 ], [ 24.862364, 36.04742 ] ] } },
{ "type": "Feature", "properties": { "TLID": 184645435, "FEDIRP": "S", "FENAME": "Thessalias", "FETYPE": "St", "FEDIRS": null, "FRADDL": 1001.0, "TOADDL": 1099.0, "FRADDR": 1000.0, "TOADDR": 1098.0 }, "geometry": { "type": "LineString", "coordinates": [ [ 24.862364, 36.04662 ], [ 24.862264, 36.04582 ] ] } },
{ "type": "Feature", "properties": { "TLID": 184645436, "FEDIRP": "S", "FENAME": "Acera", "FETYPE": "St", "FEDIRS": null, "FRADDL": 4400.0, "TOADDL": 4498.0, "FRADDR": 4401.0, "TOADDR": 4499.0 }, "geometry": { "type": "LineString", "coordinates": [ [ 24.864264, 36.04662 ], [ 24.862364, 36.04662 ] ] } },
{ "type": "Feature", "properties": { "TLID": 184645441, "FEDIRP": "S", "FENAME": "Achilleos", "FETYPE": "St", "FEDIRS": null, "FRADDL": 4500.0, "TOADDL": 4798.0, "FRADDR": 4501.0, "TOADDR": 4799.0 }, "geometry": { "type": "LineString", "coordinates": [ [ 24.862264, 36.04582 ], [ 24.859564, 36.04582 ] ] } },
{ "type": "Feature", "properties": { "TLID": 184645444, "FEDIRP": "S", "FENAME": "Achilleos", "FETYPE": "St", "FEDIRS": null, "FRADDL": 4400.0, "TOADDL": 4498.0, "FRADDR": 4401.0, "TOADDR": 4499.0 }, "geometry": { "type": "LineString", "coordinates": [ [ 24.864264, 36.04582 ], [ 24.862264, 36.04582 ] ] } },
{ "type": "Feature", "properties": { "TLID": 184645446, "FEDIRP": "N", "FENAME": "Spetson", "FETYPE": "St", "FEDIRS": null, "FRADDL": 700.0, "TOADDL": 798.0, "FRADDR": 701.0, "TOADDR": 799.0 }, "geometry": { "type": "LineString", "coordinates": [ [ 24.864164, 36.05112 ], [ 24.864164, 36.05192 ] ] } },
{ "type": "Feature", "properties": { "TLID": 184645447, "FEDIRP": "N", "FENAME": "Els", "FETYPE": "St", "FEDIRS": null, "FRADDL": 4300.0, "TOADDL": 4398.0, "FRADDR": 4301.0, "TOADDR": 4401.0 }, "geometry": { "type": "LineString", "coordinates": [ [ 24.865964, 36.05192 ], [ 24.864164, 36.05192 ] ] } },
{ "type": "Feature", "properties": { "TLID": 184645448, "FEDIRP": "N", "FENAME": "Spetson", "FETYPE": "St", "FEDIRS": null, "FRADDL": 600.0, "TOADDL": 698.0, "FRADDR": 601.0, "TOADDR": 699.0 }, "geometry": { "type": "LineString", "coordinates": [ [ 24.864156, 36.050143 ], [ 24.864164, 36.05112 ] ] } },
{ "type": "Feature", "properties": { "TLID": 184645449, "FEDIRP": "N", "FENAME": "Eleftherias", "FETYPE": "St", "FEDIRS": null, "FRADDL": 4300.0, "TOADDL": 4398.0, "FRADDR": 4301.0, "TOADDR": 4399.0 }, "geometry": { "type": "LineString", "coordinates": [ [ 24.865964, 36.05112 ], [ 24.864164, 36.05112 ] ] } },
{ "type": "Feature", "properties": { "TLID": 184645450, "FEDIRP": "S", "FENAME": "Spetson", "FETYPE": "St", "FEDIRS": null, "FRADDL": 601.0, "TOADDL": 701.0, "FRADDR": 600.0, "TOADDR": 698.0 }, "geometry": { "type": "LineString", "coordinates": [ [ 24.864156, 36.050143 ], [ 24.864164, 36.04922 ] ] } },
{ "type": "Feature", "properties": { "TLID": 184645451, "FEDIRP": null, "FENAME": "Egeou", "FETYPE": "Ave", "FEDIRS": null, "FRADDL": 4300.0, "TOADDL": 4398.0, "FRADDR": 4301.0, "TOADDR": 4399.0 }, "geometry": { "type": "LineString", "coordinates": [ [ 24.865964, 36.05012 ], [ 24.864156, 36.050143 ] ] } },
{ "type": "Feature", "properties": { "TLID": 184645452, "FEDIRP": "S", "FENAME": "Spetson", "FETYPE": "St", "FEDIRS": null, "FRADDL": 703.0, "TOADDL": 799.0, "FRADDR": 700.0, "TOADDR": 798.0 }, "geometry": { "type": "LineString", "coordinates": [ [ 24.864164, 36.04922 ], [ 24.864164, 36.04822 ] ] } },
{ "type": "Feature", "properties": { "TLID": 184645453, "FEDIRP": "N", "FENAME": "Nia", "FETYPE": "Ave", "FEDIRS": null, "FRADDL": 700.0, "TOADDL": 798.0, "FRADDR": 701.0, "TOADDR": 799.0 }, "geometry": { "type": "LineString", "coordinates": [ [ 24.865964, 36.05112 ], [ 24.865964, 36.05192 ] ] } },
{ "type": "Feature", "properties": { "TLID": 184645454, "FEDIRP": "N", "FENAME": "Nia", "FETYPE": "Ave", "FEDIRS": null, "FRADDL": 600.0, "TOADDL": 698.0, "FRADDR": 601.0, "TOADDR": 699.0 }, "geometry": { "type": "LineString", "coordinates": [ [ 24.865964, 36.05012 ], [ 24.865964, 36.05112 ] ] } },
{ "type": "Feature", "properties": { "TLID": 184645455, "FEDIRP": "N", "FENAME": "Eleftherias", "FETYPE": "St", "FEDIRS": null, "FRADDL": 4100.0, "TOADDL": 4298.0, "FRADDR": 4005.0, "TOADDR": 4299.0 }, "geometry": { "type": "LineString", "coordinates": [ [ 24.868664, 36.05112 ], [ 24.865964, 36.05112 ] ] } },
{ "type": "Feature", "properties": { "TLID": 184645456, "FEDIRP": "S", "FENAME": "Nia", "FETYPE": "Ave", "FEDIRS": null, "FRADDL": 601.0, "TOADDL": 699.0, "FRADDR": 600.0, "TOADDR": 698.0 }, "geometry": { "type": "LineString", "coordinates": [ [ 24.865964, 36.05012 ], [ 24.865982, 36.049257 ] ] } },
{ "type": "Feature", "properties": { "TLID": 184645457, "FEDIRP": null, "FENAME": "Egeou", "FETYPE": "Ave", "FEDIRS": null, "FRADDL": 4100.0, "TOADDL": 4298.0, "FRADDR": 4101.0, "TOADDR": 4299.0 }, "geometry": { "type": "LineString", "coordinates": [ [ 24.868764, 36.05012 ], [ 24.865964, 36.05012 ] ] } },
{ "type": "Feature", "properties": { "TLID": 184645458, "FEDIRP": "S", "FENAME": "Eleftherias", "FETYPE": "St", "FEDIRS": null, "FRADDL": 4300.0, "TOADDL": 4398.0, "FRADDR": 4301.0, "TOADDR": 4399.0 }, "geometry": { "type": "LineString", "coordinates": [ [ 24.865982, 36.049257 ], [ 24.864164, 36.04922 ] ] } },
{ "type": "Feature", "properties": { "TLID": 184645459, "FEDIRP": "S", "FENAME": "Nia", "FETYPE": "Ave", "FEDIRS": null, "FRADDL": 701.0, "TOADDL": 799.0, "FRADDR": 700.0, "TOADDR": 798.0 }, "geometry": { "type": "LineString", "coordinates": [ [ 24.865982, 36.049257 ], [ 24.865964, 36.04822 ] ] } },
{ "type": "Feature", "properties": { "TLID": 184645460, "FEDIRP": "S", "FENAME": "Eleftherias", "FETYPE": "St", "FEDIRS": null, "FRADDL": 4200.0, "TOADDL": 4298.0, "FRADDR": 4201.0, "TOADDR": 4299.0 }, "geometry": { "type": "LineString", "coordinates": [ [ 24.867264, 36.04922 ], [ 24.865982, 36.049257 ] ] } },
{ "type": "Feature", "properties": { "TLID": 184645461, "FEDIRP": "S", "FENAME": "Spetson", "FETYPE": "St", "FEDIRS": null, "FRADDL": 801.0, "TOADDL": 899.0, "FRADDR": 800.0, "TOADDR": 898.0 }, "geometry": { "type": "LineString", "coordinates": [ [ 24.864164, 36.04822 ], [ 24.864164, 36.04742 ] ] } },
{ "type": "Feature", "properties": { "TLID": 184645462, "FEDIRP": "S", "FENAME": "Els", "FETYPE": "St", "FEDIRS": null, "FRADDL": 4300.0, "TOADDL": 4398.0, "FRADDR": 4301.0, "TOADDR": 4399.0 }, "geometry": { "type": "LineString", "coordinates": [ [ 24.865964, 36.04822 ], [ 24.864164, 36.04822 ] ] } },
{ "type": "Feature", "properties": { "TLID": 184645463, "FEDIRP": "S", "FENAME": "Spetson", "FETYPE": "St", "FEDIRS": null, "FRADDL": 901.0, "TOADDL": 999.0, "FRADDR": 900.0, "TOADDR": 998.0 }, "geometry": { "type": "LineString", "coordinates": [ [ 24.864164, 36.04742 ], [ 24.864264, 36.04662 ] ] } },
{ "type": "Feature", "properties": { "TLID": 184645464, "FEDIRP": "S", "FENAME": "Acera", "FETYPE": "St", "FEDIRS": null, "FRADDL": 4300.0, "TOADDL": 4398.0, "FRADDR": 4301.0, "TOADDR": 4399.0 }, "geometry": { "type": "LineString", "coordinates": [ [ 24.865764, 36.04662 ], [ 24.864264, 36.04662 ] ] } },
{ "type": "Feature", "properties": { "TLID": 184645465, "FEDIRP": "S", "FENAME": "Spetson", "FETYPE": "St", "FEDIRS": null, "FRADDL": 1001.0, "TOADDL": 1099.0, "FRADDR": 1000.0, "TOADDR": 1098.0 }, "geometry": { "type": "LineString", "coordinates": [ [ 24.864264, 36.04662 ], [ 24.864264, 36.04582 ] ] } },
{ "type": "Feature", "properties": { "TLID": 184645466, "FEDIRP": "S", "FENAME": "Nia", "FETYPE": "Ave", "FEDIRS": null, "FRADDL": 801.0, "TOADDL": 899.0, "FRADDR": 800.0, "TOADDR": 898.0 }, "geometry": { "type": "LineString", "coordinates": [ [ 24.865964, 36.04822 ], [ 24.865964, 36.04752 ] ] } },
{ "type": "Feature", "properties": { "TLID": 184645467, "FEDIRP": "S", "FENAME": "Ermou", "FETYPE": "St", "FEDIRS": null, "FRADDL": 4300.0, "TOADDL": 4398.0, "FRADDR": 4301.0, "TOADDR": 4399.0 }, "geometry": { "type": "LineString", "coordinates": [ [ 24.865964, 36.04752 ], [ 24.864164, 36.04742 ] ] } },
{ "type": "Feature", "properties": { "TLID": 184645468, "FEDIRP": "S", "FENAME": "Eleftherias", "FETYPE": "St", "FEDIRS": null, "FRADDL": 4100.0, "TOADDL": 4198.0, "FRADDR": 4101.0, "TOADDR": 4199.0 }, "geometry": { "type": "LineString", "coordinates": [ [ 24.868664, 36.04922 ], [ 24.867264, 36.04922 ] ] } },
{ "type": "Feature", "properties": { "TLID": 184645469, "FEDIRP": "S", "FENAME": "Tavla", "FETYPE": "St", "FEDIRS": null, "FRADDL": 701.0, "TOADDL": 799.0, "FRADDR": 700.0, "TOADDR": 798.0 }, "geometry": { "type": "LineString", "coordinates": [ [ 24.867264, 36.04922 ], [ 24.867265, 36.047505 ] ] } },
{ "type": "Feature", "properties": { "TLID": 184645470, "FEDIRP": "N", "FENAME": "Oddisseos", "FETYPE": "St", "FEDIRS": null, "FRADDL": 600.0, "TOADDL": 698.0, "FRADDR": 601.0, "TOADDR": 699.0 }, "geometry": { "type": "LineString", "coordinates": [ [ 24.868764, 36.05012 ], [ 24.868664, 36.05112 ] ] } },
{ "type": "Feature", "properties": { "TLID": 184645471, "FEDIRP": "N", "FENAME": "Eleftherias", "FETYPE": "St", "FEDIRS": null, "FRADDL": 4000.0, "TOADDL": 4098.0, "FRADDR": 4001.0, "TOADDR": 4003.0 }, "geometry": { "type": "LineString", "coordinates": [ [ 24.869864, 36.05112 ], [ 24.868664, 36.05112 ] ] } },
{ "type": "Feature", "properties": { "TLID": 184645472, "FEDIRP": "S", "FENAME": "Oddisseos", "FETYPE": "St", "FEDIRS": null, "FRADDL": 601.0, "TOADDL": 699.0, "FRADDR": 600.0, "TOADDR": 698.0 }, "geometry": { "type": "LineString", "coordinates": [ [ 24.868764, 36.05012 ], [ 24.868664, 36.04922 ] ] } },
{ "type": "Feature", "properties": { "TLID": 184645473, "FEDIRP": null, "FENAME": "Egeou", "FETYPE": "Ave", "FEDIRS": null, "FRADDL": 4000.0, "TOADDL": 4098.0, "FRADDR": 4001.0, "TOADDR": 4099.0 }, "geometry": { "type": "LineString", "coordinates": [ [ 24.869916, 36.05015 ], [ 24.868764, 36.05012 ] ] } },
{ "type": "Feature", "properties": { "TLID": 184645474, "FEDIRP": "S", "FENAME": "Oddisseos", "FETYPE": "St", "FEDIRS": null, "FRADDL": 898.0, "TOADDL": 700.0, "FRADDR": 757.0, "TOADDR": 701.0 }, "geometry": { "type": "LineString", "coordinates": [ [ 24.86842, 36.047441 ], [ 24.868664, 36.04922 ] ] } },
{ "type": "Feature", "properties": { "TLID": 184645475, "FEDIRP": "S", "FENAME": "Eleftherias", "FETYPE": "St", "FEDIRS": null, "FRADDL": 4000.0, "TOADDL": 4098.0, "FRADDR": 4001.0, "TOADDR": 4099.0 }, "geometry": { "type": "LineString", "coordinates": [ [ 24.869865, 36.04922 ], [ 24.868664, 36.04922 ] ] } },
{ "type": "Feature", "properties": { "TLID": 184645476, "FEDIRP": "S", "FENAME": "Tavla", "FETYPE": "St", "FEDIRS": null, "FRADDL": 1001.0, "TOADDL": 1099.0, "FRADDR": 1000.0, "TOADDR": 1098.0 }, "geometry": { "type": "LineString", "coordinates": [ [ 24.866665, 36.04702 ], [ 24.866565, 36.04572 ] ] } },
{ "type": "Feature", "properties": { "TLID": 184645478, "FEDIRP": "S", "FENAME": "Ploutarchou", "FETYPE": "St", "FEDIRS": null, "FRADDL": 1001.0, "TOADDL": 1099.0, "FRADDR": 1000.0, "TOADDR": 1098.0 }, "geometry": { "type": "LineString", "coordinates": [ [ 24.867865, 36.04642 ], [ 24.867965, 36.04562 ] ] } },
{ "type": "Feature", "properties": { "TLID": 184645480, "FEDIRP": "S", "FENAME": "Oddisseos", "FETYPE": "St", "FEDIRS": null, "FRADDL": null, "TOADDL": null, "FRADDR": 1001.0, "TOADDR": 759.0 }, "geometry": { "type": "LineString", "coordinates": [ [ 24.868665, 36.04642 ], [ 24.86842, 36.047441 ] ] } },
{ "type": "Feature", "properties": { "TLID": 184645481, "FEDIRP": "S", "FENAME": "Oddisseos", "FETYPE": "St", "FEDIRS": null, "FRADDL": 1003.0, "TOADDL": 1099.0, "FRADDR": 1000.0, "TOADDR": 1098.0 }, "geometry": { "type": "LineString", "coordinates": [ [ 24.868665, 36.04642 ], [ 24.868565, 36.04562 ] ] } },
{ "type": "Feature", "properties": { "TLID": 184645484, "FEDIRP": "S", "FENAME": "Spetson", "FETYPE": "St", "FEDIRS": null, "FRADDL": 1101.0, "TOADDL": 1151.0, "FRADDR": 1100.0, "TOADDR": 1150.0 }, "geometry": { "type": "LineString", "coordinates": [ [ 24.864264, 36.04582 ], [ 24.864422, 36.045346 ] ] } },
{ "type": "Feature", "properties": { "TLID": 184645488, "FEDIRP": "S", "FENAME": "Nia", "FETYPE": "Ave", "FEDIRS": null, "FRADDL": null, "TOADDL": null, "FRADDR": 1109.0, "TOADDR": 1101.0 }, "geometry": { "type": "LineString", "coordinates": [ [ 24.86491, 36.04551 ], [ 24.86549, 36.04551 ], [ 24.86575, 36.045602 ], [ 24.865887, 36.045686 ], [ 24.865826, 36.045999 ] ] } },
{ "type": "Feature", "properties": { "TLID": 184645489, "FEDIRP": "S", "FENAME": "Achilleos", "FETYPE": "St", "FEDIRS": null, "FRADDL": 4299.0, "TOADDL": 4201.0, "FRADDR": 4310.0, "TOADDR": 4306.0 }, "geometry": { "type": "LineString", "coordinates": [ [ 24.865826, 36.045999 ], [ 24.866565, 36.04572 ] ] } },
{ "type": "Feature", "properties": { "TLID": 184645490, "FEDIRP": "S", "FENAME": "Achilleos", "FETYPE": "St", "FEDIRS": null, "FRADDL": 4200.0, "TOADDL": 4304.0, "FRADDR": 4175.0, "TOADDR": 4199.0 }, "geometry": { "type": "LineString", "coordinates": [ [ 24.867065, 36.04562 ], [ 24.866565, 36.04572 ] ] } },
{ "type": "Feature", "properties": { "TLID": 184645492, "FEDIRP": "S", "FENAME": "Achilleos", "FETYPE": "St", "FEDIRS": null, "FRADDL": 4146.0, "TOADDL": 4198.0, "FRADDR": 4151.0, "TOADDR": 4173.0 }, "geometry": { "type": "LineString", "coordinates": [ [ 24.867965, 36.04562 ], [ 24.867065, 36.04562 ] ] } },
{ "type": "Feature", "properties": { "TLID": 184645495, "FEDIRP": "S", "FENAME": "Achilleos", "FETYPE": "St", "FEDIRS": null, "FRADDL": 4100.0, "TOADDL": 4144.0, "FRADDR": 4101.0, "TOADDR": 4149.0 }, "geometry": { "type": "LineString", "coordinates": [ [ 24.868565, 36.04562 ], [ 24.867965, 36.04562 ] ] } },
{ "type": "Feature", "properties": { "TLID": 184645499, "FEDIRP": "N", "FENAME": "Mikonou", "FETYPE": "St", "FEDIRS": null, "FRADDL": 700.0, "TOADDL": 798.0, "FRADDR": 701.0, "TOADDR": 799.0 }, "geometry": { "type": "LineString", "coordinates": [ [ 24.869864, 36.05112 ], [ 24.869864, 36.05152 ] ] } },
{ "type": "Feature", "properties": { "TLID": 184645500, "FEDIRP": "N", "FENAME": "Mikonou", "FETYPE": "St", "FEDIRS": null, "FRADDL": 600.0, "TOADDL": 698.0, "FRADDR": 601.0, "TOADDR": 699.0 }, "geometry": { "type": "LineString", "coordinates": [ [ 24.869916, 36.05015 ], [ 24.869864, 36.05112 ] ] } },
{ "type": "Feature", "properties": { "TLID": 184645501, "FEDIRP": "N", "FENAME": "Eleftherias", "FETYPE": "St", "FEDIRS": null, "FRADDL": 3900.0, "TOADDL": 3998.0, "FRADDR": 3901.0, "TOADDR": 3999.0 }, "geometry": { "type": "LineString", "coordinates": [ [ 24.871392, 36.051079 ], [ 24.869864, 36.05112 ] ] } },
{ "type": "Feature", "properties": { "TLID": 184645502, "FEDIRP": "N", "FENAME": "Els", "FETYPE": "St", "FEDIRS": null, "FRADDL": 3900.0, "TOADDL": 3998.0, "FRADDR": 3901.0, "TOADDR": 3999.0 }, "geometry": { "type": "LineString", "coordinates": [ [ 24.871374, 36.051901 ], [ 24.870764, 36.05192 ] ] } },
{ "type": "Feature", "properties": { "TLID": 184645503, "FEDIRP": "S", "FENAME": "Mikonou", "FETYPE": "St", "FEDIRS": null, "FRADDL": 601.0, "TOADDL": 699.0, "FRADDR": 600.0, "TOADDR": 698.0 }, "geometry": { "type": "LineString", "coordinates": [ [ 24.869916, 36.05015 ], [ 24.869865, 36.04922 ] ] } },
{ "type": "Feature", "properties": { "TLID": 184645504, "FEDIRP": "S", "FENAME": "Eleftherias", "FETYPE": "St", "FEDIRS": null, "FRADDL": 3900.0, "TOADDL": 3998.0, "FRADDR": 3901.0, "TOADDR": 3999.0 }, "geometry": { "type": "LineString", "coordinates": [ [ 24.871339, 36.049208 ], [ 24.869865, 36.04922 ] ] } },
{ "type": "Feature", "properties": { "TLID": 184645505, "FEDIRP": "S", "FENAME": "Mikonou", "FETYPE": "St", "FEDIRS": null, "FRADDL": 701.0, "TOADDL": 1099.0, "FRADDR": 700.0, "TOADDR": 1098.0 }, "geometry": { "type": "LineString", "coordinates": [ [ 24.869865, 36.04922 ], [ 24.870065, 36.04572 ] ] } },
{ "type": "Feature", "properties": { "TLID": 184645506, "FEDIRP": "N", "FENAME": "Polvo", "FETYPE": "St", "FEDIRS": null, "FRADDL": 700.0, "TOADDL": 798.0, "FRADDR": 701.0, "TOADDR": 799.0 }, "geometry": { "type": "LineString", "coordinates": [ [ 24.871392, 36.051079 ], [ 24.871374, 36.051901 ] ] } },
{ "type": "Feature", "properties": { "TLID": 184645507, "FEDIRP": "N", "FENAME": "Polvo", "FETYPE": "St", "FEDIRS": null, "FRADDL": 600.0, "TOADDL": 698.0, "FRADDR": 601.0, "TOADDR": 699.0 }, "geometry": { "type": "LineString", "coordinates": [ [ 24.871409, 36.05015 ], [ 24.871392, 36.051079 ] ] } },
{ "type": "Feature", "properties": { "TLID": 184645508, "FEDIRP": "N", "FENAME": "Eleftherias", "FETYPE": "St", "FEDIRS": null, "FRADDL": 3800.0, "TOADDL": 3898.0, "FRADDR": 3801.0, "TOADDR": 3899.0 }, "geometry": { "type": "LineString", "coordinates": [ [ 24.873765, 36.05102 ], [ 24.871392, 36.051079 ] ] } },
{ "type": "Feature", "properties": { "TLID": 184645509, "FEDIRP": null, "FENAME": "Egeou", "FETYPE": "Ave", "FEDIRS": null, "FRADDL": 3900.0, "TOADDL": 3998.0, "FRADDR": 3901.0, "TOADDR": 3999.0 }, "geometry": { "type": "LineString", "coordinates": [ [ 24.871409, 36.05015 ], [ 24.869916, 36.05015 ] ] } },
{ "type": "Feature", "properties": { "TLID": 184645510, "FEDIRP": "S", "FENAME": "Polvo", "FETYPE": "St", "FEDIRS": null, "FRADDL": 601.0, "TOADDL": 699.0, "FRADDR": 600.0, "TOADDR": 698.0 }, "geometry": { "type": "LineString", "coordinates": [ [ 24.871409, 36.05015 ], [ 24.871339, 36.049208 ] ] } },
{ "type": "Feature", "properties": { "TLID": 184645511, "FEDIRP": null, "FENAME": "Egeou", "FETYPE": "Ave", "FEDIRS": null, "FRADDL": 3800.0, "TOADDL": 3898.0, "FRADDR": 3801.0, "TOADDR": 3899.0 }, "geometry": { "type": "LineString", "coordinates": [ [ 24.873816, 36.050138 ], [ 24.871409, 36.05015 ] ] } },
{ "type": "Feature", "properties": { "TLID": 184645512, "FEDIRP": "S", "FENAME": "Polvo", "FETYPE": "St", "FEDIRS": null, "FRADDL": 701.0, "TOADDL": 799.0, "FRADDR": 700.0, "TOADDR": 798.0 }, "geometry": { "type": "LineString", "coordinates": [ [ 24.871339, 36.049208 ], [ 24.871365, 36.04832 ] ] } },
{ "type": "Feature", "properties": { "TLID": 184645513, "FEDIRP": "S", "FENAME": "Eleftherias", "FETYPE": "St", "FEDIRS": null, "FRADDL": 3800.0, "TOADDL": 3898.0, "FRADDR": 3801.0, "TOADDR": 3899.0 }, "geometry": { "type": "LineString", "coordinates": [ [ 24.873765, 36.04922 ], [ 24.871339, 36.049208 ] ] } },
{ "type": "Feature", "properties": { "TLID": 184645514, "FEDIRP": "S", "FENAME": "Polvo", "FETYPE": "St", "FEDIRS": null, "FRADDL": 801.0, "TOADDL": 899.0, "FRADDR": 800.0, "TOADDR": 898.0 }, "geometry": { "type": "LineString", "coordinates": [ [ 24.871365, 36.04832 ], [ 24.871363, 36.047414 ] ] } },
{ "type": "Feature", "properties": { "TLID": 184645515, "FEDIRP": "S", "FENAME": "Els", "FETYPE": "St", "FEDIRS": null, "FRADDL": 3800.0, "TOADDL": 3898.0, "FRADDR": 3801.0, "TOADDR": 3899.0 }, "geometry": { "type": "LineString", "coordinates": [ [ 24.873765, 36.04832 ], [ 24.871365, 36.04832 ] ] } },
{ "type": "Feature", "properties": { "TLID": 184645516, "FEDIRP": "S", "FENAME": "Polvo", "FETYPE": "St", "FEDIRS": null, "FRADDL": 901.0, "TOADDL": 999.0, "FRADDR": 900.0, "TOADDR": 998.0 }, "geometry": { "type": "LineString", "coordinates": [ [ 24.871363, 36.047414 ], [ 24.871365, 36.04662 ] ] } },
{ "type": "Feature", "properties": { "TLID": 184645517, "FEDIRP": "S", "FENAME": "Acera", "FETYPE": "St", "FEDIRS": null, "FRADDL": 3800.0, "TOADDL": 3898.0, "FRADDR": 3801.0, "TOADDR": 3899.0 }, "geometry": { "type": "LineString", "coordinates": [ [ 24.873765, 36.04662 ], [ 24.871365, 36.04662 ] ] } },
{ "type": "Feature", "properties": { "TLID": 184645518, "FEDIRP": "S", "FENAME": "Polvo", "FETYPE": "St", "FEDIRS": null, "FRADDL": 1001.0, "TOADDL": 1099.0, "FRADDR": 1000.0, "TOADDR": 1098.0 }, "geometry": { "type": "LineString", "coordinates": [ [ 24.871365, 36.04662 ], [ 24.871265, 36.04572 ] ] } },
{ "type": "Feature", "properties": { "TLID": 184645519, "FEDIRP": "N", "FENAME": "Els", "FETYPE": "St", "FEDIRS": null, "FRADDL": 3800.0, "TOADDL": 3898.0, "FRADDR": 3801.0, "TOADDR": 3899.0 }, "geometry": { "type": "LineString", "coordinates": [ [ 24.873765, 36.05192 ], [ 24.871374, 36.051901 ] ] } },
{ "type": "Feature", "properties": { "TLID": 184645520, "FEDIRP": "N", "FENAME": "Estos", "FETYPE": "St", "FEDIRS": null, "FRADDL": 700.0, "TOADDL": 798.0, "FRADDR": 701.0, "TOADDR": 799.0 }, "geometry": { "type": "LineString", "coordinates": [ [ 24.873765, 36.05102 ], [ 24.873765, 36.05192 ] ] } },
{ "type": "Feature", "properties": { "TLID": 184645521, "FEDIRP": "N", "FENAME": "Els", "FETYPE": "St", "FEDIRS": null, "FRADDL": 3700.0, "TOADDL": 3798.0, "FRADDR": 3701.0, "TOADDR": 3799.0 }, "geometry": { "type": "LineString", "coordinates": [ [ 24.875165, 36.05192 ], [ 24.873765, 36.05192 ] ] } },
{ "type": "Feature", "properties": { "TLID": 184645522, "FEDIRP": "N", "FENAME": "Estos", "FETYPE": "St", "FEDIRS": null, "FRADDL": 600.0, "TOADDL": 698.0, "FRADDR": 601.0, "TOADDR": 699.0 }, "geometry": { "type": "LineString", "coordinates": [ [ 24.873816, 36.050138 ], [ 24.873765, 36.05102 ] ] } },
{ "type": "Feature", "properties": { "TLID": 184645523, "FEDIRP": "N", "FENAME": "Eleftherias", "FETYPE": "St", "FEDIRS": null, "FRADDL": 3700.0, "TOADDL": 3798.0, "FRADDR": 3701.0, "TOADDR": 3799.0 }, "geometry": { "type": "LineString", "coordinates": [ [ 24.875165, 36.05102 ], [ 24.873765, 36.05102 ] ] } },
{ "type": "Feature", "properties": { "TLID": 184645524, "FEDIRP": "S", "FENAME": "Estos", "FETYPE": "St", "FEDIRS": null, "FRADDL": 601.0, "TOADDL": 699.0, "FRADDR": 600.0, "TOADDR": 698.0 }, "geometry": { "type": "LineString", "coordinates": [ [ 24.873816, 36.050138 ], [ 24.873765, 36.04922 ] ] } },
{ "type": "Feature", "properties": { "TLID": 184645525, "FEDIRP": null, "FENAME": "Egeou", "FETYPE": "Ave", "FEDIRS": null, "FRADDL": 3700.0, "TOADDL": 3798.0, "FRADDR": 3701.0, "TOADDR": 3799.0 }, "geometry": { "type": "LineString", "coordinates": [ [ 24.875365, 36.05012 ], [ 24.873816, 36.050138 ] ] } },
{ "type": "Feature", "properties": { "TLID": 184645526, "FEDIRP": "S", "FENAME": "Eleftherias", "FETYPE": "St", "FEDIRS": null, "FRADDL": 3700.0, "TOADDL": 3798.0, "FRADDR": 3701.0, "TOADDR": 3799.0 }, "geometry": { "type": "LineString", "coordinates": [ [ 24.875265, 36.04922 ], [ 24.873765, 36.04922 ] ] } },
{ "type": "Feature", "properties": { "TLID": 184645527, "FEDIRP": "S", "FENAME": "Estos", "FETYPE": "St", "FEDIRS": null, "FRADDL": 701.0, "TOADDL": 799.0, "FRADDR": 700.0, "TOADDR": 798.0 }, "geometry": { "type": "LineString", "coordinates": [ [ 24.873765, 36.04922 ], [ 24.873765, 36.04832 ] ] } },
{ "type": "Feature", "properties": { "TLID": 184645528, "FEDIRP": "N", "FENAME": "Utmana", "FETYPE": "St", "FEDIRS": null, "FRADDL": 700.0, "TOADDL": 798.0, "FRADDR": 701.0, "TOADDR": 799.0 }, "geometry": { "type": "LineString", "coordinates": [ [ 24.875165, 36.05102 ], [ 24.875165, 36.05192 ] ] } },
{ "type": "Feature", "properties": { "TLID": 184645529, "FEDIRP": "N", "FENAME": "Els", "FETYPE": "St", "FEDIRS": null, "FRADDL": 3600.0, "TOADDL": 3698.0, "FRADDR": 3601.0, "TOADDR": 3699.0 }, "geometry": { "type": "LineString", "coordinates": [ [ 24.876565, 36.05192 ], [ 24.875165, 36.05192 ] ] } },
{ "type": "Feature", "properties": { "TLID": 184645530, "FEDIRP": "N", "FENAME": "Utmana", "FETYPE": "St", "FEDIRS": null, "FRADDL": 600.0, "TOADDL": 698.0, "FRADDR": 601.0, "TOADDR": 699.0 }, "geometry": { "type": "LineString", "coordinates": [ [ 24.875365, 36.05012 ], [ 24.875165, 36.05102 ] ] } },
{ "type": "Feature", "properties": { "TLID": 184645531, "FEDIRP": "N", "FENAME": "Eleftherias", "FETYPE": "St", "FEDIRS": null, "FRADDL": 3600.0, "TOADDL": 3698.0, "FRADDR": 3601.0, "TOADDR": 3699.0 }, "geometry": { "type": "LineString", "coordinates": [ [ 24.876565, 36.05102 ], [ 24.875165, 36.05102 ] ] } },
{ "type": "Feature", "properties": { "TLID": 184645532, "FEDIRP": "S", "FENAME": "Utmana", "FETYPE": "St", "FEDIRS": null, "FRADDL": 601.0, "TOADDL": 699.0, "FRADDR": 600.0, "TOADDR": 698.0 }, "geometry": { "type": "LineString", "coordinates": [ [ 24.875365, 36.05012 ], [ 24.875265, 36.04922 ] ] } },
{ "type": "Feature", "properties": { "TLID": 184645533, "FEDIRP": null, "FENAME": "Egeou", "FETYPE": "Ave", "FEDIRS": null, "FRADDL": 3600.0, "TOADDL": 3698.0, "FRADDR": 3601.0, "TOADDR": 3699.0 }, "geometry": { "type": "LineString", "coordinates": [ [ 24.876665, 36.05012 ], [ 24.875365, 36.05012 ] ] } },
{ "type": "Feature", "properties": { "TLID": 184645534, "FEDIRP": "S", "FENAME": "Utmana", "FETYPE": "St", "FEDIRS": null, "FRADDL": 701.0, "TOADDL": 799.0, "FRADDR": 700.0, "TOADDR": 798.0 }, "geometry": { "type": "LineString", "coordinates": [ [ 24.875265, 36.04922 ], [ 24.875265, 36.04832 ] ] } },
{ "type": "Feature", "properties": { "TLID": 184645535, "FEDIRP": "S", "FENAME": "Eleftherias", "FETYPE": "St", "FEDIRS": null, "FRADDL": 3600.0, "TOADDL": 3698.0, "FRADDR": 3601.0, "TOADDR": 3699.0 }, "geometry": { "type": "LineString", "coordinates": [ [ 24.876665, 36.04912 ], [ 24.875265, 36.04922 ] ] } },
{ "type": "Feature", "properties": { "TLID": 184645536, "FEDIRP": "S", "FENAME": "Estos", "FETYPE": "St", "FEDIRS": null, "FRADDL": 801.0, "TOADDL": 899.0, "FRADDR": 800.0, "TOADDR": 898.0 }, "geometry": { "type": "LineString", "coordinates": [ [ 24.873765, 36.04832 ], [ 24.873759, 36.047439 ] ] } },
{ "type": "Feature", "properties": { "TLID": 184645537, "FEDIRP": "S", "FENAME": "Els", "FETYPE": "St", "FEDIRS": null, "FRADDL": 3700.0, "TOADDL": 3798.0, "FRADDR": 3701.0, "TOADDR": 3799.0 }, "geometry": { "type": "LineString", "coordinates": [ [ 24.875265, 36.04832 ], [ 24.873765, 36.04832 ] ] } },
{ "type": "Feature", "properties": { "TLID": 184645538, "FEDIRP": "S", "FENAME": "Ermou", "FETYPE": "St", "FEDIRS": null, "FRADDL": 3800.0, "TOADDL": 3898.0, "FRADDR": 3801.0, "TOADDR": 3899.0 }, "geometry": { "type": "LineString", "coordinates": [ [ 24.873759, 36.047439 ], [ 24.871363, 36.047414 ] ] } },
{ "type": "Feature", "properties": { "TLID": 184645539, "FEDIRP": "S", "FENAME": "Estos", "FETYPE": "St", "FEDIRS": null, "FRADDL": 901.0, "TOADDL": 999.0, "FRADDR": 900.0, "TOADDR": 998.0 }, "geometry": { "type": "LineString", "coordinates": [ [ 24.873759, 36.047439 ], [ 24.873765, 36.04662 ] ] } },
{ "type": "Feature", "properties": { "TLID": 184645540, "FEDIRP": "S", "FENAME": "Ermou", "FETYPE": "St", "FEDIRS": null, "FRADDL": 3700.0, "TOADDL": 3798.0, "FRADDR": 3701.0, "TOADDR": 3799.0 }, "geometry": { "type": "LineString", "coordinates": [ [ 24.875165, 36.04742 ], [ 24.873759, 36.047439 ] ] } },
{ "type": "Feature", "properties": { "TLID": 184645541, "FEDIRP": "S", "FENAME": "Acera", "FETYPE": "St", "FEDIRS": null, "FRADDL": 3700.0, "TOADDL": 3798.0, "FRADDR": 3701.0, "TOADDR": 3799.0 }, "geometry": { "type": "LineString", "coordinates": [ [ 24.875165, 36.04662 ], [ 24.873765, 36.04662 ] ] } },
{ "type": "Feature", "properties": { "TLID": 184645542, "FEDIRP": "S", "FENAME": "Estos", "FETYPE": "St", "FEDIRS": null, "FRADDL": 1001.0, "TOADDL": 1099.0, "FRADDR": 1000.0, "TOADDR": 1098.0 }, "geometry": { "type": "LineString", "coordinates": [ [ 24.873765, 36.04662 ], [ 24.873765, 36.04572 ] ] } },
{ "type": "Feature", "properties": { "TLID": 184645543, "FEDIRP": "S", "FENAME": "Utmana", "FETYPE": "St", "FEDIRS": null, "FRADDL": 801.0, "TOADDL": 899.0, "FRADDR": 800.0, "TOADDR": 898.0 }, "geometry": { "type": "LineString", "coordinates": [ [ 24.875265, 36.04832 ], [ 24.875165, 36.04742 ] ] } },
{ "type": "Feature", "properties": { "TLID": 184645544, "FEDIRP": "S", "FENAME": "Els", "FETYPE": "St", "FEDIRS": null, "FRADDL": 3600.0, "TOADDL": 3698.0, "FRADDR": 3601.0, "TOADDR": 3699.0 }, "geometry": { "type": "LineString", "coordinates": [ [ 24.876665, 36.04832 ], [ 24.875265, 36.04832 ] ] } },
{ "type": "Feature", "properties": { "TLID": 184645545, "FEDIRP": "S", "FENAME": "Utmana", "FETYPE": "St", "FEDIRS": null, "FRADDL": 901.0, "TOADDL": 999.0, "FRADDR": 900.0, "TOADDR": 998.0 }, "geometry": { "type": "LineString", "coordinates": [ [ 24.875165, 36.04742 ], [ 24.875165, 36.04662 ] ] } },
{ "type": "Feature", "properties": { "TLID": 184645546, "FEDIRP": "S", "FENAME": "Utmana", "FETYPE": "St", "FEDIRS": null, "FRADDL": 1001.0, "TOADDL": 1099.0, "FRADDR": 1000.0, "TOADDR": 1098.0 }, "geometry": { "type": "LineString", "coordinates": [ [ 24.875165, 36.04662 ], [ 24.875165, 36.04572 ] ] } },
{ "type": "Feature", "properties": { "TLID": 184645547, "FEDIRP": "S", "FENAME": "Acera", "FETYPE": "St", "FEDIRS": null, "FRADDL": 3600.0, "TOADDL": 3698.0, "FRADDR": 3601.0, "TOADDR": 3699.0 }, "geometry": { "type": "LineString", "coordinates": [ [ 24.876765, 36.04662 ], [ 24.875165, 36.04662 ] ] } },
{ "type": "Feature", "properties": { "TLID": 184645551, "FEDIRP": "S", "FENAME": "Achilleos", "FETYPE": "St", "FEDIRS": null, "FRADDL": 3900.0, "TOADDL": 3998.0, "FRADDR": 3901.0, "TOADDR": 3999.0 }, "geometry": { "type": "LineString", "coordinates": [ [ 24.871265, 36.04572 ], [ 24.870065, 36.04572 ] ] } },
{ "type": "Feature", "properties": { "TLID": 184645553, "FEDIRP": "S", "FENAME": "Achilleos", "FETYPE": "St", "FEDIRS": null, "FRADDL": 3800.0, "TOADDL": 3898.0, "FRADDR": 3801.0, "TOADDR": 3899.0 }, "geometry": { "type": "LineString", "coordinates": [ [ 24.873765, 36.04572 ], [ 24.871265, 36.04572 ] ] } },
{ "type": "Feature", "properties": { "TLID": 184645561, "FEDIRP": "S", "FENAME": "Achilleos", "FETYPE": "St", "FEDIRS": null, "FRADDL": 3600.0, "TOADDL": 3698.0, "FRADDR": 3601.0, "TOADDR": 3699.0 }, "geometry": { "type": "LineString", "coordinates": [ [ 24.876765, 36.04572 ], [ 24.875165, 36.04572 ] ] } },
{ "type": "Feature", "properties": { "TLID": 184645562, "FEDIRP": "N", "FENAME": "Taxiarchon", "FETYPE": "Ave", "FEDIRS": null, "FRADDL": 723.0, "TOADDL": 799.0, "FRADDR": 722.0, "TOADDR": 798.0 }, "geometry": { "type": "LineString", "coordinates": [ [ 24.876565, 36.05102 ], [ 24.876565, 36.05192 ] ] } },
{ "type": "Feature", "properties": { "TLID": 184645563, "FEDIRP": "N", "FENAME": "Els", "FETYPE": "St", "FEDIRS": null, "FRADDL": 3500.0, "TOADDL": 3598.0, "FRADDR": 3501.0, "TOADDR": 3599.0 }, "geometry": { "type": "LineString", "coordinates": [ [ 24.878065, 36.05192 ], [ 24.876565, 36.05192 ] ] } },
{ "type": "Feature", "properties": { "TLID": 184645564, "FEDIRP": "N", "FENAME": "Taxiarchon", "FETYPE": "Ave", "FEDIRS": null, "FRADDL": 600.0, "TOADDL": 698.0, "FRADDR": 601.0, "TOADDR": 699.0 }, "geometry": { "type": "LineString", "coordinates": [ [ 24.876665, 36.05012 ], [ 24.876565, 36.05102 ] ] } },
{ "type": "Feature", "properties": { "TLID": 184645565, "FEDIRP": "N", "FENAME": "Eleftherias", "FETYPE": "St", "FEDIRS": null, "FRADDL": 3500.0, "TOADDL": 3598.0, "FRADDR": 3501.0, "TOADDR": 3599.0 }, "geometry": { "type": "LineString", "coordinates": [ [ 24.878065, 36.05102 ], [ 24.876565, 36.05102 ] ] } },
{ "type": "Feature", "properties": { "TLID": 184645566, "FEDIRP": null, "FENAME": "Egeou", "FETYPE": "Ave", "FEDIRS": null, "FRADDL": 3500.0, "TOADDL": 3598.0, "FRADDR": 3501.0, "TOADDR": 3599.0 }, "geometry": { "type": "LineString", "coordinates": [ [ 24.878065, 36.05012 ], [ 24.876665, 36.05012 ] ] } },
{ "type": "Feature", "properties": { "TLID": 184645567, "FEDIRP": "S", "FENAME": "Taxiarchon", "FETYPE": "Ave", "FEDIRS": null, "FRADDL": 601.0, "TOADDL": 699.0, "FRADDR": 600.0, "TOADDR": 698.0 }, "geometry": { "type": "LineString", "coordinates": [ [ 24.876665, 36.05012 ], [ 24.876665, 36.04912 ] ] } },
{ "type": "Feature", "properties": { "TLID": 184645568, "FEDIRP": "N", "FENAME": "Profitou Ilia", "FETYPE": "Ave", "FEDIRS": null, "FRADDL": 700.0, "TOADDL": 798.0, "FRADDR": 701.0, "TOADDR": 799.0 }, "geometry": { "type": "LineString", "coordinates": [ [ 24.878065, 36.05102 ], [ 24.878065, 36.05192 ] ] } },
{ "type": "Feature", "properties": { "TLID": 184645569, "FEDIRP": "N", "FENAME": "Els", "FETYPE": "St", "FEDIRS": null, "FRADDL": 3400.0, "TOADDL": 3498.0, "FRADDR": 3401.0, "TOADDR": 3499.0 }, "geometry": { "type": "LineString", "coordinates": [ [ 24.879565, 36.05192 ], [ 24.878065, 36.05192 ] ] } },
{ "type": "Feature", "properties": { "TLID": 184645570, "FEDIRP": "N", "FENAME": "Profitou Ilia", "FETYPE": "Ave", "FEDIRS": null, "FRADDL": 600.0, "TOADDL": 698.0, "FRADDR": 601.0, "TOADDR": 699.0 }, "geometry": { "type": "LineString", "coordinates": [ [ 24.878065, 36.05012 ], [ 24.878065, 36.05102 ] ] } },
{ "type": "Feature", "properties": { "TLID": 184645571, "FEDIRP": "N", "FENAME": "Eleftherias", "FETYPE": "St", "FEDIRS": null, "FRADDL": 3400.0, "TOADDL": 3498.0, "FRADDR": 3401.0, "TOADDR": 3499.0 }, "geometry": { "type": "LineString", "coordinates": [ [ 24.879565, 36.05102 ], [ 24.878065, 36.05102 ] ] } },
{ "type": "Feature", "properties": { "TLID": 184645572, "FEDIRP": "S", "FENAME": "Profitou Ilia", "FETYPE": "Ave", "FEDIRS": null, "FRADDL": 601.0, "TOADDL": 699.0, "FRADDR": 600.0, "TOADDR": 698.0 }, "geometry": { "type": "LineString", "coordinates": [ [ 24.878065, 36.05012 ], [ 24.878065, 36.04912 ] ] } },
{ "type": "Feature", "properties": { "TLID": 184645573, "FEDIRP": "S", "FENAME": "Taxiarchon", "FETYPE": "Ave", "FEDIRS": null, "FRADDL": 701.0, "TOADDL": 799.0, "FRADDR": 700.0, "TOADDR": 798.0 }, "geometry": { "type": "LineString", "coordinates": [ [ 24.876665, 36.04912 ], [ 24.876665, 36.04832 ] ] } },
{ "type": "Feature", "properties": { "TLID": 184645574, "FEDIRP": "S", "FENAME": "Eleftherias", "FETYPE": "St", "FEDIRS": null, "FRADDL": 3500.0, "TOADDL": 3598.0, "FRADDR": 3501.0, "TOADDR": 3599.0 }, "geometry": { "type": "LineString", "coordinates": [ [ 24.878065, 36.04912 ], [ 24.876665, 36.04912 ] ] } },
{ "type": "Feature", "properties": { "TLID": 184645575, "FEDIRP": "S", "FENAME": "Taxiarchon", "FETYPE": "Ave", "FEDIRS": null, "FRADDL": 801.0, "TOADDL": 899.0, "FRADDR": 800.0, "TOADDR": 898.0 }, "geometry": { "type": "LineString", "coordinates": [ [ 24.876665, 36.04832 ], [ 24.876767, 36.047439 ] ] } },
{ "type": "Feature", "properties": { "TLID": 184645576, "FEDIRP": "S", "FENAME": "Els", "FETYPE": "St", "FEDIRS": null, "FRADDL": 3500.0, "TOADDL": 3598.0, "FRADDR": 3501.0, "TOADDR": 3599.0 }, "geometry": { "type": "LineString", "coordinates": [ [ 24.878165, 36.04832 ], [ 24.876665, 36.04832 ] ] } },
{ "type": "Feature", "properties": { "TLID": 184645577, "FEDIRP": "S", "FENAME": "Ermou", "FETYPE": "St", "FEDIRS": null, "FRADDL": 3600.0, "TOADDL": 3698.0, "FRADDR": 3601.0, "TOADDR": 3699.0 }, "geometry": { "type": "LineString", "coordinates": [ [ 24.876767, 36.047439 ], [ 24.875165, 36.04742 ] ] } },
{ "type": "Feature", "properties": { "TLID": 184645579, "FEDIRP": "S", "FENAME": "Ermou", "FETYPE": "St", "FEDIRS": null, "FRADDL": 3500.0, "TOADDL": 3598.0, "FRADDR": 3501.0, "TOADDR": 3599.0 }, "geometry": { "type": "LineString", "coordinates": [ [ 24.878065, 36.04742 ], [ 24.876767, 36.047439 ] ] } },
{ "type": "Feature", "properties": { "TLID": 184645580, "FEDIRP": "S", "FENAME": "Acera", "FETYPE": "St", "FEDIRS": null, "FRADDL": 3500.0, "TOADDL": 3598.0, "FRADDR": 3501.0, "TOADDR": 3599.0 }, "geometry": { "type": "LineString", "coordinates": [ [ 24.878165, 36.04652 ], [ 24.876765, 36.04662 ] ] } },
{ "type": "Feature", "properties": { "TLID": 184645581, "FEDIRP": "S", "FENAME": "Taxiarchon", "FETYPE": "Ave", "FEDIRS": null, "FRADDL": 1001.0, "TOADDL": 1099.0, "FRADDR": 1000.0, "TOADDR": 1098.0 }, "geometry": { "type": "LineString", "coordinates": [ [ 24.876765, 36.04662 ], [ 24.876765, 36.04572 ] ] } },
{ "type": "Feature", "properties": { "TLID": 184645582, "FEDIRP": "S", "FENAME": "Profitou Ilia", "FETYPE": "Ave", "FEDIRS": null, "FRADDL": 701.0, "TOADDL": 799.0, "FRADDR": 700.0, "TOADDR": 798.0 }, "geometry": { "type": "LineString", "coordinates": [ [ 24.878065, 36.04912 ], [ 24.878165, 36.04832 ] ] } },
{ "type": "Feature", "properties": { "TLID": 184645584, "FEDIRP": "S", "FENAME": "Profitou Ilia", "FETYPE": "Ave", "FEDIRS": null, "FRADDL": 801.0, "TOADDL": 899.0, "FRADDR": 800.0, "TOADDR": 898.0 }, "geometry": { "type": "LineString", "coordinates": [ [ 24.878165, 36.04832 ], [ 24.878065, 36.04742 ] ] } },
{ "type": "Feature", "properties": { "TLID": 184645586, "FEDIRP": "S", "FENAME": "Ermou", "FETYPE": "St", "FEDIRS": null, "FRADDL": 3300.0, "TOADDL": 3398.0, "FRADDR": 3301.0, "TOADDR": 3399.0 }, "geometry": { "type": "LineString", "coordinates": [ [ 24.881065, 36.047421 ], [ 24.879565, 36.047421 ] ] } },
{ "type": "Feature", "properties": { "TLID": 184645587, "FEDIRP": "S", "FENAME": "Acera", "FETYPE": "St", "FEDIRS": null, "FRADDL": 3400.0, "TOADDL": 3498.0, "FRADDR": 3401.0, "TOADDR": 3499.0 }, "geometry": { "type": "LineString", "coordinates": [ [ 24.879565, 36.046521 ], [ 24.878165, 36.04652 ] ] } },
{ "type": "Feature", "properties": { "TLID": 184645588, "FEDIRP": "S", "FENAME": "Profitou Ilia", "FETYPE": "Ave", "FEDIRS": null, "FRADDL": 1001.0, "TOADDL": 1099.0, "FRADDR": 1000.0, "TOADDR": 1098.0 }, "geometry": { "type": "LineString", "coordinates": [ [ 24.878165, 36.04652 ], [ 24.878165, 36.045721 ] ] } },
{ "type": "Feature", "properties": { "TLID": 184645589, "FEDIRP": "N", "FENAME": "Utanfor", "FETYPE": "St", "FEDIRS": null, "FRADDL": 700.0, "TOADDL": 798.0, "FRADDR": 701.0, "TOADDR": 799.0 }, "geometry": { "type": "LineString", "coordinates": [ [ 24.879565, 36.05102 ], [ 24.879565, 36.05192 ] ] } },
{ "type": "Feature", "properties": { "TLID": 184645590, "FEDIRP": "N", "FENAME": "Els", "FETYPE": "St", "FEDIRS": null, "FRADDL": 3300.0, "TOADDL": 3398.0, "FRADDR": 3301.0, "TOADDR": 3399.0 }, "geometry": { "type": "LineString", "coordinates": [ [ 24.880965, 36.051921 ], [ 24.879565, 36.05192 ] ] } },
{ "type": "Feature", "properties": { "TLID": 184645591, "FEDIRP": "N", "FENAME": "Utanfor", "FETYPE": "St", "FEDIRS": null, "FRADDL": 600.0, "TOADDL": 698.0, "FRADDR": 601.0, "TOADDR": 699.0 }, "geometry": { "type": "LineString", "coordinates": [ [ 24.879565, 36.05022 ], [ 24.879565, 36.05102 ] ] } },
{ "type": "Feature", "properties": { "TLID": 184645592, "FEDIRP": "N", "FENAME": "Eleftherias", "FETYPE": "St", "FEDIRS": null, "FRADDL": 3300.0, "TOADDL": 3398.0, "FRADDR": 3301.0, "TOADDR": 3399.0 }, "geometry": { "type": "LineString", "coordinates": [ [ 24.881065, 36.051021 ], [ 24.879565, 36.05102 ] ] } },
{ "type": "Feature", "properties": { "TLID": 184645593, "FEDIRP": null, "FENAME": "Egeou", "FETYPE": "Ave", "FEDIRS": null, "FRADDL": 3400.0, "TOADDL": 3498.0, "FRADDR": 3401.0, "TOADDR": 3499.0 }, "geometry": { "type": "LineString", "coordinates": [ [ 24.879565, 36.05022 ], [ 24.878065, 36.05012 ] ] } },
{ "type": "Feature", "properties": { "TLID": 184645594, "FEDIRP": "S", "FENAME": "Utanfor", "FETYPE": "St", "FEDIRS": null, "FRADDL": 601.0, "TOADDL": 699.0, "FRADDR": 600.0, "TOADDR": 706.0 }, "geometry": { "type": "LineString", "coordinates": [ [ 24.879565, 36.05022 ], [ 24.879565, 36.049221 ] ] } },
{ "type": "Feature", "properties": { "TLID": 184645595, "FEDIRP": null, "FENAME": "Egeou", "FETYPE": "Ave", "FEDIRS": null, "FRADDL": 3300.0, "TOADDL": 3398.0, "FRADDR": 3301.0, "TOADDR": 3399.0 }, "geometry": { "type": "LineString", "coordinates": [ [ 24.881165, 36.050121 ], [ 24.879565, 36.05022 ] ] } },
{ "type": "Feature", "properties": { "TLID": 184645596, "FEDIRP": "S", "FENAME": "Utanfor", "FETYPE": "St", "FEDIRS": null, "FRADDL": 701.0, "TOADDL": 711.0, "FRADDR": 708.0, "TOADDR": 716.0 }, "geometry": { "type": "LineString", "coordinates": [ [ 24.879565, 36.049221 ], [ 24.879565, 36.049121 ] ] } },
{ "type": "Feature", "properties": { "TLID": 184645597, "FEDIRP": "S", "FENAME": "Eleftherias", "FETYPE": "St", "FEDIRS": null, "FRADDL": 3300.0, "TOADDL": 3398.0, "FRADDR": 3301.0, "TOADDR": 3399.0 }, "geometry": { "type": "LineString", "coordinates": [ [ 24.881065, 36.049121 ], [ 24.879565, 36.049221 ] ] } },
{ "type": "Feature", "properties": { "TLID": 184645598, "FEDIRP": "N", "FENAME": "Mattadou", "FETYPE": "St", "FEDIRS": null, "FRADDL": 700.0, "TOADDL": 798.0, "FRADDR": 701.0, "TOADDR": 799.0 }, "geometry": { "type": "LineString", "coordinates": [ [ 24.881065, 36.051021 ], [ 24.880965, 36.051921 ] ] } },
{ "type": "Feature", "properties": { "TLID": 184645599, "FEDIRP": "N", "FENAME": "Els", "FETYPE": "St", "FEDIRS": null, "FRADDL": 3200.0, "TOADDL": 3298.0, "FRADDR": 3201.0, "TOADDR": 3299.0 }, "geometry": { "type": "LineString", "coordinates": [ [ 24.882465, 36.051921 ], [ 24.880965, 36.051921 ] ] } },
{ "type": "Feature", "properties": { "TLID": 184645600, "FEDIRP": "N", "FENAME": "Mattadou", "FETYPE": "St", "FEDIRS": null, "FRADDL": 600.0, "TOADDL": 698.0, "FRADDR": 601.0, "TOADDR": 699.0 }, "geometry": { "type": "LineString", "coordinates": [ [ 24.881165, 36.050121 ], [ 24.881065, 36.051021 ] ] } },
{ "type": "Feature", "properties": { "TLID": 184645601, "FEDIRP": "N", "FENAME": "Eleftherias", "FETYPE": "St", "FEDIRS": null, "FRADDL": 3200.0, "TOADDL": 3298.0, "FRADDR": 3201.0, "TOADDR": 3299.0 }, "geometry": { "type": "LineString", "coordinates": [ [ 24.882465, 36.051021 ], [ 24.881065, 36.051021 ] ] } },
{ "type": "Feature", "properties": { "TLID": 184645602, "FEDIRP": "S", "FENAME": "Mattadou", "FETYPE": "St", "FEDIRS": null, "FRADDL": 601.0, "TOADDL": 699.0, "FRADDR": 600.0, "TOADDR": 698.0 }, "geometry": { "type": "LineString", "coordinates": [ [ 24.881165, 36.050121 ], [ 24.881065, 36.049121 ] ] } },
{ "type": "Feature", "properties": { "TLID": 184645603, "FEDIRP": null, "FENAME": "Egeou", "FETYPE": "Ave", "FEDIRS": null, "FRADDL": 3200.0, "TOADDL": 3298.0, "FRADDR": 3201.0, "TOADDR": 3299.0 }, "geometry": { "type": "LineString", "coordinates": [ [ 24.882482, 36.050112 ], [ 24.881165, 36.050121 ] ] } },
{ "type": "Feature", "properties": { "TLID": 184645604, "FEDIRP": "S", "FENAME": "Utanfor", "FETYPE": "St", "FEDIRS": null, "FRADDL": 801.0, "TOADDL": 899.0, "FRADDR": 794.0, "TOADDR": 898.0 }, "geometry": { "type": "LineString", "coordinates": [ [ 24.879565, 36.048321 ], [ 24.879565, 36.048021 ] ] } },
{ "type": "Feature", "properties": { "TLID": 184645605, "FEDIRP": "S", "FENAME": "Els", "FETYPE": "St", "FEDIRS": null, "FRADDL": 3300.0, "TOADDL": 3424.0, "FRADDR": 3301.0, "TOADDR": 3399.0 }, "geometry": { "type": "LineString", "coordinates": [ [ 24.881165, 36.048321 ], [ 24.879565, 36.048321 ] ] } },
{ "type": "Feature", "properties": { "TLID": 184645606, "FEDIRP": "S", "FENAME": "Acera", "FETYPE": "St", "FEDIRS": null, "FRADDL": 3300.0, "TOADDL": 3398.0, "FRADDR": 3301.0, "TOADDR": 3399.0 }, "geometry": { "type": "LineString", "coordinates": [ [ 24.881065, 36.046521 ], [ 24.879565, 36.046521 ] ] } },
{ "type": "Feature", "properties": { "TLID": 184645607, "FEDIRP": "S", "FENAME": "Utanfor", "FETYPE": "St", "FEDIRS": null, "FRADDL": 1001.0, "TOADDL": 1105.0, "FRADDR": 1000.0, "TOADDR": 1106.0 }, "geometry": { "type": "LineString", "coordinates": [ [ 24.879565, 36.046521 ], [ 24.879565, 36.04572 ] ] } },
{ "type": "Feature", "properties": { "TLID": 184645608, "FEDIRP": "S", "FENAME": "Mattadou", "FETYPE": "St", "FEDIRS": null, "FRADDL": 701.0, "TOADDL": 799.0, "FRADDR": 700.0, "TOADDR": 798.0 }, "geometry": { "type": "LineString", "coordinates": [ [ 24.881065, 36.049121 ], [ 24.881165, 36.048321 ] ] } },
{ "type": "Feature", "properties": { "TLID": 184645609, "FEDIRP": "S", "FENAME": "Eleftherias", "FETYPE": "St", "FEDIRS": null, "FRADDL": 3200.0, "TOADDL": 3298.0, "FRADDR": 3201.0, "TOADDR": 3299.0 }, "geometry": { "type": "LineString", "coordinates": [ [ 24.882465, 36.049121 ], [ 24.881065, 36.049121 ] ] } },
{ "type": "Feature", "properties": { "TLID": 184645610, "FEDIRP": "S", "FENAME": "Mattadou", "FETYPE": "St", "FEDIRS": null, "FRADDL": 801.0, "TOADDL": 899.0, "FRADDR": 800.0, "TOADDR": 898.0 }, "geometry": { "type": "LineString", "coordinates": [ [ 24.881165, 36.048321 ], [ 24.881065, 36.047421 ] ] } },
{ "type": "Feature", "properties": { "TLID": 184645611, "FEDIRP": "S", "FENAME": "Els", "FETYPE": "St", "FEDIRS": null, "FRADDL": 3200.0, "TOADDL": 3298.0, "FRADDR": 3201.0, "TOADDR": 3299.0 }, "geometry": { "type": "LineString", "coordinates": [ [ 24.882465, 36.048321 ], [ 24.881165, 36.048321 ] ] } },
{ "type": "Feature", "properties": { "TLID": 184645612, "FEDIRP": "S", "FENAME": "Mattadou", "FETYPE": "St", "FEDIRS": null, "FRADDL": 901.0, "TOADDL": 999.0, "FRADDR": 900.0, "TOADDR": 998.0 }, "geometry": { "type": "LineString", "coordinates": [ [ 24.881065, 36.047421 ], [ 24.881065, 36.046521 ] ] } },
{ "type": "Feature", "properties": { "TLID": 184645613, "FEDIRP": "S", "FENAME": "Ermou", "FETYPE": "St", "FEDIRS": null, "FRADDL": 3200.0, "TOADDL": 3298.0, "FRADDR": 3201.0, "TOADDR": 3299.0 }, "geometry": { "type": "LineString", "coordinates": [ [ 24.882565, 36.047421 ], [ 24.881065, 36.047421 ] ] } },
{ "type": "Feature", "properties": { "TLID": 184645614, "FEDIRP": "S", "FENAME": "Mattadou", "FETYPE": "St", "FEDIRS": null, "FRADDL": 1001.0, "TOADDL": 1099.0, "FRADDR": 1000.0, "TOADDR": 1098.0 }, "geometry": { "type": "LineString", "coordinates": [ [ 24.881065, 36.046521 ], [ 24.881165, 36.045721 ] ] } },
{ "type": "Feature", "properties": { "TLID": 184645615, "FEDIRP": "S", "FENAME": "Acera", "FETYPE": "St", "FEDIRS": null, "FRADDL": 3200.0, "TOADDL": 3298.0, "FRADDR": 3201.0, "TOADDR": 3299.0 }, "geometry": { "type": "LineString", "coordinates": [ [ 24.882565, 36.046521 ], [ 24.881065, 36.046521 ] ] } },
{ "type": "Feature", "properties": { "TLID": 184645617, "FEDIRP": "S", "FENAME": "Achilleos", "FETYPE": "St", "FEDIRS": null, "FRADDL": 3500.0, "TOADDL": 3598.0, "FRADDR": 3501.0, "TOADDR": 3599.0 }, "geometry": { "type": "LineString", "coordinates": [ [ 24.878165, 36.045721 ], [ 24.876765, 36.04572 ] ] } },
{ "type": "Feature", "properties": { "TLID": 184645625, "FEDIRP": "S", "FENAME": "Achilleos", "FETYPE": "St", "FEDIRS": null, "FRADDL": 3200.0, "TOADDL": 3298.0, "FRADDR": 3201.0, "TOADDR": 3299.0 }, "geometry": { "type": "LineString", "coordinates": [ [ 24.882565, 36.045721 ], [ 24.881165, 36.045721 ] ] } },
{ "type": "Feature", "properties": { "TLID": 184645627, "FEDIRP": "N", "FENAME": "Evzonon", "FETYPE": "St", "FEDIRS": null, "FRADDL": 700.0, "TOADDL": 798.0, "FRADDR": 701.0, "TOADDR": 799.0 }, "geometry": { "type": "LineString", "coordinates": [ [ 24.882465, 36.051021 ], [ 24.882465, 36.051921 ] ] } },
{ "type": "Feature", "properties": { "TLID": 184645628, "FEDIRP": "N", "FENAME": "Els", "FETYPE": "St", "FEDIRS": null, "FRADDL": 3100.0, "TOADDL": 3198.0, "FRADDR": 3101.0, "TOADDR": 3199.0 }, "geometry": { "type": "LineString", "coordinates": [ [ 24.883965, 36.051921 ], [ 24.882465, 36.051921 ] ] } },
{ "type": "Feature", "properties": { "TLID": 184645629, "FEDIRP": "N", "FENAME": "Evzonon", "FETYPE": "St", "FEDIRS": null, "FRADDL": 600.0, "TOADDL": 698.0, "FRADDR": 601.0, "TOADDR": 699.0 }, "geometry": { "type": "LineString", "coordinates": [ [ 24.882482, 36.050112 ], [ 24.882465, 36.051021 ] ] } },
{ "type": "Feature", "properties": { "TLID": 184645630, "FEDIRP": "N", "FENAME": "Eleftherias", "FETYPE": "St", "FEDIRS": null, "FRADDL": 3100.0, "TOADDL": 3198.0, "FRADDR": 3101.0, "TOADDR": 3199.0 }, "geometry": { "type": "LineString", "coordinates": [ [ 24.883965, 36.051021 ], [ 24.882465, 36.051021 ] ] } },
{ "type": "Feature", "properties": { "TLID": 184645631, "FEDIRP": null, "FENAME": "Egeou", "FETYPE": "Ave", "FEDIRS": null, "FRADDL": 3100.0, "TOADDL": 3198.0, "FRADDR": 3101.0, "TOADDR": 3199.0 }, "geometry": { "type": "LineString", "coordinates": [ [ 24.884065, 36.050121 ], [ 24.882482, 36.050112 ] ] } },
{ "type": "Feature", "properties": { "TLID": 184645633, "FEDIRP": "N", "FENAME": "Gounaraki", "FETYPE": "St", "FEDIRS": null, "FRADDL": 700.0, "TOADDL": 798.0, "FRADDR": 701.0, "TOADDR": 799.0 }, "geometry": { "type": "LineString", "coordinates": [ [ 24.883965, 36.051021 ], [ 24.883965, 36.051921 ] ] } },
{ "type": "Feature", "properties": { "TLID": 184645634, "FEDIRP": "N", "FENAME": "Els", "FETYPE": "St", "FEDIRS": null, "FRADDL": 3000.0, "TOADDL": 3098.0, "FRADDR": 3001.0, "TOADDR": 3099.0 }, "geometry": { "type": "LineString", "coordinates": [ [ 24.885465, 36.051921 ], [ 24.883965, 36.051921 ] ] } },
{ "type": "Feature", "properties": { "TLID": 184645635, "FEDIRP": "N", "FENAME": "Gounaraki", "FETYPE": "St", "FEDIRS": null, "FRADDL": 600.0, "TOADDL": 698.0, "FRADDR": 601.0, "TOADDR": 699.0 }, "geometry": { "type": "LineString", "coordinates": [ [ 24.884065, 36.050121 ], [ 24.883965, 36.051021 ] ] } },
{ "type": "Feature", "properties": { "TLID": 184645636, "FEDIRP": "N", "FENAME": "Eleftherias", "FETYPE": "St", "FEDIRS": null, "FRADDL": 3000.0, "TOADDL": 3098.0, "FRADDR": 3001.0, "TOADDR": 3099.0 }, "geometry": { "type": "LineString", "coordinates": [ [ 24.885465, 36.051021 ], [ 24.883965, 36.051021 ] ] } },
{ "type": "Feature", "properties": { "TLID": 184645638, "FEDIRP": null, "FENAME": "Egeou", "FETYPE": "Ave", "FEDIRS": null, "FRADDL": 3000.0, "TOADDL": 3098.0, "FRADDR": 3001.0, "TOADDR": 3099.0 }, "geometry": { "type": "LineString", "coordinates": [ [ 24.885565, 36.050121 ], [ 24.884065, 36.050121 ] ] } },
{ "type": "Feature", "properties": { "TLID": 184645639, "FEDIRP": null, "FENAME": null, "FETYPE": null, "FEDIRS": null, "FRADDL": null, "TOADDL": null, "FRADDR": null, "TOADDR": null }, "geometry": { "type": "LineString", "coordinates": [ [ 24.882465, 36.049121 ], [ 24.882965, 36.048321 ] ] } },
{ "type": "Feature", "properties": { "TLID": 184645640, "FEDIRP": "S", "FENAME": "Eleftherias", "FETYPE": "St", "FEDIRS": null, "FRADDL": 3100.0, "TOADDL": 3198.0, "FRADDR": 3101.0, "TOADDR": 3199.0 }, "geometry": { "type": "LineString", "coordinates": [ [ 24.883965, 36.049121 ], [ 24.882465, 36.049121 ] ] } },
{ "type": "Feature", "properties": { "TLID": 184645641, "FEDIRP": "S", "FENAME": "Evzonon", "FETYPE": "St", "FEDIRS": null, "FRADDL": 815.0, "TOADDL": 899.0, "FRADDR": 716.0, "TOADDR": 898.0 }, "geometry": { "type": "LineString", "coordinates": [ [ 24.882465, 36.048321 ], [ 24.882565, 36.047421 ] ] } },
{ "type": "Feature", "properties": { "TLID": 184645643, "FEDIRP": null, "FENAME": null, "FETYPE": null, "FEDIRS": null, "FRADDL": null, "TOADDL": null, "FRADDR": null, "TOADDR": null }, "geometry": { "type": "LineString", "coordinates": [ [ 24.882965, 36.048321 ], [ 24.883965, 36.047421 ] ] } },
{ "type": "Feature", "properties": { "TLID": 184645644, "FEDIRP": "S", "FENAME": "Evzonon", "FETYPE": "St", "FEDIRS": null, "FRADDL": 901.0, "TOADDL": 999.0, "FRADDR": 900.0, "TOADDR": 998.0 }, "geometry": { "type": "LineString", "coordinates": [ [ 24.882565, 36.047421 ], [ 24.882565, 36.046521 ] ] } },
{ "type": "Feature", "properties": { "TLID": 184645646, "FEDIRP": "S", "FENAME": "Acera", "FETYPE": "St", "FEDIRS": null, "FRADDL": 3100.0, "TOADDL": 3198.0, "FRADDR": 3101.0, "TOADDR": 3199.0 }, "geometry": { "type": "LineString", "coordinates": [ [ 24.883965, 36.046521 ], [ 24.882565, 36.046521 ] ] } },
{ "type": "Feature", "properties": { "TLID": 184645647, "FEDIRP": "S", "FENAME": "Evzonon", "FETYPE": "St", "FEDIRS": null, "FRADDL": 1001.0, "TOADDL": 1099.0, "FRADDR": 1000.0, "TOADDR": 1098.0 }, "geometry": { "type": "LineString", "coordinates": [ [ 24.882565, 36.046521 ], [ 24.882565, 36.045721 ] ] } },
{ "type": "Feature", "properties": { "TLID": 184645648, "FEDIRP": "S", "FENAME": "Gounaraki", "FETYPE": "St", "FEDIRS": null, "FRADDL": 701.0, "TOADDL": 799.0, "FRADDR": 700.0, "TOADDR": 798.0 }, "geometry": { "type": "LineString", "coordinates": [ [ 24.883965, 36.049121 ], [ 24.883965, 36.048321 ] ] } },
{ "type": "Feature", "properties": { "TLID": 184645649, "FEDIRP": "S", "FENAME": "Eleftherias", "FETYPE": "St", "FEDIRS": null, "FRADDL": 3000.0, "TOADDL": 3098.0, "FRADDR": 3001.0, "TOADDR": 3099.0 }, "geometry": { "type": "LineString", "coordinates": [ [ 24.885465, 36.049121 ], [ 24.883965, 36.049121 ] ] } },
{ "type": "Feature", "properties": { "TLID": 184645651, "FEDIRP": "S", "FENAME": "Els", "FETYPE": "St", "FEDIRS": null, "FRADDL": 3000.0, "TOADDL": 3098.0, "FRADDR": 3001.0, "TOADDR": 3099.0 }, "geometry": { "type": "LineString", "coordinates": [ [ 24.885465, 36.048321 ], [ 24.883965, 36.048321 ] ] } },
{ "type": "Feature", "properties": { "TLID": 184645652, "FEDIRP": "S", "FENAME": "Gounaraki", "FETYPE": "St", "FEDIRS": null, "FRADDL": 901.0, "TOADDL": 999.0, "FRADDR": 900.0, "TOADDR": 998.0 }, "geometry": { "type": "LineString", "coordinates": [ [ 24.883965, 36.047421 ], [ 24.883965, 36.046521 ] ] } },
{ "type": "Feature", "properties": { "TLID": 184645653, "FEDIRP": "S", "FENAME": "Ermou", "FETYPE": "St", "FEDIRS": null, "FRADDL": 3000.0, "TOADDL": 3098.0, "FRADDR": 3001.0, "TOADDR": 3099.0 }, "geometry": { "type": "LineString", "coordinates": [ [ 24.885465, 36.047421 ], [ 24.883965, 36.047421 ] ] } },
{ "type": "Feature", "properties": { "TLID": 184645654, "FEDIRP": "S", "FENAME": "Acera", "FETYPE": "St", "FEDIRS": null, "FRADDL": 3000.0, "TOADDL": 3098.0, "FRADDR": 3001.0, "TOADDR": 3099.0 }, "geometry": { "type": "LineString", "coordinates": [ [ 24.885465, 36.046521 ], [ 24.883965, 36.046521 ] ] } },
{ "type": "Feature", "properties": { "TLID": 184645655, "FEDIRP": "S", "FENAME": "Gounaraki", "FETYPE": "St", "FEDIRS": null, "FRADDL": 1001.0, "TOADDL": 1099.0, "FRADDR": 1000.0, "TOADDR": 1098.0 }, "geometry": { "type": "LineString", "coordinates": [ [ 24.883965, 36.046521 ], [ 24.884065, 36.045721 ] ] } },
{ "type": "Feature", "properties": { "TLID": 184645656, "FEDIRP": "N", "FENAME": "Lumen", "FETYPE": "St", "FEDIRS": null, "FRADDL": 700.0, "TOADDL": 798.0, "FRADDR": 701.0, "TOADDR": 799.0 }, "geometry": { "type": "LineString", "coordinates": [ [ 24.885465, 36.051021 ], [ 24.885465, 36.051921 ] ] } },
{ "type": "Feature", "properties": { "TLID": 184645657, "FEDIRP": "N", "FENAME": "Els", "FETYPE": "St", "FEDIRS": null, "FRADDL": 2900.0, "TOADDL": 2998.0, "FRADDR": 2901.0, "TOADDR": 2999.0 }, "geometry": { "type": "LineString", "coordinates": [ [ 24.886565, 36.051821 ], [ 24.885465, 36.051921 ] ] } },
{ "type": "Feature", "properties": { "TLID": 184645658, "FEDIRP": "N", "FENAME": "Eleftherias", "FETYPE": "St", "FEDIRS": null, "FRADDL": 2900.0, "TOADDL": 2998.0, "FRADDR": 2901.0, "TOADDR": 2999.0 }, "geometry": { "type": "LineString", "coordinates": [ [ 24.886565, 36.051021 ], [ 24.885465, 36.051021 ] ] } },
{ "type": "Feature", "properties": { "TLID": 184645659, "FEDIRP": "N", "FENAME": "Lumen", "FETYPE": "St", "FEDIRS": null, "FRADDL": 600.0, "TOADDL": 698.0, "FRADDR": 601.0, "TOADDR": 699.0 }, "geometry": { "type": "LineString", "coordinates": [ [ 24.885565, 36.050121 ], [ 24.885465, 36.051021 ] ] } },
{ "type": "Feature", "properties": { "TLID": 184645660, "FEDIRP": "N", "FENAME": "Pluma", "FETYPE": "St", "FEDIRS": null, "FRADDL": 800.0, "TOADDL": 820.0, "FRADDR": null, "TOADDR": null }, "geometry": { "type": "LineString", "coordinates": [ [ 24.886565, 36.051821 ], [ 24.886565, 36.052021 ] ] } },
{ "type": "Feature", "properties": { "TLID": 184645661, "FEDIRP": "N", "FENAME": "Els", "FETYPE": "St", "FEDIRS": null, "FRADDL": 2804.0, "TOADDL": 2898.0, "FRADDR": 2851.0, "TOADDR": 2899.0 }, "geometry": { "type": "LineString", "coordinates": [ [ 24.887465, 36.052021 ], [ 24.886565, 36.052021 ] ] } },
{ "type": "Feature", "properties": { "TLID": 184645662, "FEDIRP": "N", "FENAME": "Pluma", "FETYPE": "St", "FEDIRS": null, "FRADDL": 700.0, "TOADDL": 798.0, "FRADDR": 701.0, "TOADDR": 799.0 }, "geometry": { "type": "LineString", "coordinates": [ [ 24.886565, 36.051021 ], [ 24.886565, 36.051821 ] ] } },
{ "type": "Feature", "properties": { "TLID": 184645663, "FEDIRP": "N", "FENAME": "Pluma", "FETYPE": "St", "FEDIRS": null, "FRADDL": 600.0, "TOADDL": 698.0, "FRADDR": 601.0, "TOADDR": 699.0 }, "geometry": { "type": "LineString", "coordinates": [ [ 24.886665, 36.050221 ], [ 24.886565, 36.051021 ] ] } },
{ "type": "Feature", "properties": { "TLID": 184645664, "FEDIRP": "S", "FENAME": "Lumen", "FETYPE": "St", "FEDIRS": null, "FRADDL": 601.0, "TOADDL": 699.0, "FRADDR": 600.0, "TOADDR": 698.0 }, "geometry": { "type": "LineString", "coordinates": [ [ 24.885565, 36.050121 ], [ 24.885465, 36.049121 ] ] } },
{ "type": "Feature", "properties": { "TLID": 184645665, "FEDIRP": null, "FENAME": "Egeou", "FETYPE": "Ave", "FEDIRS": null, "FRADDL": 2900.0, "TOADDL": 2998.0, "FRADDR": 2901.0, "TOADDR": 2999.0 }, "geometry": { "type": "LineString", "coordinates": [ [ 24.886665, 36.050221 ], [ 24.885565, 36.050121 ] ] } },
{ "type": "Feature", "properties": { "TLID": 184645666, "FEDIRP": "S", "FENAME": "Pluma", "FETYPE": "St", "FEDIRS": null, "FRADDL": 601.0, "TOADDL": 699.0, "FRADDR": 600.0, "TOADDR": 698.0 }, "geometry": { "type": "LineString", "coordinates": [ [ 24.886665, 36.050221 ], [ 24.886565, 36.049121 ] ] } },
{ "type": "Feature", "properties": { "TLID": 184645667, "FEDIRP": "N", "FENAME": "Els", "FETYPE": "St", "FEDIRS": null, "FRADDL": 2800.0, "TOADDL": 2802.0, "FRADDR": 2801.0, "TOADDR": 2849.0 }, "geometry": { "type": "LineString", "coordinates": [ [ 24.887765, 36.052021 ], [ 24.887465, 36.052021 ] ] } },
{ "type": "Feature", "properties": { "TLID": 184645668, "FEDIRP": "N", "FENAME": "Fewnol", "FETYPE": "St", "FEDIRS": null, "FRADDL": 600.0, "TOADDL": 798.0, "FRADDR": 601.0, "TOADDR": 799.0 }, "geometry": { "type": "LineString", "coordinates": [ [ 24.887765, 36.050321 ], [ 24.887765, 36.052021 ] ] } },
{ "type": "Feature", "properties": { "TLID": 184645669, "FEDIRP": "N", "FENAME": "Els", "FETYPE": "St", "FEDIRS": null, "FRADDL": 2700.0, "TOADDL": 2798.0, "FRADDR": 2701.0, "TOADDR": 2799.0 }, "geometry": { "type": "LineString", "coordinates": [ [ 24.888665, 36.052021 ], [ 24.887765, 36.052021 ] ] } },
{ "type": "Feature", "properties": { "TLID": 184645670, "FEDIRP": null, "FENAME": "Egeou", "FETYPE": "Ave", "FEDIRS": null, "FRADDL": 2800.0, "TOADDL": 2898.0, "FRADDR": 2801.0, "TOADDR": 2899.0 }, "geometry": { "type": "LineString", "coordinates": [ [ 24.887765, 36.050321 ], [ 24.886665, 36.050221 ] ] } },
{ "type": "Feature", "properties": { "TLID": 184645671, "FEDIRP": "S", "FENAME": "Fewnol", "FETYPE": "St", "FEDIRS": null, "FRADDL": 601.0, "TOADDL": 699.0, "FRADDR": 600.0, "TOADDR": 698.0 }, "geometry": { "type": "LineString", "coordinates": [ [ 24.887765, 36.050321 ], [ 24.887665, 36.049121 ] ] } },
{ "type": "Feature", "properties": { "TLID": 184645672, "FEDIRP": null, "FENAME": "Egeou", "FETYPE": "Ave", "FEDIRS": null, "FRADDL": 2716.0, "TOADDL": 2798.0, "FRADDR": 2701.0, "TOADDR": 2799.0 }, "geometry": { "type": "LineString", "coordinates": [ [ 24.888965, 36.050321 ], [ 24.887765, 36.050321 ] ] } },
{ "type": "Feature", "properties": { "TLID": 184645673, "FEDIRP": "S", "FENAME": "Lumen", "FETYPE": "St", "FEDIRS": null, "FRADDL": 701.0, "TOADDL": 799.0, "FRADDR": 700.0, "TOADDR": 798.0 }, "geometry": { "type": "LineString", "coordinates": [ [ 24.885465, 36.049121 ], [ 24.885465, 36.048321 ] ] } },
{ "type": "Feature", "properties": { "TLID": 184645674, "FEDIRP": "S", "FENAME": "Eleftherias", "FETYPE": "St", "FEDIRS": null, "FRADDL": 2900.0, "TOADDL": 2998.0, "FRADDR": 2901.0, "TOADDR": 2999.0 }, "geometry": { "type": "LineString", "coordinates": [ [ 24.886565, 36.049121 ], [ 24.885465, 36.049121 ] ] } },
{ "type": "Feature", "properties": { "TLID": 184645675, "FEDIRP": "S", "FENAME": "Els", "FETYPE": "St", "FEDIRS": null, "FRADDL": 2900.0, "TOADDL": 2998.0, "FRADDR": 2901.0, "TOADDR": 2999.0 }, "geometry": { "type": "LineString", "coordinates": [ [ 24.886665, 36.048321 ], [ 24.885465, 36.048321 ] ] } },
{ "type": "Feature", "properties": { "TLID": 184645676, "FEDIRP": "S", "FENAME": "Lumen", "FETYPE": "St", "FEDIRS": null, "FRADDL": 801.0, "TOADDL": 899.0, "FRADDR": 800.0, "TOADDR": 898.0 }, "geometry": { "type": "LineString", "coordinates": [ [ 24.885465, 36.048321 ], [ 24.885465, 36.047421 ] ] } },
{ "type": "Feature", "properties": { "TLID": 184645677, "FEDIRP": "S", "FENAME": "Pluma", "FETYPE": "St", "FEDIRS": null, "FRADDL": 707.0, "TOADDL": 799.0, "FRADDR": 700.0, "TOADDR": 712.0 }, "geometry": { "type": "LineString", "coordinates": [ [ 24.886565, 36.049121 ], [ 24.886665, 36.048421 ] ] } },
{ "type": "Feature", "properties": { "TLID": 184645678, "FEDIRP": "S", "FENAME": "Eleftherias", "FETYPE": "St", "FEDIRS": null, "FRADDL": 2800.0, "TOADDL": 2898.0, "FRADDR": 2801.0, "TOADDR": 2899.0 }, "geometry": { "type": "LineString", "coordinates": [ [ 24.887665, 36.049121 ], [ 24.886565, 36.049121 ] ] } },
{ "type": "Feature", "properties": { "TLID": 184645679, "FEDIRP": "S", "FENAME": "Pluma", "FETYPE": "St", "FEDIRS": null, "FRADDL": 801.0, "TOADDL": 865.0, "FRADDR": 714.0, "TOADDR": 798.0 }, "geometry": { "type": "LineString", "coordinates": [ [ 24.886665, 36.048421 ], [ 24.886665, 36.048321 ] ] } },
{ "type": "Feature", "properties": { "TLID": 184645680, "FEDIRP": "S", "FENAME": "Pluma", "FETYPE": "St", "FEDIRS": null, "FRADDL": 867.0, "TOADDL": 931.0, "FRADDR": 800.0, "TOADDR": 898.0 }, "geometry": { "type": "LineString", "coordinates": [ [ 24.886665, 36.048321 ], [ 24.886565, 36.047421 ] ] } },
{ "type": "Feature", "properties": { "TLID": 184645681, "FEDIRP": "S", "FENAME": "Lumen", "FETYPE": "St", "FEDIRS": null, "FRADDL": 901.0, "TOADDL": 999.0, "FRADDR": 900.0, "TOADDR": 998.0 }, "geometry": { "type": "LineString", "coordinates": [ [ 24.885465, 36.047421 ], [ 24.885465, 36.046521 ] ] } },
{ "type": "Feature", "properties": { "TLID": 184645682, "FEDIRP": "S", "FENAME": "Ermou", "FETYPE": "St", "FEDIRS": null, "FRADDL": 2900.0, "TOADDL": 2998.0, "FRADDR": 2901.0, "TOADDR": 2999.0 }, "geometry": { "type": "LineString", "coordinates": [ [ 24.886565, 36.047421 ], [ 24.885465, 36.047421 ] ] } },
{ "type": "Feature", "properties": { "TLID": 184645683, "FEDIRP": "S", "FENAME": "Acera", "FETYPE": "St", "FEDIRS": null, "FRADDL": 2900.0, "TOADDL": 2998.0, "FRADDR": 2901.0, "TOADDR": 2999.0 }, "geometry": { "type": "LineString", "coordinates": [ [ 24.886665, 36.046521 ], [ 24.885465, 36.046521 ] ] } },
{ "type": "Feature", "properties": { "TLID": 184645684, "FEDIRP": "S", "FENAME": "Lumen", "FETYPE": "St", "FEDIRS": null, "FRADDL": 1001.0, "TOADDL": 1099.0, "FRADDR": 1000.0, "TOADDR": 1098.0 }, "geometry": { "type": "LineString", "coordinates": [ [ 24.885465, 36.046521 ], [ 24.885565, 36.045721 ] ] } },
{ "type": "Feature", "properties": { "TLID": 184645685, "FEDIRP": "S", "FENAME": "Pluma", "FETYPE": "St", "FEDIRS": null, "FRADDL": 933.0, "TOADDL": 999.0, "FRADDR": 900.0, "TOADDR": 918.0 }, "geometry": { "type": "LineString", "coordinates": [ [ 24.886565, 36.047421 ], [ 24.886665, 36.046721 ] ] } },
{ "type": "Feature", "properties": { "TLID": 184645686, "FEDIRP": "S", "FENAME": "Pluma", "FETYPE": "St", "FEDIRS": null, "FRADDL": 1001.0, "TOADDL": 1005.0, "FRADDR": 920.0, "TOADDR": 998.0 }, "geometry": { "type": "LineString", "coordinates": [ [ 24.886665, 36.046721 ], [ 24.886665, 36.046521 ] ] } },
{ "type": "Feature", "properties": { "TLID": 184645687, "FEDIRP": "S", "FENAME": "Acera", "FETYPE": "St", "FEDIRS": null, "FRADDL": 2800.0, "TOADDL": 2898.0, "FRADDR": 2801.0, "TOADDR": 2899.0 }, "geometry": { "type": "LineString", "coordinates": [ [ 24.887565, 36.046721 ], [ 24.886665, 36.046721 ] ] } },
{ "type": "Feature", "properties": { "TLID": 184645688, "FEDIRP": "S", "FENAME": "Pluma", "FETYPE": "St", "FEDIRS": null, "FRADDL": 1007.0, "TOADDL": 1099.0, "FRADDR": 1000.0, "TOADDR": 1010.0 }, "geometry": { "type": "LineString", "coordinates": [ [ 24.886665, 36.046521 ], [ 24.886665, 36.046021 ] ] } },
{ "type": "Feature", "properties": { "TLID": 184645689, "FEDIRP": "S", "FENAME": "Achilleos", "FETYPE": "St", "FEDIRS": null, "FRADDL": 2800.0, "TOADDL": 2898.0, "FRADDR": 2801.0, "TOADDR": 2899.0 }, "geometry": { "type": "LineString", "coordinates": [ [ 24.887565, 36.046021 ], [ 24.886665, 36.046021 ] ] } },
{ "type": "Feature", "properties": { "TLID": 184645690, "FEDIRP": "S", "FENAME": "Pluma", "FETYPE": "St", "FEDIRS": null, "FRADDL": null, "TOADDL": null, "FRADDR": 1012.0, "TOADDR": 1098.0 }, "geometry": { "type": "LineString", "coordinates": [ [ 24.886665, 36.046021 ], [ 24.886665, 36.045621 ] ] } },
{ "type": "Feature", "properties": { "TLID": 184645691, "FEDIRP": "S", "FENAME": "Fewnol", "FETYPE": "St", "FEDIRS": null, "FRADDL": 701.0, "TOADDL": 799.0, "FRADDR": 700.0, "TOADDR": 798.0 }, "geometry": { "type": "LineString", "coordinates": [ [ 24.887665, 36.049121 ], [ 24.887765, 36.048521 ] ] } },
{ "type": "Feature", "properties": { "TLID": 184645692, "FEDIRP": "S", "FENAME": "Eleftherias", "FETYPE": "St", "FEDIRS": null, "FRADDL": 2700.0, "TOADDL": 2798.0, "FRADDR": 2701.0, "TOADDR": 2799.0 }, "geometry": { "type": "LineString", "coordinates": [ [ 24.888865, 36.049121 ], [ 24.887665, 36.049121 ] ] } },
{ "type": "Feature", "properties": { "TLID": 184645693, "FEDIRP": "S", "FENAME": "Els", "FETYPE": "St", "FEDIRS": null, "FRADDL": 2800.0, "TOADDL": 2898.0, "FRADDR": 2801.0, "TOADDR": 2899.0 }, "geometry": { "type": "LineString", "coordinates": [ [ 24.887765, 36.048521 ], [ 24.886665, 36.048421 ] ] } },
{ "type": "Feature", "properties": { "TLID": 184645694, "FEDIRP": "S", "FENAME": "Fewnol", "FETYPE": "St", "FEDIRS": null, "FRADDL": 801.0, "TOADDL": 999.0, "FRADDR": 800.0, "TOADDR": 998.0 }, "geometry": { "type": "LineString", "coordinates": [ [ 24.887765, 36.048521 ], [ 24.887565, 36.046721 ] ] } },
{ "type": "Feature", "properties": { "TLID": 184645695, "FEDIRP": "S", "FENAME": "Els", "FETYPE": "St", "FEDIRS": null, "FRADDL": 2700.0, "TOADDL": 2798.0, "FRADDR": 2701.0, "TOADDR": 2799.0 }, "geometry": { "type": "LineString", "coordinates": [ [ 24.888865, 36.048521 ], [ 24.887765, 36.048521 ] ] } },
{ "type": "Feature", "properties": { "TLID": 184645696, "FEDIRP": "S", "FENAME": "Fewnol", "FETYPE": "St", "FEDIRS": null, "FRADDL": 1001.0, "TOADDL": 1099.0, "FRADDR": 1000.0, "TOADDR": 1098.0 }, "geometry": { "type": "LineString", "coordinates": [ [ 24.887565, 36.046721 ], [ 24.887565, 36.046021 ] ] } },
{ "type": "Feature", "properties": { "TLID": 184645697, "FEDIRP": "S", "FENAME": "Fewnol", "FETYPE": "St", "FEDIRS": null, "FRADDL": 1101.0, "TOADDL": 1149.0, "FRADDR": 1100.0, "TOADDR": 1148.0 }, "geometry": { "type": "LineString", "coordinates": [ [ 24.887565, 36.046021 ], [ 24.887565, 36.045421 ] ] } },
{ "type": "Feature", "properties": { "TLID": 184645698, "FEDIRP": "S", "FENAME": "Achilleos", "FETYPE": "St", "FEDIRS": null, "FRADDL": 2700.0, "TOADDL": 2798.0, "FRADDR": 2701.0, "TOADDR": 2799.0 }, "geometry": { "type": "LineString", "coordinates": [ [ 24.888665, 36.046021 ], [ 24.887565, 36.046021 ] ] } },
{ "type": "Feature", "properties": { "TLID": 184645700, "FEDIRP": "S", "FENAME": "Achilleos", "FETYPE": "St", "FEDIRS": null, "FRADDL": 3100.0, "TOADDL": 3198.0, "FRADDR": 3101.0, "TOADDR": 3199.0 }, "geometry": { "type": "LineString", "coordinates": [ [ 24.884065, 36.045721 ], [ 24.882565, 36.045721 ] ] } },
{ "type": "Feature", "properties": { "TLID": 184645702, "FEDIRP": "S", "FENAME": "Achilleos", "FETYPE": "St", "FEDIRS": null, "FRADDL": 3000.0, "TOADDL": 3098.0, "FRADDR": 3001.0, "TOADDR": 3099.0 }, "geometry": { "type": "LineString", "coordinates": [ [ 24.885565, 36.045721 ], [ 24.884065, 36.045721 ] ] } },
{ "type": "Feature", "properties": { "TLID": 184645707, "FEDIRP": "S", "FENAME": "Achilleos", "FETYPE": "St", "FEDIRS": null, "FRADDL": 2900.0, "TOADDL": 2998.0, "FRADDR": 2901.0, "TOADDR": 2999.0 }, "geometry": { "type": "LineString", "coordinates": [ [ 24.886665, 36.045621 ], [ 24.885565, 36.045721 ] ] } },
{ "type": "Feature", "properties": { "TLID": 184645708, "FEDIRP": "S", "FENAME": "Pluma", "FETYPE": "St", "FEDIRS": null, "FRADDL": 1101.0, "TOADDL": 1149.0, "FRADDR": 1100.0, "TOADDR": 1148.0 }, "geometry": { "type": "LineString", "coordinates": [ [ 24.886665, 36.045621 ], [ 24.886665, 36.045421 ] ] } },
{ "type": "Feature", "properties": { "TLID": 184645710, "FEDIRP": null, "FENAME": "Makedonias", "FETYPE": "St", "FEDIRS": null, "FRADDL": 2800.0, "TOADDL": 2898.0, "FRADDR": 2801.0, "TOADDR": 2899.0 }, "geometry": { "type": "LineString", "coordinates": [ [ 24.887565, 36.045421 ], [ 24.886665, 36.045421 ] ] } },
{ "type": "Feature", "properties": { "TLID": 184645712, "FEDIRP": null, "FENAME": "Makedonias", "FETYPE": "St", "FEDIRS": null, "FRADDL": 2700.0, "TOADDL": 2798.0, "FRADDR": 2701.0, "TOADDR": 2799.0 }, "geometry": { "type": "LineString", "coordinates": [ [ 24.888565, 36.045421 ], [ 24.887565, 36.045421 ] ] } },
{ "type": "Feature", "properties": { "TLID": 184645872, "FEDIRP": null, "FENAME": "Rist", "FETYPE": "Way", "FEDIRS": null, "FRADDL": null, "TOADDL": null, "FRADDR": null, "TOADDR": null }, "geometry": { "type": "LineString", "coordinates": [ [ 24.891302, 36.071289 ], [ 24.890793, 36.071372 ] ] } },
{ "type": "Feature", "properties": { "TLID": 184645876, "FEDIRP": "S", "FENAME": "Tavla", "FETYPE": "St", "FEDIRS": null, "FRADDL": 801.0, "TOADDL": 1027.0, "FRADDR": 800.0, "TOADDR": 1032.0 }, "geometry": { "type": "LineString", "coordinates": [ [ 24.867265, 36.047505 ], [ 24.867265, 36.04742 ] ] } },
{ "type": "Feature", "properties": { "TLID": 184645879, "FEDIRP": "N", "FENAME": "Palmant", "FETYPE": "St", "FEDIRS": null, "FRADDL": 3100.0, "TOADDL": 3198.0, "FRADDR": 3101.0, "TOADDR": 3199.0 }, "geometry": { "type": "LineString", "coordinates": [ [ 24.889064, 36.070121 ], [ 24.888764, 36.071121 ] ] } },
{ "type": "Feature", "properties": { "TLID": 184645880, "FEDIRP": "N", "FENAME": "Palmant", "FETYPE": "St", "FEDIRS": null, "FRADDL": 3000.0, "TOADDL": 3098.0, "FRADDR": 3001.0, "TOADDR": 3099.0 }, "geometry": { "type": "LineString", "coordinates": [ [ 24.888865, 36.069221 ], [ 24.889064, 36.070121 ] ] } },
{ "type": "Feature", "properties": { "TLID": 184645881, "FEDIRP": "N", "FENAME": "Averof", "FETYPE": "St", "FEDIRS": null, "FRADDL": 2600.0, "TOADDL": 2698.0, "FRADDR": 2635.0, "TOADDR": 2699.0 }, "geometry": { "type": "LineString", "coordinates": [ [ 24.890465, 36.070121 ], [ 24.889064, 36.070121 ] ] } },
{ "type": "Feature", "properties": { "TLID": 184645882, "FEDIRP": "N", "FENAME": "Aveny", "FETYPE": "St", "FEDIRS": null, "FRADDL": 2700.0, "TOADDL": 2798.0, "FRADDR": 2701.0, "TOADDR": 2899.0 }, "geometry": { "type": "LineString", "coordinates": [ [ 24.888865, 36.069221 ], [ 24.887364, 36.069121 ] ] } },
{ "type": "Feature", "properties": { "TLID": 184645883, "FEDIRP": "N", "FENAME": "Aveny", "FETYPE": "St", "FEDIRS": null, "FRADDL": 2600.0, "TOADDL": 2698.0, "FRADDR": 2601.0, "TOADDR": 2699.0 }, "geometry": { "type": "LineString", "coordinates": [ [ 24.890365, 36.069221 ], [ 24.888865, 36.069221 ] ] } },
{ "type": "Feature", "properties": { "TLID": 184645884, "FEDIRP": "N", "FENAME": "Palmant", "FETYPE": "St", "FEDIRS": null, "FRADDL": 2900.0, "TOADDL": 2998.0, "FRADDR": 2901.0, "TOADDR": 2999.0 }, "geometry": { "type": "LineString", "coordinates": [ [ 24.888765, 36.068221 ], [ 24.888865, 36.069221 ] ] } },
{ "type": "Feature", "properties": { "TLID": 184645885, "FEDIRP": "N", "FENAME": "Avionos", "FETYPE": "St", "FEDIRS": null, "FRADDL": 2500.0, "TOADDL": 2698.0, "FRADDR": 2501.0, "TOADDR": 2699.0 }, "geometry": { "type": "LineString", "coordinates": [ [ 24.891165, 36.070121 ], [ 24.890365, 36.070621 ], [ 24.888764, 36.071121 ] ] } },
{ "type": "Feature", "properties": { "TLID": 184645886, "FEDIRP": "N", "FENAME": "Averof", "FETYPE": "St", "FEDIRS": null, "FRADDL": 2400.0, "TOADDL": 2598.0, "FRADDR": 2501.0, "TOADDR": 2633.0 }, "geometry": { "type": "LineString", "coordinates": [ [ 24.891165, 36.070121 ], [ 24.890465, 36.070121 ] ] } },
{ "type": "Feature", "properties": { "TLID": 184645887, "FEDIRP": "N", "FENAME": "Voulgari", "FETYPE": "St", "FEDIRS": null, "FRADDL": 3000.0, "TOADDL": 3098.0, "FRADDR": 3001.0, "TOADDR": 3099.0 }, "geometry": { "type": "LineString", "coordinates": [ [ 24.890365, 36.069221 ], [ 24.890465, 36.070121 ] ] } },
{ "type": "Feature", "properties": { "TLID": 184645889, "FEDIRP": "N", "FENAME": "Aveny", "FETYPE": "St", "FEDIRS": null, "FRADDL": 2599.0, "TOADDL": 2401.0, "FRADDR": 2598.0, "TOADDR": 2400.0 }, "geometry": { "type": "LineString", "coordinates": [ [ 24.890365, 36.069221 ], [ 24.891461, 36.069651 ] ] } },
{ "type": "Feature", "properties": { "TLID": 184645891, "FEDIRP": "N", "FENAME": "Aveny", "FETYPE": "St", "FEDIRS": null, "FRADDL": 2399.0, "TOADDL": 2319.0, "FRADDR": 2398.0, "TOADDR": 2300.0 }, "geometry": { "type": "LineString", "coordinates": [ [ 24.891461, 36.069651 ], [ 24.893565, 36.069421 ] ] } },
{ "type": "Feature", "properties": { "TLID": 184645893, "FEDIRP": "N", "FENAME": "Asiant", "FETYPE": "St", "FEDIRS": null, "FRADDL": 2399.0, "TOADDL": 2315.0, "FRADDR": 2398.0, "TOADDR": 2326.0 }, "geometry": { "type": "LineString", "coordinates": [ [ 24.891537, 36.068819 ], [ 24.893565, 36.068521 ] ] } },
{ "type": "Feature", "properties": { "TLID": 184645895, "FEDIRP": null, "FENAME": "Pafin", "FETYPE": "Rd", "FEDIRS": "N", "FRADDL": 2.0, "TOADDL": 98.0, "FRADDR": 1.0, "TOADDR": 99.0 }, "geometry": { "type": "LineString", "coordinates": [ [ 24.890865, 36.066521 ], [ 24.889765, 36.066621 ] ] } },
{ "type": "Feature", "properties": { "TLID": 184645896, "FEDIRP": "N", "FENAME": "Voulgari", "FETYPE": "St", "FEDIRS": null, "FRADDL": 2900.0, "TOADDL": 2998.0, "FRADDR": 2901.0, "TOADDR": 2999.0 }, "geometry": { "type": "LineString", "coordinates": [ [ 24.890365, 36.068221 ], [ 24.890365, 36.069221 ] ] } },
{ "type": "Feature", "properties": { "TLID": 184645897, "FEDIRP": "N", "FENAME": "Asiant", "FETYPE": "St", "FEDIRS": null, "FRADDL": 2599.0, "TOADDL": 2401.0, "FRADDR": 2598.0, "TOADDR": 2400.0 }, "geometry": { "type": "LineString", "coordinates": [ [ 24.890365, 36.068221 ], [ 24.891537, 36.068819 ] ] } },
{ "type": "Feature", "properties": { "TLID": 184645898, "FEDIRP": null, "FENAME": "Iroon", "FETYPE": "Rd", "FEDIRS": "N", "FRADDL": 84.0, "TOADDL": 98.0, "FRADDR": 37.0, "TOADDR": 99.0 }, "geometry": { "type": "LineString", "coordinates": [ [ 24.891165, 36.064921 ], [ 24.891006, 36.065186 ] ] } },
{ "type": "Feature", "properties": { "TLID": 184645906, "FEDIRP": "N", "FENAME": "Gondol", "FETYPE": "St", "FEDIRS": null, "FRADDL": 3000.0, "TOADDL": 3098.0, "FRADDR": 3001.0, "TOADDR": 3099.0 }, "geometry": { "type": "LineString", "coordinates": [ [ 24.893565, 36.069421 ], [ 24.893465, 36.070421 ] ] } },
{ "type": "Feature", "properties": { "TLID": 184645907, "FEDIRP": "N", "FENAME": "Gondol", "FETYPE": "St", "FEDIRS": null, "FRADDL": 2900.0, "TOADDL": 2998.0, "FRADDR": 2901.0, "TOADDR": 2999.0 }, "geometry": { "type": "LineString", "coordinates": [ [ 24.893565, 36.068521 ], [ 24.893565, 36.069421 ] ] } },
{ "type": "Feature", "properties": { "TLID": 184645908, "FEDIRP": "N", "FENAME": "Gondol", "FETYPE": "St", "FEDIRS": null, "FRADDL": 2800.0, "TOADDL": 2898.0, "FRADDR": 2801.0, "TOADDR": 2899.0 }, "geometry": { "type": "LineString", "coordinates": [ [ 24.893565, 36.067721 ], [ 24.893565, 36.068521 ] ] } },
{ "type": "Feature", "properties": { "TLID": 184645909, "FEDIRP": "N", "FENAME": "Asiant", "FETYPE": "St", "FEDIRS": null, "FRADDL": 2200.0, "TOADDL": 2298.0, "FRADDR": 2201.0, "TOADDR": 2299.0 }, "geometry": { "type": "LineString", "coordinates": [ [ 24.895065, 36.068521 ], [ 24.893565, 36.068521 ] ] } },
{ "type": "Feature", "properties": { "TLID": 184645910, "FEDIRP": null, "FENAME": "Pamassou", "FETYPE": "Rd", "FEDIRS": null, "FRADDL": 70.0, "TOADDL": 98.0, "FRADDR": 59.0, "TOADDR": 67.0 }, "geometry": { "type": "LineString", "coordinates": [ [ 24.891865, 36.064921 ], [ 24.891817, 36.065449 ] ] } },
{ "type": "Feature", "properties": { "TLID": 184645911, "FEDIRP": "N", "FENAME": "Artakis", "FETYPE": "St", "FEDIRS": null, "FRADDL": 2300.0, "TOADDL": 2398.0, "FRADDR": 2301.0, "TOADDR": 2399.0 }, "geometry": { "type": "LineString", "coordinates": [ [ 24.893565, 36.067721 ], [ 24.891965, 36.067321 ] ] } },
{ "type": "Feature", "properties": { "TLID": 184645912, "FEDIRP": "N", "FENAME": "Gondol", "FETYPE": "St", "FEDIRS": null, "FRADDL": 2700.0, "TOADDL": 2798.0, "FRADDR": 2701.0, "TOADDR": 2799.0 }, "geometry": { "type": "LineString", "coordinates": [ [ 24.893465, 36.066621 ], [ 24.893565, 36.067721 ] ] } },
{ "type": "Feature", "properties": { "TLID": 184645913, "FEDIRP": "N", "FENAME": "Artakis", "FETYPE": "St", "FEDIRS": null, "FRADDL": 2200.0, "TOADDL": 2298.0, "FRADDR": 2201.0, "TOADDR": 2299.0 }, "geometry": { "type": "LineString", "coordinates": [ [ 24.895165, 36.067621 ], [ 24.893565, 36.067721 ] ] } },
{ "type": "Feature", "properties": { "TLID": 184645914, "FEDIRP": "N", "FENAME": "Arkadou", "FETYPE": "St", "FEDIRS": null, "FRADDL": 2300.0, "TOADDL": 2398.0, "FRADDR": 2301.0, "TOADDR": 2399.0 }, "geometry": { "type": "LineString", "coordinates": [ [ 24.893465, 36.066621 ], [ 24.891965, 36.066421 ] ] } },
{ "type": "Feature", "properties": { "TLID": 184645915, "FEDIRP": "N", "FENAME": "Gondol", "FETYPE": "St", "FEDIRS": null, "FRADDL": 2600.0, "TOADDL": 2698.0, "FRADDR": 2601.0, "TOADDR": 2699.0 }, "geometry": { "type": "LineString", "coordinates": [ [ 24.893465, 36.065721 ], [ 24.893465, 36.066621 ] ] } },
{ "type": "Feature", "properties": { "TLID": 184645916, "FEDIRP": "N", "FENAME": "Arkadou", "FETYPE": "St", "FEDIRS": null, "FRADDL": 2200.0, "TOADDL": 2298.0, "FRADDR": 2201.0, "TOADDR": 2299.0 }, "geometry": { "type": "LineString", "coordinates": [ [ 24.895065, 36.066621 ], [ 24.893465, 36.066621 ] ] } },
{ "type": "Feature", "properties": { "TLID": 184645917, "FEDIRP": "N", "FENAME": "Arkadiou", "FETYPE": "St", "FEDIRS": null, "FRADDL": 2300.0, "TOADDL": 2398.0, "FRADDR": 2301.0, "TOADDR": 2399.0 }, "geometry": { "type": "LineString", "coordinates": [ [ 24.893465, 36.065721 ], [ 24.892565, 36.065521 ] ] } },
{ "type": "Feature", "properties": { "TLID": 184645918, "FEDIRP": "N", "FENAME": "Gondol", "FETYPE": "St", "FEDIRS": null, "FRADDL": 2500.0, "TOADDL": 2598.0, "FRADDR": 2501.0, "TOADDR": 2599.0 }, "geometry": { "type": "LineString", "coordinates": [ [ 24.893465, 36.065221 ], [ 24.893465, 36.065721 ] ] } },
{ "type": "Feature", "properties": { "TLID": 184645920, "FEDIRP": "N", "FENAME": "Gondol", "FETYPE": "St", "FEDIRS": null, "FRADDL": 600.0, "TOADDL": 1056.0, "FRADDR": 601.0, "TOADDR": 699.0 }, "geometry": { "type": "LineString", "coordinates": [ [ 24.893465, 36.063121 ], [ 24.893465, 36.063621 ] ] } },
{ "type": "Feature", "properties": { "TLID": 184645921, "FEDIRP": "N", "FENAME": "Tackan", "FETYPE": "Ave", "FEDIRS": null, "FRADDL": 2200.0, "TOADDL": 2298.0, "FRADDR": 2201.0, "TOADDR": 2299.0 }, "geometry": { "type": "LineString", "coordinates": [ [ 24.895165, 36.064721 ], [ 24.893465, 36.065221 ] ] } },
{ "type": "Feature", "properties": { "TLID": 184645922, "FEDIRP": null, "FENAME": "Niovis", "FETYPE": "St", "FEDIRS": null, "FRADDL": 3100.0, "TOADDL": 3198.0, "FRADDR": 3101.0, "TOADDR": 3199.0 }, "geometry": { "type": "LineString", "coordinates": [ [ 24.895065, 36.070421 ], [ 24.895165, 36.070621 ] ] } },
{ "type": "Feature", "properties": { "TLID": 184645924, "FEDIRP": null, "FENAME": "Niovis", "FETYPE": "St", "FEDIRS": null, "FRADDL": 3000.0, "TOADDL": 3098.0, "FRADDR": 3001.0, "TOADDR": 3099.0 }, "geometry": { "type": "LineString", "coordinates": [ [ 24.895165, 36.069521 ], [ 24.895065, 36.070421 ] ] } },
{ "type": "Feature", "properties": { "TLID": 184645926, "FEDIRP": "N", "FENAME": "Aveny", "FETYPE": "St", "FEDIRS": null, "FRADDL": 2200.0, "TOADDL": 2298.0, "FRADDR": 2201.0, "TOADDR": 2299.0 }, "geometry": { "type": "LineString", "coordinates": [ [ 24.895165, 36.069521 ], [ 24.893565, 36.069421 ] ] } },
{ "type": "Feature", "properties": { "TLID": 184645927, "FEDIRP": null, "FENAME": "Niovis", "FETYPE": "St", "FEDIRS": null, "FRADDL": 2900.0, "TOADDL": 2998.0, "FRADDR": 2901.0, "TOADDR": 2999.0 }, "geometry": { "type": "LineString", "coordinates": [ [ 24.895065, 36.068521 ], [ 24.895165, 36.069521 ] ] } },
{ "type": "Feature", "properties": { "TLID": 184645928, "FEDIRP": "N", "FENAME": "Aveny", "FETYPE": "St", "FEDIRS": null, "FRADDL": 2100.0, "TOADDL": 2198.0, "FRADDR": 2101.0, "TOADDR": 2199.0 }, "geometry": { "type": "LineString", "coordinates": [ [ 24.896665, 36.069521 ], [ 24.895165, 36.069521 ] ] } },
{ "type": "Feature", "properties": { "TLID": 184645929, "FEDIRP": "N", "FENAME": "Asiant", "FETYPE": "St", "FEDIRS": null, "FRADDL": 2100.0, "TOADDL": 2198.0, "FRADDR": 2101.0, "TOADDR": 2199.0 }, "geometry": { "type": "LineString", "coordinates": [ [ 24.896665, 36.068521 ], [ 24.895065, 36.068521 ] ] } },
{ "type": "Feature", "properties": { "TLID": 184645930, "FEDIRP": null, "FENAME": "Niovis", "FETYPE": "St", "FEDIRS": null, "FRADDL": 2800.0, "TOADDL": 2898.0, "FRADDR": 2801.0, "TOADDR": 2899.0 }, "geometry": { "type": "LineString", "coordinates": [ [ 24.895165, 36.067621 ], [ 24.895065, 36.068521 ] ] } },
{ "type": "Feature", "properties": { "TLID": 184645931, "FEDIRP": "N", "FENAME": "Sirrakou", "FETYPE": "St", "FEDIRS": null, "FRADDL": 2900.0, "TOADDL": 2998.0, "FRADDR": 2901.0, "TOADDR": 2999.0 }, "geometry": { "type": "LineString", "coordinates": [ [ 24.896665, 36.068521 ], [ 24.896665, 36.069521 ] ] } },
{ "type": "Feature", "properties": { "TLID": 184645932, "FEDIRP": "N", "FENAME": "Aveny", "FETYPE": "St", "FEDIRS": null, "FRADDL": 2004.0, "TOADDL": 2098.0, "FRADDR": 1101.0, "TOADDR": 2099.0 }, "geometry": { "type": "LineString", "coordinates": [ [ 24.898065, 36.069421 ], [ 24.896665, 36.069521 ] ] } },
{ "type": "Feature", "properties": { "TLID": 184645933, "FEDIRP": "N", "FENAME": "Asiant", "FETYPE": "St", "FEDIRS": null, "FRADDL": 1100.0, "TOADDL": 2098.0, "FRADDR": 1101.0, "TOADDR": 2099.0 }, "geometry": { "type": "LineString", "coordinates": [ [ 24.897465, 36.068521 ], [ 24.896665, 36.068521 ] ] } },
{ "type": "Feature", "properties": { "TLID": 184645934, "FEDIRP": "N", "FENAME": "Sirrakou", "FETYPE": "St", "FEDIRS": null, "FRADDL": 2800.0, "TOADDL": 2898.0, "FRADDR": 2801.0, "TOADDR": 2899.0 }, "geometry": { "type": "LineString", "coordinates": [ [ 24.896665, 36.067621 ], [ 24.896665, 36.068521 ] ] } },
{ "type": "Feature", "properties": { "TLID": 184645935, "FEDIRP": null, "FENAME": "Niovis", "FETYPE": "St", "FEDIRS": null, "FRADDL": 2700.0, "TOADDL": 2798.0, "FRADDR": 2701.0, "TOADDR": 2799.0 }, "geometry": { "type": "LineString", "coordinates": [ [ 24.895065, 36.066621 ], [ 24.895165, 36.067621 ] ] } },
{ "type": "Feature", "properties": { "TLID": 184645936, "FEDIRP": "N", "FENAME": "Artakis", "FETYPE": "St", "FEDIRS": null, "FRADDL": 2100.0, "TOADDL": 2198.0, "FRADDR": 2101.0, "TOADDR": 2199.0 }, "geometry": { "type": "LineString", "coordinates": [ [ 24.896665, 36.067621 ], [ 24.895165, 36.067621 ] ] } },
{ "type": "Feature", "properties": { "TLID": 184645937, "FEDIRP": null, "FENAME": "Niovis", "FETYPE": "St", "FEDIRS": null, "FRADDL": 2600.0, "TOADDL": 2698.0, "FRADDR": 2601.0, "TOADDR": 2699.0 }, "geometry": { "type": "LineString", "coordinates": [ [ 24.895065, 36.065721 ], [ 24.895065, 36.066621 ] ] } },
{ "type": "Feature", "properties": { "TLID": 184645938, "FEDIRP": "N", "FENAME": "Arkadou", "FETYPE": "St", "FEDIRS": null, "FRADDL": 2100.0, "TOADDL": 2198.0, "FRADDR": 2101.0, "TOADDR": 2199.0 }, "geometry": { "type": "LineString", "coordinates": [ [ 24.896765, 36.066621 ], [ 24.895065, 36.066621 ] ] } },
{ "type": "Feature", "properties": { "TLID": 184645939, "FEDIRP": "N", "FENAME": "Arkadiou", "FETYPE": "St", "FEDIRS": null, "FRADDL": 2100.0, "TOADDL": 2198.0, "FRADDR": 2101.0, "TOADDR": 2199.0 }, "geometry": { "type": "LineString", "coordinates": [ [ 24.896765, 36.065721 ], [ 24.895065, 36.065721 ] ] } },
{ "type": "Feature", "properties": { "TLID": 184645940, "FEDIRP": null, "FENAME": "Niovis", "FETYPE": "St", "FEDIRS": null, "FRADDL": 2500.0, "TOADDL": 2598.0, "FRADDR": 2501.0, "TOADDR": 2599.0 }, "geometry": { "type": "LineString", "coordinates": [ [ 24.895165, 36.064721 ], [ 24.895065, 36.065721 ] ] } },
{ "type": "Feature", "properties": { "TLID": 184645941, "FEDIRP": "N", "FENAME": "Artakis", "FETYPE": "St", "FEDIRS": null, "FRADDL": 1100.0, "TOADDL": 2098.0, "FRADDR": 1101.0, "TOADDR": 2099.0 }, "geometry": { "type": "LineString", "coordinates": [ [ 24.897565, 36.067621 ], [ 24.896665, 36.067621 ] ] } },
{ "type": "Feature", "properties": { "TLID": 184645942, "FEDIRP": "N", "FENAME": "Sirrakou", "FETYPE": "St", "FEDIRS": null, "FRADDL": 2700.0, "TOADDL": 2798.0, "FRADDR": 2701.0, "TOADDR": 2799.0 }, "geometry": { "type": "LineString", "coordinates": [ [ 24.896765, 36.066621 ], [ 24.896665, 36.067621 ] ] } },
{ "type": "Feature", "properties": { "TLID": 184645943, "FEDIRP": "N", "FENAME": "Sirrakou", "FETYPE": "St", "FEDIRS": null, "FRADDL": 2600.0, "TOADDL": 2698.0, "FRADDR": 2601.0, "TOADDR": 2699.0 }, "geometry": { "type": "LineString", "coordinates": [ [ 24.896765, 36.065721 ], [ 24.896765, 36.066621 ] ] } },
{ "type": "Feature", "properties": { "TLID": 184645944, "FEDIRP": "N", "FENAME": "Arkadou", "FETYPE": "St", "FEDIRS": null, "FRADDL": 1100.0, "TOADDL": 2098.0, "FRADDR": 1101.0, "TOADDR": 2099.0 }, "geometry": { "type": "LineString", "coordinates": [ [ 24.898965, 36.066621 ], [ 24.896765, 36.066621 ] ] } },
{ "type": "Feature", "properties": { "TLID": 184645945, "FEDIRP": "N", "FENAME": "Arkadiou", "FETYPE": "St", "FEDIRS": null, "FRADDL": 1100.0, "TOADDL": 2098.0, "FRADDR": 1101.0, "TOADDR": 2099.0 }, "geometry": { "type": "LineString", "coordinates": [ [ 24.899065, 36.065721 ], [ 24.896765, 36.065721 ] ] } },
{ "type": "Feature", "properties": { "TLID": 184645946, "FEDIRP": "N", "FENAME": "Sirrakou", "FETYPE": "St", "FEDIRS": null, "FRADDL": 2504.0, "TOADDL": 2598.0, "FRADDR": 2501.0, "TOADDR": 2599.0 }, "geometry": { "type": "LineString", "coordinates": [ [ 24.896765, 36.064221 ], [ 24.896765, 36.065721 ] ] } },
{ "type": "Feature", "properties": { "TLID": 184645947, "FEDIRP": null, "FENAME": "Sannan", "FETYPE": "Pky", "FEDIRS": null, "FRADDL": 2000.0, "TOADDL": 2098.0, "FRADDR": 2001.0, "TOADDR": 2099.0 }, "geometry": { "type": "LineString", "coordinates": [ [ 24.901501, 36.068499 ], [ 24.898205, 36.069383 ] ] } },
{ "type": "Feature", "properties": { "TLID": 184645949, "FEDIRP": "N", "FENAME": "Pefkon", "FETYPE": "Dr", "FEDIRS": null, "FRADDL": 900.0, "TOADDL": 1006.0, "FRADDR": 901.0, "TOADDR": 907.0 }, "geometry": { "type": "LineString", "coordinates": [ [ 24.901595, 36.065101 ], [ 24.900965, 36.065821 ] ] } },
{ "type": "Feature", "properties": { "TLID": 184645951, "FEDIRP": null, "FENAME": "Kasnesi", "FETYPE": "Rd", "FEDIRS": null, "FRADDL": 2700.0, "TOADDL": 2898.0, "FRADDR": 2701.0, "TOADDR": 2899.0 }, "geometry": { "type": "LineString", "coordinates": [ [ 24.899565, 36.066721 ], [ 24.899065, 36.067721 ] ] } },
{ "type": "Feature", "properties": { "TLID": 184645952, "FEDIRP": "N", "FENAME": "Achilleos", "FETYPE": "St", "FEDIRS": null, "FRADDL": 300.0, "TOADDL": 398.0, "FRADDR": 301.0, "TOADDR": 399.0 }, "geometry": { "type": "LineString", "coordinates": [ [ 24.898965, 36.066621 ], [ 24.899065, 36.065721 ] ] } },
{ "type": "Feature", "properties": { "TLID": 184645953, "FEDIRP": "N", "FENAME": "Pefkon", "FETYPE": "Dr", "FEDIRS": null, "FRADDL": 1016.0, "TOADDL": 1098.0, "FRADDR": 923.0, "TOADDR": 1099.0 }, "geometry": { "type": "LineString", "coordinates": [ [ 24.899565, 36.066721 ], [ 24.898965, 36.066621 ] ] } },
{ "type": "Feature", "properties": { "TLID": 184645954, "FEDIRP": "N", "FENAME": "Pefkon", "FETYPE": "Dr", "FEDIRS": null, "FRADDL": 1008.0, "TOADDL": 1014.0, "FRADDR": 909.0, "TOADDR": 921.0 }, "geometry": { "type": "LineString", "coordinates": [ [ 24.900965, 36.065821 ], [ 24.899565, 36.066721 ] ] } },
{ "type": "Feature", "properties": { "TLID": 184645956, "FEDIRP": "N", "FENAME": "Kritis", "FETYPE": "Rd", "FEDIRS": null, "FRADDL": 2700.0, "TOADDL": 2898.0, "FRADDR": 2701.0, "TOADDR": 2899.0 }, "geometry": { "type": "LineString", "coordinates": [ [ 24.900965, 36.065821 ], [ 24.901165, 36.066521 ] ] } },
{ "type": "Feature", "properties": { "TLID": 184645958, "FEDIRP": null, "FENAME": "Vatopediou", "FETYPE": "Rd", "FEDIRS": "N", "FRADDL": 100.0, "TOADDL": 198.0, "FRADDR": 101.0, "TOADDR": 199.0 }, "geometry": { "type": "LineString", "coordinates": [ [ 24.889365, 36.064121 ], [ 24.889765, 36.065121 ], [ 24.889765, 36.066621 ] ] } },
{ "type": "Feature", "properties": { "TLID": 184645959, "FEDIRP": "N", "FENAME": "Fura", "FETYPE": "Rd", "FEDIRS": null, "FRADDL": 22.0, "TOADDL": 98.0, "FRADDR": 19.0, "TOADDR": 99.0 }, "geometry": { "type": "LineString", "coordinates": [ [ 24.890565, 36.064121 ], [ 24.889365, 36.064121 ] ] } },
{ "type": "Feature", "properties": { "TLID": 184645960, "FEDIRP": null, "FENAME": "Vatopediou", "FETYPE": "Rd", "FEDIRS": "N", "FRADDL": 2.0, "TOADDL": 98.0, "FRADDR": 1.0, "TOADDR": 99.0 }, "geometry": { "type": "LineString", "coordinates": [ [ 24.890065, 36.063121 ], [ 24.889365, 36.064121 ] ] } },
{ "type": "Feature", "properties": { "TLID": 184645961, "FEDIRP": "N", "FENAME": "Palmant", "FETYPE": "St", "FEDIRS": null, "FRADDL": 2100.0, "TOADDL": 2198.0, "FRADDR": 2101.0, "TOADDR": 2199.0 }, "geometry": { "type": "LineString", "coordinates": [ [ 24.888765, 36.062121 ], [ 24.888665, 36.062621 ] ] } },
{ "type": "Feature", "properties": { "TLID": 184645962, "FEDIRP": "N", "FENAME": "Androutsou", "FETYPE": "St", "FEDIRS": null, "FRADDL": 2600.0, "TOADDL": 2698.0, "FRADDR": 2601.0, "TOADDR": 2699.0 }, "geometry": { "type": "LineString", "coordinates": [ [ 24.889865, 36.062121 ], [ 24.888765, 36.062121 ] ] } },
{ "type": "Feature", "properties": { "TLID": 184645963, "FEDIRP": "N", "FENAME": "Palmant", "FETYPE": "St", "FEDIRS": null, "FRADDL": 1900.0, "TOADDL": 2098.0, "FRADDR": 1901.0, "TOADDR": 2099.0 }, "geometry": { "type": "LineString", "coordinates": [ [ 24.888665, 36.061121 ], [ 24.888765, 36.062121 ] ] } },
{ "type": "Feature", "properties": { "TLID": 184645964, "FEDIRP": "N", "FENAME": "Androutsou", "FETYPE": "St", "FEDIRS": null, "FRADDL": 2500.0, "TOADDL": 2598.0, "FRADDR": 2501.0, "TOADDR": 2599.0 }, "geometry": { "type": "LineString", "coordinates": [ [ 24.891065, 36.062121 ], [ 24.889865, 36.062121 ] ] } },
{ "type": "Feature", "properties": { "TLID": 184645965, "FEDIRP": "N", "FENAME": "Jav", "FETYPE": "St", "FEDIRS": null, "FRADDL": 1900.0, "TOADDL": 2098.0, "FRADDR": 1901.0, "TOADDR": 2099.0 }, "geometry": { "type": "LineString", "coordinates": [ [ 24.889765, 36.061021 ], [ 24.889865, 36.062121 ] ] } },
{ "type": "Feature", "properties": { "TLID": 184645966, "FEDIRP": "N", "FENAME": "Stril", "FETYPE": "Rd", "FEDIRS": null, "FRADDL": 26.0, "TOADDL": 98.0, "FRADDR": 27.0, "TOADDR": 99.0 }, "geometry": { "type": "LineString", "coordinates": [ [ 24.890565, 36.064121 ], [ 24.890565, 36.064921 ] ] } },
{ "type": "Feature", "properties": { "TLID": 184645967, "FEDIRP": "N", "FENAME": "Fura", "FETYPE": "Rd", "FEDIRS": null, "FRADDL": 2.0, "TOADDL": 20.0, "FRADDR": 1.0, "TOADDR": 17.0 }, "geometry": { "type": "LineString", "coordinates": [ [ 24.891365, 36.064121 ], [ 24.890565, 36.064121 ] ] } },
{ "type": "Feature", "properties": { "TLID": 184645968, "FEDIRP": "N", "FENAME": "Stril", "FETYPE": "Rd", "FEDIRS": null, "FRADDL": 2.0, "TOADDL": 24.0, "FRADDR": 1.0, "TOADDR": 25.0 }, "geometry": { "type": "LineString", "coordinates": [ [ 24.890465, 36.063121 ], [ 24.890565, 36.064121 ] ] } },
{ "type": "Feature", "properties": { "TLID": 184645969, "FEDIRP": null, "FENAME": "Iroon", "FETYPE": "Rd", "FEDIRS": "N", "FRADDL": 26.0, "TOADDL": 82.0, "FRADDR": 33.0, "TOADDR": 35.0 }, "geometry": { "type": "LineString", "coordinates": [ [ 24.891365, 36.064121 ], [ 24.891165, 36.064921 ] ] } },
{ "type": "Feature", "properties": { "TLID": 184645970, "FEDIRP": null, "FENAME": null, "FETYPE": null, "FEDIRS": null, "FRADDL": null, "TOADDL": null, "FRADDR": null, "TOADDR": null }, "geometry": { "type": "LineString", "coordinates": [ [ 24.891865, 36.064921 ], [ 24.891165, 36.064921 ] ] } },
{ "type": "Feature", "properties": { "TLID": 184645971, "FEDIRP": null, "FENAME": "Iroon", "FETYPE": "Rd", "FEDIRS": "N", "FRADDL": 2.0, "TOADDL": 24.0, "FRADDR": 1.0, "TOADDR": 31.0 }, "geometry": { "type": "LineString", "coordinates": [ [ 24.891465, 36.063221 ], [ 24.891365, 36.063721 ], [ 24.891365, 36.064121 ] ] } },
{ "type": "Feature", "properties": { "TLID": 184645972, "FEDIRP": "N", "FENAME": "Jav", "FETYPE": "St", "FEDIRS": null, "FRADDL": 2100.0, "TOADDL": 2298.0, "FRADDR": 2101.0, "TOADDR": 2299.0 }, "geometry": { "type": "LineString", "coordinates": [ [ 24.889865, 36.062121 ], [ 24.890065, 36.063121 ] ] } },
{ "type": "Feature", "properties": { "TLID": 184645973, "FEDIRP": "N", "FENAME": "Zefirou", "FETYPE": "Ave", "FEDIRS": null, "FRADDL": 2500.0, "TOADDL": 2512.0, "FRADDR": 2533.0, "TOADDR": 2571.0 }, "geometry": { "type": "LineString", "coordinates": [ [ 24.891065, 36.063121 ], [ 24.890465, 36.063121 ] ] } },
{ "type": "Feature", "properties": { "TLID": 184645974, "FEDIRP": "N", "FENAME": "Prevezis", "FETYPE": "St", "FEDIRS": null, "FRADDL": 2100.0, "TOADDL": 2298.0, "FRADDR": 2101.0, "TOADDR": 2299.0 }, "geometry": { "type": "LineString", "coordinates": [ [ 24.891065, 36.062121 ], [ 24.891065, 36.063121 ] ] } },
{ "type": "Feature", "properties": { "TLID": 184645975, "FEDIRP": "N", "FENAME": "Zefirou", "FETYPE": "Ave", "FEDIRS": null, "FRADDL": 2464.0, "TOADDL": 2498.0, "FRADDR": 2429.0, "TOADDR": 2531.0 }, "geometry": { "type": "LineString", "coordinates": [ [ 24.891465, 36.063221 ], [ 24.891065, 36.063121 ] ] } },
{ "type": "Feature", "properties": { "TLID": 184645976, "FEDIRP": "N", "FENAME": "Zefirou", "FETYPE": "Ave", "FEDIRS": null, "FRADDL": 2432.0, "TOADDL": 2462.0, "FRADDR": null, "TOADDR": null }, "geometry": { "type": "LineString", "coordinates": [ [ 24.891765, 36.063121 ], [ 24.891465, 36.063221 ] ] } },
{ "type": "Feature", "properties": { "TLID": 184645977, "FEDIRP": "N", "FENAME": "Prevezis", "FETYPE": "St", "FEDIRS": null, "FRADDL": 1900.0, "TOADDL": 2098.0, "FRADDR": 1901.0, "TOADDR": 2099.0 }, "geometry": { "type": "LineString", "coordinates": [ [ 24.890966, 36.061044 ], [ 24.891065, 36.062121 ] ] } },
{ "type": "Feature", "properties": { "TLID": 184645979, "FEDIRP": "N", "FENAME": "Palmant", "FETYPE": "St", "FEDIRS": null, "FRADDL": 1700.0, "TOADDL": 1898.0, "FRADDR": 1701.0, "TOADDR": 1899.0 }, "geometry": { "type": "LineString", "coordinates": [ [ 24.888665, 36.059721 ], [ 24.888665, 36.061121 ] ] } },
{ "type": "Feature", "properties": { "TLID": 184645980, "FEDIRP": "N", "FENAME": "Jav", "FETYPE": "St", "FEDIRS": null, "FRADDL": 1700.0, "TOADDL": 1898.0, "FRADDR": 1701.0, "TOADDR": 1899.0 }, "geometry": { "type": "LineString", "coordinates": [ [ 24.889765, 36.059821 ], [ 24.889765, 36.061021 ] ] } },
{ "type": "Feature", "properties": { "TLID": 184645981, "FEDIRP": "N", "FENAME": "Palmant", "FETYPE": "St", "FEDIRS": null, "FRADDL": 1500.0, "TOADDL": 1698.0, "FRADDR": 1501.0, "TOADDR": 1699.0 }, "geometry": { "type": "LineString", "coordinates": [ [ 24.888565, 36.058521 ], [ 24.888665, 36.059721 ] ] } },
{ "type": "Feature", "properties": { "TLID": 184645982, "FEDIRP": "N", "FENAME": "Alfiou", "FETYPE": "St", "FEDIRS": null, "FRADDL": 2600.0, "TOADDL": 2698.0, "FRADDR": 2601.0, "TOADDR": 2699.0 }, "geometry": { "type": "LineString", "coordinates": [ [ 24.889765, 36.059821 ], [ 24.888665, 36.059721 ] ] } },
{ "type": "Feature", "properties": { "TLID": 184645983, "FEDIRP": "N", "FENAME": "Alfiou", "FETYPE": "St", "FEDIRS": null, "FRADDL": 2500.0, "TOADDL": 2598.0, "FRADDR": 2501.0, "TOADDR": 2599.0 }, "geometry": { "type": "LineString", "coordinates": [ [ 24.890972, 36.05976 ], [ 24.889765, 36.059821 ] ] } },
{ "type": "Feature", "properties": { "TLID": 184645984, "FEDIRP": "N", "FENAME": "Jav", "FETYPE": "St", "FEDIRS": null, "FRADDL": 1500.0, "TOADDL": 1698.0, "FRADDR": 1501.0, "TOADDR": 1699.0 }, "geometry": { "type": "LineString", "coordinates": [ [ 24.889765, 36.058521 ], [ 24.889765, 36.059821 ] ] } },
{ "type": "Feature", "properties": { "TLID": 184645985, "FEDIRP": "N", "FENAME": "Amfitris", "FETYPE": "St", "FEDIRS": null, "FRADDL": 2500.0, "TOADDL": 2598.0, "FRADDR": 2501.0, "TOADDR": 2599.0 }, "geometry": { "type": "LineString", "coordinates": [ [ 24.890966, 36.061044 ], [ 24.889765, 36.061021 ] ] } },
{ "type": "Feature", "properties": { "TLID": 184645986, "FEDIRP": "N", "FENAME": "Prevezis", "FETYPE": "St", "FEDIRS": null, "FRADDL": 1700.0, "TOADDL": 1898.0, "FRADDR": 1701.0, "TOADDR": 1899.0 }, "geometry": { "type": "LineString", "coordinates": [ [ 24.890972, 36.05976 ], [ 24.890966, 36.061044 ] ] } },
{ "type": "Feature", "properties": { "TLID": 184645987, "FEDIRP": "N", "FENAME": "Amfitris", "FETYPE": "St", "FEDIRS": null, "FRADDL": 2400.0, "TOADDL": 2498.0, "FRADDR": 2401.0, "TOADDR": 2499.0 }, "geometry": { "type": "LineString", "coordinates": [ [ 24.892165, 36.061021 ], [ 24.890966, 36.061044 ] ] } },
{ "type": "Feature", "properties": { "TLID": 184645988, "FEDIRP": "N", "FENAME": "Prevezis", "FETYPE": "St", "FEDIRS": null, "FRADDL": 1500.0, "TOADDL": 1698.0, "FRADDR": 1501.0, "TOADDR": 1699.0 }, "geometry": { "type": "LineString", "coordinates": [ [ 24.890969, 36.05851 ], [ 24.890972, 36.05976 ] ] } },
{ "type": "Feature", "properties": { "TLID": 184645989, "FEDIRP": null, "FENAME": "Pamassou", "FETYPE": "Rd", "FEDIRS": null, "FRADDL": 2.0, "TOADDL": 68.0, "FRADDR": 1.0, "TOADDR": 57.0 }, "geometry": { "type": "LineString", "coordinates": [ [ 24.891765, 36.063121 ], [ 24.891865, 36.064921 ] ] } },
{ "type": "Feature", "properties": { "TLID": 184645990, "FEDIRP": "N", "FENAME": "Zefirou", "FETYPE": "Ave", "FEDIRS": null, "FRADDL": 2400.0, "TOADDL": 2430.0, "FRADDR": 2401.0, "TOADDR": 2427.0 }, "geometry": { "type": "LineString", "coordinates": [ [ 24.892265, 36.063421 ], [ 24.891765, 36.063121 ] ] } },
{ "type": "Feature", "properties": { "TLID": 184645991, "FEDIRP": "N", "FENAME": "Souliou", "FETYPE": "St", "FEDIRS": null, "FRADDL": 2100.0, "TOADDL": 2298.0, "FRADDR": 2101.0, "TOADDR": 2299.0 }, "geometry": { "type": "LineString", "coordinates": [ [ 24.892265, 36.062221 ], [ 24.892265, 36.063421 ] ] } },
{ "type": "Feature", "properties": { "TLID": 184645992, "FEDIRP": "N", "FENAME": "Zefirou", "FETYPE": "Ave", "FEDIRS": null, "FRADDL": 1312.0, "TOADDL": 2398.0, "FRADDR": 2301.0, "TOADDR": 2399.0 }, "geometry": { "type": "LineString", "coordinates": [ [ 24.893465, 36.063121 ], [ 24.892265, 36.063421 ] ] } },
{ "type": "Feature", "properties": { "TLID": 184645993, "FEDIRP": "N", "FENAME": "Androutsou", "FETYPE": "St", "FEDIRS": null, "FRADDL": 2400.0, "TOADDL": 2498.0, "FRADDR": 2401.0, "TOADDR": 2499.0 }, "geometry": { "type": "LineString", "coordinates": [ [ 24.892265, 36.062221 ], [ 24.891065, 36.062121 ] ] } },
{ "type": "Feature", "properties": { "TLID": 184645994, "FEDIRP": "N", "FENAME": "Souliou", "FETYPE": "St", "FEDIRS": null, "FRADDL": 1910.0, "TOADDL": 2098.0, "FRADDR": 1903.0, "TOADDR": 2099.0 }, "geometry": { "type": "LineString", "coordinates": [ [ 24.892165, 36.061421 ], [ 24.892265, 36.062221 ] ] } },
{ "type": "Feature", "properties": { "TLID": 184645995, "FEDIRP": "N", "FENAME": "Livaniou", "FETYPE": "St", "FEDIRS": null, "FRADDL": 1300.0, "TOADDL": 1398.0, "FRADDR": 1301.0, "TOADDR": 1399.0 }, "geometry": { "type": "LineString", "coordinates": [ [ 24.893465, 36.061721 ], [ 24.892265, 36.062221 ] ] } },
{ "type": "Feature", "properties": { "TLID": 184645996, "FEDIRP": "N", "FENAME": "Zefirou", "FETYPE": "Ave", "FEDIRS": null, "FRADDL": 1300.0, "TOADDL": 1310.0, "FRADDR": 1225.0, "TOADDR": 2299.0 }, "geometry": { "type": "LineString", "coordinates": [ [ 24.893865, 36.062821 ], [ 24.893465, 36.063121 ] ] } },
{ "type": "Feature", "properties": { "TLID": 184645997, "FEDIRP": "N", "FENAME": "Agiasou", "FETYPE": "St", "FEDIRS": null, "FRADDL": 800.0, "TOADDL": 898.0, "FRADDR": 801.0, "TOADDR": 899.0 }, "geometry": { "type": "LineString", "coordinates": [ [ 24.893865, 36.062821 ], [ 24.893465, 36.061721 ] ] } },
{ "type": "Feature", "properties": { "TLID": 184645998, "FEDIRP": "N", "FENAME": "Zefirou", "FETYPE": "Ave", "FEDIRS": null, "FRADDL": 1200.0, "TOADDL": 1298.0, "FRADDR": 1201.0, "TOADDR": 1223.0 }, "geometry": { "type": "LineString", "coordinates": [ [ 24.895365, 36.062421 ], [ 24.893865, 36.062821 ] ] } },
{ "type": "Feature", "properties": { "TLID": 184645999, "FEDIRP": "N", "FENAME": "Souliou", "FETYPE": "St", "FEDIRS": null, "FRADDL": 1900.0, "TOADDL": 1908.0, "FRADDR": 1843.0, "TOADDR": 1901.0 }, "geometry": { "type": "LineString", "coordinates": [ [ 24.892165, 36.061021 ], [ 24.892165, 36.061421 ] ] } },
{ "type": "Feature", "properties": { "TLID": 184646000, "FEDIRP": "N", "FENAME": "Livit", "FETYPE": "St", "FEDIRS": null, "FRADDL": 1222.0, "TOADDL": 1398.0, "FRADDR": 1301.0, "TOADDR": 1399.0 }, "geometry": { "type": "LineString", "coordinates": [ [ 24.892665, 36.061221 ], [ 24.892165, 36.061421 ] ] } },
{ "type": "Feature", "properties": { "TLID": 184646001, "FEDIRP": "N", "FENAME": "Souliou", "FETYPE": "St", "FEDIRS": null, "FRADDL": 1716.0, "TOADDL": 1798.0, "FRADDR": 1707.0, "TOADDR": 1841.0 }, "geometry": { "type": "LineString", "coordinates": [ [ 24.892165, 36.060221 ], [ 24.892165, 36.061021 ] ] } },
{ "type": "Feature", "properties": { "TLID": 184646002, "FEDIRP": "N", "FENAME": "Livit", "FETYPE": "St", "FEDIRS": null, "FRADDL": 1200.0, "TOADDL": 1220.0, "FRADDR": 1201.0, "TOADDR": 1299.0 }, "geometry": { "type": "LineString", "coordinates": [ [ 24.893965, 36.060721 ], [ 24.892665, 36.061221 ] ] } },
{ "type": "Feature", "properties": { "TLID": 184646003, "FEDIRP": "N", "FENAME": "Souliou", "FETYPE": "St", "FEDIRS": null, "FRADDL": 1700.0, "TOADDL": 1714.0, "FRADDR": 1639.0, "TOADDR": 1705.0 }, "geometry": { "type": "LineString", "coordinates": [ [ 24.892171, 36.059765 ], [ 24.892165, 36.060221 ] ] } },
{ "type": "Feature", "properties": { "TLID": 184646004, "FEDIRP": "N", "FENAME": "Madeg", "FETYPE": "St", "FEDIRS": null, "FRADDL": 1200.0, "TOADDL": 1298.0, "FRADDR": 1201.0, "TOADDR": 1299.0 }, "geometry": { "type": "LineString", "coordinates": [ [ 24.893365, 36.059821 ], [ 24.892165, 36.060221 ] ] } },
{ "type": "Feature", "properties": { "TLID": 184646005, "FEDIRP": "N", "FENAME": "Alfiou", "FETYPE": "St", "FEDIRS": null, "FRADDL": 2400.0, "TOADDL": 2498.0, "FRADDR": 2401.0, "TOADDR": 2499.0 }, "geometry": { "type": "LineString", "coordinates": [ [ 24.892171, 36.059765 ], [ 24.890972, 36.05976 ] ] } },
{ "type": "Feature", "properties": { "TLID": 184646006, "FEDIRP": "N", "FENAME": "Souliou", "FETYPE": "St", "FEDIRS": null, "FRADDL": 1524.0, "TOADDL": 1598.0, "FRADDR": 1535.0, "TOADDR": 1637.0 }, "geometry": { "type": "LineString", "coordinates": [ [ 24.892153, 36.059147 ], [ 24.892171, 36.059765 ] ] } },
{ "type": "Feature", "properties": { "TLID": 184646007, "FEDIRP": "N", "FENAME": "Maskin", "FETYPE": "St", "FEDIRS": null, "FRADDL": 1122.0, "TOADDL": 1298.0, "FRADDR": 1201.0, "TOADDR": 1299.0 }, "geometry": { "type": "LineString", "coordinates": [ [ 24.892765, 36.058921 ], [ 24.892153, 36.059147 ] ] } },
{ "type": "Feature", "properties": { "TLID": 184646008, "FEDIRP": "N", "FENAME": "Souliou", "FETYPE": "St", "FEDIRS": null, "FRADDL": 1500.0, "TOADDL": 1522.0, "FRADDR": 1505.0, "TOADDR": 1533.0 }, "geometry": { "type": "LineString", "coordinates": [ [ 24.892135, 36.058481 ], [ 24.892153, 36.059147 ] ] } },
{ "type": "Feature", "properties": { "TLID": 184646009, "FEDIRP": "N", "FENAME": "Maskin", "FETYPE": "St", "FEDIRS": null, "FRADDL": 1100.0, "TOADDL": 1120.0, "FRADDR": 1101.0, "TOADDR": 1199.0 }, "geometry": { "type": "LineString", "coordinates": [ [ 24.894065, 36.058521 ], [ 24.892765, 36.058921 ] ] } },
{ "type": "Feature", "properties": { "TLID": 184646010, "FEDIRP": "N", "FENAME": "Agiasou", "FETYPE": "St", "FEDIRS": null, "FRADDL": 900.0, "TOADDL": 998.0, "FRADDR": 901.0, "TOADDR": 999.0 }, "geometry": { "type": "LineString", "coordinates": [ [ 24.893465, 36.061721 ], [ 24.892665, 36.061221 ] ] } },
{ "type": "Feature", "properties": { "TLID": 184646011, "FEDIRP": "N", "FENAME": "Livaniou", "FETYPE": "St", "FEDIRS": null, "FRADDL": 1200.0, "TOADDL": 1298.0, "FRADDR": 1201.0, "TOADDR": 1299.0 }, "geometry": { "type": "LineString", "coordinates": [ [ 24.894665, 36.061721 ], [ 24.893465, 36.061721 ] ] } },
{ "type": "Feature", "properties": { "TLID": 184646012, "FEDIRP": "N", "FENAME": "Agentes", "FETYPE": "St", "FEDIRS": null, "FRADDL": 1000.0, "TOADDL": 1098.0, "FRADDR": 1001.0, "TOADDR": 1099.0 }, "geometry": { "type": "LineString", "coordinates": [ [ 24.893965, 36.060721 ], [ 24.893365, 36.059821 ] ] } },
{ "type": "Feature", "properties": { "TLID": 184646013, "FEDIRP": "N", "FENAME": "Livit", "FETYPE": "St", "FEDIRS": null, "FRADDL": 1100.0, "TOADDL": 1198.0, "FRADDR": 1101.0, "TOADDR": 1199.0 }, "geometry": { "type": "LineString", "coordinates": [ [ 24.895365, 36.060321 ], [ 24.893965, 36.060721 ] ] } },
{ "type": "Feature", "properties": { "TLID": 184646014, "FEDIRP": "N", "FENAME": "Agentes", "FETYPE": "St", "FEDIRS": null, "FRADDL": 900.0, "TOADDL": 998.0, "FRADDR": 901.0, "TOADDR": 999.0 }, "geometry": { "type": "LineString", "coordinates": [ [ 24.894665, 36.061721 ], [ 24.893965, 36.060721 ] ] } },
{ "type": "Feature", "properties": { "TLID": 184646015, "FEDIRP": "N", "FENAME": "Livaniou", "FETYPE": "St", "FEDIRS": null, "FRADDL": 1100.0, "TOADDL": 1198.0, "FRADDR": 1101.0, "TOADDR": 1199.0 }, "geometry": { "type": "LineString", "coordinates": [ [ 24.896165, 36.061221 ], [ 24.894665, 36.061721 ] ] } },
{ "type": "Feature", "properties": { "TLID": 184646016, "FEDIRP": "N", "FENAME": "Agentes", "FETYPE": "St", "FEDIRS": null, "FRADDL": 1100.0, "TOADDL": 1198.0, "FRADDR": 1101.0, "TOADDR": 1199.0 }, "geometry": { "type": "LineString", "coordinates": [ [ 24.893365, 36.059821 ], [ 24.892765, 36.058921 ] ] } },
{ "type": "Feature", "properties": { "TLID": 184646017, "FEDIRP": "N", "FENAME": "Madeg", "FETYPE": "St", "FEDIRS": null, "FRADDL": 1100.0, "TOADDL": 1198.0, "FRADDR": 1101.0, "TOADDR": 1199.0 }, "geometry": { "type": "LineString", "coordinates": [ [ 24.894765, 36.059421 ], [ 24.893365, 36.059821 ] ] } },
{ "type": "Feature", "properties": { "TLID": 184646018, "FEDIRP": "N", "FENAME": "Achilleos", "FETYPE": "St", "FEDIRS": null, "FRADDL": 1100.0, "TOADDL": 1198.0, "FRADDR": 1101.0, "TOADDR": 1199.0 }, "geometry": { "type": "LineString", "coordinates": [ [ 24.894765, 36.059421 ], [ 24.894065, 36.058521 ] ] } },
{ "type": "Feature", "properties": { "TLID": 184646019, "FEDIRP": "N", "FENAME": "Madeg", "FETYPE": "St", "FEDIRS": null, "FRADDL": 1000.0, "TOADDL": 1098.0, "FRADDR": 1001.0, "TOADDR": 1099.0 }, "geometry": { "type": "LineString", "coordinates": [ [ 24.896165, 36.058921 ], [ 24.894765, 36.059421 ] ] } },
{ "type": "Feature", "properties": { "TLID": 184646020, "FEDIRP": "N", "FENAME": "Alamanas", "FETYPE": "St", "FEDIRS": null, "FRADDL": 2700.0, "TOADDL": 2798.0, "FRADDR": 2701.0, "TOADDR": 2799.0 }, "geometry": { "type": "LineString", "coordinates": [ [ 24.888565, 36.058521 ], [ 24.887465, 36.058421 ] ] } },
{ "type": "Feature", "properties": { "TLID": 184646021, "FEDIRP": "N", "FENAME": "Alamanas", "FETYPE": "St", "FEDIRS": null, "FRADDL": 2600.0, "TOADDL": 2698.0, "FRADDR": 2601.0, "TOADDR": 2699.0 }, "geometry": { "type": "LineString", "coordinates": [ [ 24.889765, 36.058521 ], [ 24.888565, 36.058521 ] ] } },
{ "type": "Feature", "properties": { "TLID": 184646022, "FEDIRP": "N", "FENAME": "Palmant", "FETYPE": "St", "FEDIRS": null, "FRADDL": 1400.0, "TOADDL": 1498.0, "FRADDR": 1401.0, "TOADDR": 1499.0 }, "geometry": { "type": "LineString", "coordinates": [ [ 24.888665, 36.057121 ], [ 24.888565, 36.058521 ] ] } },
{ "type": "Feature", "properties": { "TLID": 184646023, "FEDIRP": "N", "FENAME": "Jav", "FETYPE": "St", "FEDIRS": null, "FRADDL": 1400.0, "TOADDL": 1498.0, "FRADDR": 1401.0, "TOADDR": 1499.0 }, "geometry": { "type": "LineString", "coordinates": [ [ 24.889765, 36.057121 ], [ 24.889765, 36.058521 ] ] } },
{ "type": "Feature", "properties": { "TLID": 184646024, "FEDIRP": "N", "FENAME": "Alamanas", "FETYPE": "St", "FEDIRS": null, "FRADDL": 2500.0, "TOADDL": 2598.0, "FRADDR": 2501.0, "TOADDR": 2599.0 }, "geometry": { "type": "LineString", "coordinates": [ [ 24.890969, 36.05851 ], [ 24.889765, 36.058521 ] ] } },
{ "type": "Feature", "properties": { "TLID": 184646025, "FEDIRP": "N", "FENAME": "Palmant", "FETYPE": "St", "FEDIRS": null, "FRADDL": 1200.0, "TOADDL": 1398.0, "FRADDR": 1201.0, "TOADDR": 1399.0 }, "geometry": { "type": "LineString", "coordinates": [ [ 24.888665, 36.055921 ], [ 24.888665, 36.057121 ] ] } },
{ "type": "Feature", "properties": { "TLID": 184646026, "FEDIRP": "N", "FENAME": "Agisilaou", "FETYPE": "St", "FEDIRS": null, "FRADDL": 2600.0, "TOADDL": 2698.0, "FRADDR": 2601.0, "TOADDR": 2699.0 }, "geometry": { "type": "LineString", "coordinates": [ [ 24.889765, 36.057121 ], [ 24.888665, 36.057121 ] ] } },
{ "type": "Feature", "properties": { "TLID": 184646027, "FEDIRP": "N", "FENAME": "Agentes", "FETYPE": "St", "FEDIRS": null, "FRADDL": 2600.0, "TOADDL": 2698.0, "FRADDR": 2601.0, "TOADDR": 2699.0 }, "geometry": { "type": "LineString", "coordinates": [ [ 24.889765, 36.055921 ], [ 24.888665, 36.055921 ] ] } },
{ "type": "Feature", "properties": { "TLID": 184646028, "FEDIRP": "N", "FENAME": "Palmant", "FETYPE": "St", "FEDIRS": null, "FRADDL": 1100.0, "TOADDL": 1198.0, "FRADDR": 1101.0, "TOADDR": 1199.0 }, "geometry": { "type": "LineString", "coordinates": [ [ 24.888606, 36.054636 ], [ 24.888665, 36.055921 ] ] } },
{ "type": "Feature", "properties": { "TLID": 184646029, "FEDIRP": "N", "FENAME": "Jav", "FETYPE": "St", "FEDIRS": null, "FRADDL": 1200.0, "TOADDL": 1398.0, "FRADDR": 1201.0, "TOADDR": 1399.0 }, "geometry": { "type": "LineString", "coordinates": [ [ 24.889765, 36.055921 ], [ 24.889765, 36.057121 ] ] } },
{ "type": "Feature", "properties": { "TLID": 184646030, "FEDIRP": "N", "FENAME": "Agisilaou", "FETYPE": "St", "FEDIRS": null, "FRADDL": 2500.0, "TOADDL": 2598.0, "FRADDR": 2503.0, "TOADDR": 2599.0 }, "geometry": { "type": "LineString", "coordinates": [ [ 24.890965, 36.057121 ], [ 24.889765, 36.057121 ] ] } },
{ "type": "Feature", "properties": { "TLID": 184646031, "FEDIRP": "N", "FENAME": "Agentes", "FETYPE": "St", "FEDIRS": null, "FRADDL": 2500.0, "TOADDL": 2598.0, "FRADDR": 2501.0, "TOADDR": 2599.0 }, "geometry": { "type": "LineString", "coordinates": [ [ 24.890965, 36.055921 ], [ 24.889765, 36.055921 ] ] } },
{ "type": "Feature", "properties": { "TLID": 184646032, "FEDIRP": "N", "FENAME": "Jav", "FETYPE": "St", "FEDIRS": null, "FRADDL": 1100.0, "TOADDL": 1198.0, "FRADDR": 1101.0, "TOADDR": 1199.0 }, "geometry": { "type": "LineString", "coordinates": [ [ 24.889765, 36.054621 ], [ 24.889765, 36.055921 ] ] } },
{ "type": "Feature", "properties": { "TLID": 184646033, "FEDIRP": "N", "FENAME": "Prevezis", "FETYPE": "St", "FEDIRS": null, "FRADDL": 1400.0, "TOADDL": 1498.0, "FRADDR": 1401.0, "TOADDR": 1499.0 }, "geometry": { "type": "LineString", "coordinates": [ [ 24.890965, 36.057121 ], [ 24.890969, 36.05851 ] ] } },
{ "type": "Feature", "properties": { "TLID": 184646034, "FEDIRP": "N", "FENAME": "Alamanas", "FETYPE": "St", "FEDIRS": null, "FRADDL": 2400.0, "TOADDL": 2498.0, "FRADDR": 2401.0, "TOADDR": 2499.0 }, "geometry": { "type": "LineString", "coordinates": [ [ 24.892135, 36.058481 ], [ 24.890969, 36.05851 ] ] } },
{ "type": "Feature", "properties": { "TLID": 184646035, "FEDIRP": "N", "FENAME": "Prevezis", "FETYPE": "St", "FEDIRS": null, "FRADDL": 1200.0, "TOADDL": 1398.0, "FRADDR": 1201.0, "TOADDR": 1399.0 }, "geometry": { "type": "LineString", "coordinates": [ [ 24.890965, 36.055921 ], [ 24.890965, 36.057121 ] ] } },
{ "type": "Feature", "properties": { "TLID": 184646036, "FEDIRP": "N", "FENAME": "Agisilaou", "FETYPE": "St", "FEDIRS": null, "FRADDL": 2400.0, "TOADDL": 2498.0, "FRADDR": 2401.0, "TOADDR": 2501.0 }, "geometry": { "type": "LineString", "coordinates": [ [ 24.892165, 36.057121 ], [ 24.890965, 36.057121 ] ] } },
{ "type": "Feature", "properties": { "TLID": 184646037, "FEDIRP": "N", "FENAME": "Prevezis", "FETYPE": "St", "FEDIRS": null, "FRADDL": 1100.0, "TOADDL": 1198.0, "FRADDR": 1101.0, "TOADDR": 1199.0 }, "geometry": { "type": "LineString", "coordinates": [ [ 24.890965, 36.054621 ], [ 24.890965, 36.055921 ] ] } },
{ "type": "Feature", "properties": { "TLID": 184646038, "FEDIRP": "N", "FENAME": "Agentes", "FETYPE": "St", "FEDIRS": null, "FRADDL": 2400.0, "TOADDL": 2498.0, "FRADDR": 2401.0, "TOADDR": 2499.0 }, "geometry": { "type": "LineString", "coordinates": [ [ 24.892165, 36.055921 ], [ 24.890965, 36.055921 ] ] } },
{ "type": "Feature", "properties": { "TLID": 184646039, "FEDIRP": "N", "FENAME": "Achilleos", "FETYPE": "St", "FEDIRS": null, "FRADDL": 2600.0, "TOADDL": 2698.0, "FRADDR": 2601.0, "TOADDR": 2699.0 }, "geometry": { "type": "LineString", "coordinates": [ [ 24.889765, 36.054621 ], [ 24.888606, 36.054636 ] ] } },
{ "type": "Feature", "properties": { "TLID": 184646040, "FEDIRP": "N", "FENAME": "Palmant", "FETYPE": "St", "FEDIRS": null, "FRADDL": 1000.0, "TOADDL": 1098.0, "FRADDR": 1001.0, "TOADDR": 1099.0 }, "geometry": { "type": "LineString", "coordinates": [ [ 24.888665, 36.053321 ], [ 24.888606, 36.054636 ] ] } },
{ "type": "Feature", "properties": { "TLID": 184646041, "FEDIRP": "N", "FENAME": "Achilleos", "FETYPE": "St", "FEDIRS": null, "FRADDL": 2500.0, "TOADDL": 2598.0, "FRADDR": 2501.0, "TOADDR": 2599.0 }, "geometry": { "type": "LineString", "coordinates": [ [ 24.890965, 36.054621 ], [ 24.889765, 36.054621 ] ] } },
{ "type": "Feature", "properties": { "TLID": 184646042, "FEDIRP": "N", "FENAME": "Acera", "FETYPE": "St", "FEDIRS": null, "FRADDL": 2600.0, "TOADDL": 2698.0, "FRADDR": 2601.0, "TOADDR": 2699.0 }, "geometry": { "type": "LineString", "coordinates": [ [ 24.889765, 36.053321 ], [ 24.888665, 36.053321 ] ] } },
{ "type": "Feature", "properties": { "TLID": 184646043, "FEDIRP": "N", "FENAME": "Palmant", "FETYPE": "St", "FEDIRS": null, "FRADDL": 800.0, "TOADDL": 998.0, "FRADDR": 801.0, "TOADDR": 999.0 }, "geometry": { "type": "LineString", "coordinates": [ [ 24.888665, 36.052021 ], [ 24.888665, 36.053321 ] ] } },
{ "type": "Feature", "properties": { "TLID": 184646044, "FEDIRP": "N", "FENAME": "Acera", "FETYPE": "St", "FEDIRS": null, "FRADDL": 2500.0, "TOADDL": 2598.0, "FRADDR": 2501.0, "TOADDR": 2599.0 }, "geometry": { "type": "LineString", "coordinates": [ [ 24.891065, 36.053321 ], [ 24.889765, 36.053321 ] ] } },
{ "type": "Feature", "properties": { "TLID": 184646045, "FEDIRP": "N", "FENAME": "Jav", "FETYPE": "St", "FEDIRS": null, "FRADDL": 800.0, "TOADDL": 998.0, "FRADDR": 801.0, "TOADDR": 999.0 }, "geometry": { "type": "LineString", "coordinates": [ [ 24.889865, 36.052021 ], [ 24.889765, 36.053321 ] ] } },
{ "type": "Feature", "properties": { "TLID": 184646046, "FEDIRP": "N", "FENAME": "Prevezis", "FETYPE": "St", "FEDIRS": null, "FRADDL": 1000.0, "TOADDL": 1098.0, "FRADDR": 1001.0, "TOADDR": 1099.0 }, "geometry": { "type": "LineString", "coordinates": [ [ 24.891065, 36.053321 ], [ 24.890965, 36.054621 ] ] } },
{ "type": "Feature", "properties": { "TLID": 184646047, "FEDIRP": "N", "FENAME": "Acera", "FETYPE": "St", "FEDIRS": null, "FRADDL": 2400.0, "TOADDL": 2498.0, "FRADDR": 2401.0, "TOADDR": 2499.0 }, "geometry": { "type": "LineString", "coordinates": [ [ 24.892165, 36.053321 ], [ 24.891065, 36.053321 ] ] } },
{ "type": "Feature", "properties": { "TLID": 184646048, "FEDIRP": "N", "FENAME": "Prevezis", "FETYPE": "St", "FEDIRS": null, "FRADDL": 800.0, "TOADDL": 998.0, "FRADDR": 801.0, "TOADDR": 999.0 }, "geometry": { "type": "LineString", "coordinates": [ [ 24.890965, 36.052021 ], [ 24.891065, 36.053321 ] ] } },
{ "type": "Feature", "properties": { "TLID": 184646049, "FEDIRP": "N", "FENAME": "Souliou", "FETYPE": "St", "FEDIRS": null, "FRADDL": 1424.0, "TOADDL": 1498.0, "FRADDR": 1501.0, "TOADDR": 1503.0 }, "geometry": { "type": "LineString", "coordinates": [ [ 24.892159, 36.058062 ], [ 24.892135, 36.058481 ] ] } },
{ "type": "Feature", "properties": { "TLID": 184646050, "FEDIRP": "N", "FENAME": "Souliou", "FETYPE": "St", "FEDIRS": null, "FRADDL": 1400.0, "TOADDL": 1422.0, "FRADDR": 1401.0, "TOADDR": 1499.0 }, "geometry": { "type": "LineString", "coordinates": [ [ 24.892165, 36.057121 ], [ 24.892159, 36.058062 ] ] } },
{ "type": "Feature", "properties": { "TLID": 184646051, "FEDIRP": "N", "FENAME": "Menelaou", "FETYPE": "St", "FEDIRS": null, "FRADDL": 1100.0, "TOADDL": 1298.0, "FRADDR": 1101.0, "TOADDR": 1299.0 }, "geometry": { "type": "LineString", "coordinates": [ [ 24.893565, 36.057621 ], [ 24.892159, 36.058062 ] ] } },
{ "type": "Feature", "properties": { "TLID": 184646052, "FEDIRP": "N", "FENAME": "Souliou", "FETYPE": "St", "FEDIRS": null, "FRADDL": 1200.0, "TOADDL": 1298.0, "FRADDR": 1201.0, "TOADDR": 1299.0 }, "geometry": { "type": "LineString", "coordinates": [ [ 24.892165, 36.055921 ], [ 24.892165, 36.057121 ] ] } },
{ "type": "Feature", "properties": { "TLID": 184646053, "FEDIRP": "N", "FENAME": "Schaber", "FETYPE": "Ave", "FEDIRS": null, "FRADDL": 1100.0, "TOADDL": 1198.0, "FRADDR": 1101.0, "TOADDR": 1199.0 }, "geometry": { "type": "LineString", "coordinates": [ [ 24.892865, 36.056721 ], [ 24.892165, 36.057121 ] ] } },
{ "type": "Feature", "properties": { "TLID": 184646054, "FEDIRP": "N", "FENAME": "Souliou", "FETYPE": "St", "FEDIRS": null, "FRADDL": 1100.0, "TOADDL": 1198.0, "FRADDR": 1101.0, "TOADDR": 1199.0 }, "geometry": { "type": "LineString", "coordinates": [ [ 24.892165, 36.054721 ], [ 24.892165, 36.055921 ] ] } },
{ "type": "Feature", "properties": { "TLID": 184646055, "FEDIRP": "N", "FENAME": "Honoliau", "FETYPE": "Ave", "FEDIRS": null, "FRADDL": 1000.0, "TOADDL": 1098.0, "FRADDR": 1001.0, "TOADDR": 1101.0 }, "geometry": { "type": "LineString", "coordinates": [ [ 24.893665, 36.055421 ], [ 24.892165, 36.055921 ] ] } },
{ "type": "Feature", "properties": { "TLID": 184646056, "FEDIRP": "N", "FENAME": "Achilleos", "FETYPE": "St", "FEDIRS": null, "FRADDL": 1400.0, "TOADDL": 1498.0, "FRADDR": 1401.0, "TOADDR": 1499.0 }, "geometry": { "type": "LineString", "coordinates": [ [ 24.892865, 36.056721 ], [ 24.892165, 36.055921 ] ] } },
{ "type": "Feature", "properties": { "TLID": 184646057, "FEDIRP": "N", "FENAME": "Schaber", "FETYPE": "Ave", "FEDIRS": null, "FRADDL": 1000.0, "TOADDL": 1098.0, "FRADDR": 1001.0, "TOADDR": 1099.0 }, "geometry": { "type": "LineString", "coordinates": [ [ 24.894265, 36.056221 ], [ 24.892865, 36.056721 ] ] } },
{ "type": "Feature", "properties": { "TLID": 184646058, "FEDIRP": "N", "FENAME": "Achilleos", "FETYPE": "St", "FEDIRS": null, "FRADDL": 1300.0, "TOADDL": 1398.0, "FRADDR": 1301.0, "TOADDR": 1399.0 }, "geometry": { "type": "LineString", "coordinates": [ [ 24.893565, 36.057621 ], [ 24.892865, 36.056721 ] ] } },
{ "type": "Feature", "properties": { "TLID": 184646059, "FEDIRP": "N", "FENAME": "Menelaou", "FETYPE": "St", "FEDIRS": null, "FRADDL": 1000.0, "TOADDL": 1098.0, "FRADDR": 1001.0, "TOADDR": 1099.0 }, "geometry": { "type": "LineString", "coordinates": [ [ 24.894865, 36.057121 ], [ 24.893565, 36.057621 ] ] } },
{ "type": "Feature", "properties": { "TLID": 184646060, "FEDIRP": "N", "FENAME": "Achilleos", "FETYPE": "St", "FEDIRS": null, "FRADDL": 1200.0, "TOADDL": 1298.0, "FRADDR": 1201.0, "TOADDR": 1299.0 }, "geometry": { "type": "LineString", "coordinates": [ [ 24.894065, 36.058521 ], [ 24.893565, 36.057621 ] ] } },
{ "type": "Feature", "properties": { "TLID": 184646061, "FEDIRP": "N", "FENAME": "Maskin", "FETYPE": "St", "FEDIRS": null, "FRADDL": 1000.0, "TOADDL": 1098.0, "FRADDR": 1001.0, "TOADDR": 1099.0 }, "geometry": { "type": "LineString", "coordinates": [ [ 24.895465, 36.058021 ], [ 24.894065, 36.058521 ] ] } },
{ "type": "Feature", "properties": { "TLID": 184646062, "FEDIRP": "N", "FENAME": "Acera", "FETYPE": "St", "FEDIRS": null, "FRADDL": 1400.0, "TOADDL": 1498.0, "FRADDR": 1401.0, "TOADDR": 1499.0 }, "geometry": { "type": "LineString", "coordinates": [ [ 24.894265, 36.056221 ], [ 24.893665, 36.055421 ] ] } },
{ "type": "Feature", "properties": { "TLID": 184646063, "FEDIRP": "N", "FENAME": "Schaber", "FETYPE": "Ave", "FEDIRS": null, "FRADDL": 900.0, "TOADDL": 998.0, "FRADDR": 901.0, "TOADDR": 999.0 }, "geometry": { "type": "LineString", "coordinates": [ [ 24.895565, 36.055821 ], [ 24.894265, 36.056221 ] ] } },
{ "type": "Feature", "properties": { "TLID": 184646064, "FEDIRP": "N", "FENAME": "Achilleos", "FETYPE": "St", "FEDIRS": null, "FRADDL": 2400.0, "TOADDL": 2498.0, "FRADDR": 2401.0, "TOADDR": 2499.0 }, "geometry": { "type": "LineString", "coordinates": [ [ 24.892165, 36.054721 ], [ 24.890965, 36.054621 ] ] } },
{ "type": "Feature", "properties": { "TLID": 184646065, "FEDIRP": "N", "FENAME": "Evripidou", "FETYPE": "Ave", "FEDIRS": null, "FRADDL": 1000.0, "TOADDL": 1098.0, "FRADDR": 1001.0, "TOADDR": 1099.0 }, "geometry": { "type": "LineString", "coordinates": [ [ 24.892965, 36.054421 ], [ 24.892165, 36.054721 ] ] } },
{ "type": "Feature", "properties": { "TLID": 184646066, "FEDIRP": "N", "FENAME": "Souliou", "FETYPE": "St", "FEDIRS": null, "FRADDL": 1010.0, "TOADDL": 1098.0, "FRADDR": 1001.0, "TOADDR": 1099.0 }, "geometry": { "type": "LineString", "coordinates": [ [ 24.892065, 36.053621 ], [ 24.892165, 36.054721 ] ] } },
{ "type": "Feature", "properties": { "TLID": 184646067, "FEDIRP": "N", "FENAME": "Acera", "FETYPE": "St", "FEDIRS": null, "FRADDL": 1600.0, "TOADDL": 1698.0, "FRADDR": 1601.0, "TOADDR": 1699.0 }, "geometry": { "type": "LineString", "coordinates": [ [ 24.892965, 36.054421 ], [ 24.892365, 36.053421 ] ] } },
{ "type": "Feature", "properties": { "TLID": 184646068, "FEDIRP": "N", "FENAME": "Evripidou", "FETYPE": "Ave", "FEDIRS": null, "FRADDL": 900.0, "TOADDL": 998.0, "FRADDR": 901.0, "TOADDR": 999.0 }, "geometry": { "type": "LineString", "coordinates": [ [ 24.894365, 36.054021 ], [ 24.892965, 36.054421 ] ] } },
{ "type": "Feature", "properties": { "TLID": 184646069, "FEDIRP": "N", "FENAME": "Souliou", "FETYPE": "St", "FEDIRS": null, "FRADDL": 1000.0, "TOADDL": 1008.0, "FRADDR": 827.0, "TOADDR": 899.0 }, "geometry": { "type": "LineString", "coordinates": [ [ 24.892165, 36.053321 ], [ 24.892065, 36.053621 ] ] } },
{ "type": "Feature", "properties": { "TLID": 184646070, "FEDIRP": "N", "FENAME": "Kikladon", "FETYPE": "Ave", "FEDIRS": null, "FRADDL": 922.0, "TOADDL": 1098.0, "FRADDR": 1001.0, "TOADDR": 1099.0 }, "geometry": { "type": "LineString", "coordinates": [ [ 24.892365, 36.053421 ], [ 24.892065, 36.053621 ] ] } },
{ "type": "Feature", "properties": { "TLID": 184646071, "FEDIRP": "N", "FENAME": "Souliou", "FETYPE": "St", "FEDIRS": null, "FRADDL": 800.0, "TOADDL": 898.0, "FRADDR": 801.0, "TOADDR": 825.0 }, "geometry": { "type": "LineString", "coordinates": [ [ 24.892165, 36.052021 ], [ 24.892165, 36.053321 ] ] } },
{ "type": "Feature", "properties": { "TLID": 184646072, "FEDIRP": "N", "FENAME": "Kikladon", "FETYPE": "Ave", "FEDIRS": null, "FRADDL": 900.0, "TOADDL": 920.0, "FRADDR": 901.0, "TOADDR": 999.0 }, "geometry": { "type": "LineString", "coordinates": [ [ 24.893765, 36.053121 ], [ 24.892365, 36.053421 ] ] } },
{ "type": "Feature", "properties": { "TLID": 184646073, "FEDIRP": "N", "FENAME": "Tangno", "FETYPE": "St", "FEDIRS": null, "FRADDL": 800.0, "TOADDL": 898.0, "FRADDR": 801.0, "TOADDR": 899.0 }, "geometry": { "type": "LineString", "coordinates": [ [ 24.893065, 36.052021 ], [ 24.893165, 36.052721 ] ] } },
{ "type": "Feature", "properties": { "TLID": 184646074, "FEDIRP": "N", "FENAME": "Acera", "FETYPE": "St", "FEDIRS": null, "FRADDL": 1500.0, "TOADDL": 1598.0, "FRADDR": 1501.0, "TOADDR": 1599.0 }, "geometry": { "type": "LineString", "coordinates": [ [ 24.893665, 36.055421 ], [ 24.892965, 36.054421 ] ] } },
{ "type": "Feature", "properties": { "TLID": 184646075, "FEDIRP": "N", "FENAME": "Honoliau", "FETYPE": "Ave", "FEDIRS": null, "FRADDL": 900.0, "TOADDL": 998.0, "FRADDR": 903.0, "TOADDR": 999.0 }, "geometry": { "type": "LineString", "coordinates": [ [ 24.895065, 36.054921 ], [ 24.893665, 36.055421 ] ] } },
{ "type": "Feature", "properties": { "TLID": 184646076, "FEDIRP": "N", "FENAME": "Ermou", "FETYPE": "St", "FEDIRS": null, "FRADDL": 1600.0, "TOADDL": 1698.0, "FRADDR": 1601.0, "TOADDR": 1699.0 }, "geometry": { "type": "LineString", "coordinates": [ [ 24.894365, 36.054021 ], [ 24.893765, 36.053121 ] ] } },
{ "type": "Feature", "properties": { "TLID": 184646077, "FEDIRP": "N", "FENAME": "Evripidou", "FETYPE": "Ave", "FEDIRS": null, "FRADDL": 800.0, "TOADDL": 898.0, "FRADDR": 801.0, "TOADDR": 899.0 }, "geometry": { "type": "LineString", "coordinates": [ [ 24.895765, 36.053521 ], [ 24.894365, 36.054021 ] ] } },
{ "type": "Feature", "properties": { "TLID": 184646078, "FEDIRP": "N", "FENAME": "Ermou", "FETYPE": "St", "FEDIRS": null, "FRADDL": 1700.0, "TOADDL": 1798.0, "FRADDR": 1701.0, "TOADDR": 1799.0 }, "geometry": { "type": "LineString", "coordinates": [ [ 24.893765, 36.053121 ], [ 24.893165, 36.052721 ] ] } },
{ "type": "Feature", "properties": { "TLID": 184646079, "FEDIRP": "N", "FENAME": "Kikladon", "FETYPE": "Ave", "FEDIRS": null, "FRADDL": 814.0, "TOADDL": 898.0, "FRADDR": 851.0, "TOADDR": 899.0 }, "geometry": { "type": "LineString", "coordinates": [ [ 24.894265, 36.053021 ], [ 24.893765, 36.053121 ] ] } },
{ "type": "Feature", "properties": { "TLID": 184646080, "FEDIRP": "N", "FENAME": "Kikladon", "FETYPE": "Ave", "FEDIRS": null, "FRADDL": 800.0, "TOADDL": 812.0, "FRADDR": 807.0, "TOADDR": 849.0 }, "geometry": { "type": "LineString", "coordinates": [ [ 24.895065, 36.052721 ], [ 24.894265, 36.053021 ] ] } },
{ "type": "Feature", "properties": { "TLID": 184646081, "FEDIRP": "N", "FENAME": "Soulie", "FETYPE": "St", "FEDIRS": null, "FRADDL": 800.0, "TOADDL": 998.0, "FRADDR": 801.0, "TOADDR": 999.0 }, "geometry": { "type": "LineString", "coordinates": [ [ 24.894265, 36.052021 ], [ 24.894265, 36.053021 ] ] } },
{ "type": "Feature", "properties": { "TLID": 184646082, "FEDIRP": null, "FENAME": "Niovis", "FETYPE": "St", "FEDIRS": null, "FRADDL": 608.0, "TOADDL": 2498.0, "FRADDR": 617.0, "TOADDR": 2499.0 }, "geometry": { "type": "LineString", "coordinates": [ [ 24.895165, 36.063821 ], [ 24.895165, 36.064721 ] ] } },
{ "type": "Feature", "properties": { "TLID": 184646083, "FEDIRP": "N", "FENAME": "Tackan", "FETYPE": "Ave", "FEDIRS": null, "FRADDL": 1200.0, "TOADDL": 2198.0, "FRADDR": 1201.0, "TOADDR": 2199.0 }, "geometry": { "type": "LineString", "coordinates": [ [ 24.896765, 36.064221 ], [ 24.895165, 36.064721 ] ] } },
{ "type": "Feature", "properties": { "TLID": 184646084, "FEDIRP": null, "FENAME": "Naloniau", "FETYPE": "Ter", "FEDIRS": null, "FRADDL": 2.0, "TOADDL": 98.0, "FRADDR": 1.0, "TOADDR": 99.0 }, "geometry": { "type": "LineString", "coordinates": [ [ 24.895165, 36.063821 ], [ 24.894065, 36.063621 ] ] } },
{ "type": "Feature", "properties": { "TLID": 184646085, "FEDIRP": null, "FENAME": "Niovis", "FETYPE": "St", "FEDIRS": null, "FRADDL": 600.0, "TOADDL": 606.0, "FRADDR": 601.0, "TOADDR": 615.0 }, "geometry": { "type": "LineString", "coordinates": [ [ 24.895165, 36.063621 ], [ 24.895165, 36.063821 ] ] } },
{ "type": "Feature", "properties": { "TLID": 184646086, "FEDIRP": "N", "FENAME": "Karanteg", "FETYPE": "St", "FEDIRS": null, "FRADDL": 1200.0, "TOADDL": 1298.0, "FRADDR": 1217.0, "TOADDR": 1299.0 }, "geometry": { "type": "LineString", "coordinates": [ [ 24.896065, 36.063321 ], [ 24.895165, 36.063621 ] ] } },
{ "type": "Feature", "properties": { "TLID": 184646087, "FEDIRP": "N", "FENAME": "Agentes", "FETYPE": "St", "FEDIRS": null, "FRADDL": 800.0, "TOADDL": 898.0, "FRADDR": 801.0, "TOADDR": 899.0 }, "geometry": { "type": "LineString", "coordinates": [ [ 24.895365, 36.062421 ], [ 24.894665, 36.061721 ] ] } },
{ "type": "Feature", "properties": { "TLID": 184646088, "FEDIRP": "N", "FENAME": "Zefirou", "FETYPE": "Ave", "FEDIRS": null, "FRADDL": 1100.0, "TOADDL": 1198.0, "FRADDR": 1101.0, "TOADDR": 1199.0 }, "geometry": { "type": "LineString", "coordinates": [ [ 24.896865, 36.061921 ], [ 24.895365, 36.062421 ] ] } },
{ "type": "Feature", "properties": { "TLID": 184646089, "FEDIRP": "N", "FENAME": "Agentes", "FETYPE": "St", "FEDIRS": null, "FRADDL": 700.0, "TOADDL": 798.0, "FRADDR": 701.0, "TOADDR": 799.0 }, "geometry": { "type": "LineString", "coordinates": [ [ 24.896065, 36.063321 ], [ 24.895365, 36.062421 ] ] } },
{ "type": "Feature", "properties": { "TLID": 184646090, "FEDIRP": "N", "FENAME": "Karanteg", "FETYPE": "St", "FEDIRS": null, "FRADDL": 1150.0, "TOADDL": 1198.0, "FRADDR": 1151.0, "TOADDR": 1215.0 }, "geometry": { "type": "LineString", "coordinates": [ [ 24.896765, 36.063121 ], [ 24.896065, 36.063321 ] ] } },
{ "type": "Feature", "properties": { "TLID": 184646091, "FEDIRP": "N", "FENAME": "Sirrakou", "FETYPE": "St", "FEDIRS": null, "FRADDL": 601.0, "TOADDL": 2499.0, "FRADDR": 600.0, "TOADDR": 2498.0 }, "geometry": { "type": "LineString", "coordinates": [ [ 24.896765, 36.063121 ], [ 24.896765, 36.064221 ] ] } },
{ "type": "Feature", "properties": { "TLID": 184646092, "FEDIRP": "N", "FENAME": "Tackan", "FETYPE": "Ave", "FEDIRS": null, "FRADDL": 1100.0, "TOADDL": 1198.0, "FRADDR": 1101.0, "TOADDR": 1199.0 }, "geometry": { "type": "LineString", "coordinates": [ [ 24.898165, 36.063821 ], [ 24.896765, 36.064221 ] ] } },
{ "type": "Feature", "properties": { "TLID": 184646093, "FEDIRP": "N", "FENAME": "Irinis", "FETYPE": "St", "FEDIRS": null, "FRADDL": 1100.0, "TOADDL": 1198.0, "FRADDR": 1101.0, "TOADDR": 1199.0 }, "geometry": { "type": "LineString", "coordinates": [ [ 24.898765, 36.064721 ], [ 24.897665, 36.065121 ] ] } },
{ "type": "Feature", "properties": { "TLID": 184646094, "FEDIRP": "N", "FENAME": "Karanteg", "FETYPE": "St", "FEDIRS": null, "FRADDL": 1100.0, "TOADDL": 1148.0, "FRADDR": 1101.0, "TOADDR": 1149.0 }, "geometry": { "type": "LineString", "coordinates": [ [ 24.897465, 36.062821 ], [ 24.896765, 36.063121 ] ] } },
{ "type": "Feature", "properties": { "TLID": 184646095, "FEDIRP": "N", "FENAME": "Achilleos", "FETYPE": "St", "FEDIRS": null, "FRADDL": 700.0, "TOADDL": 798.0, "FRADDR": 701.0, "TOADDR": 799.0 }, "geometry": { "type": "LineString", "coordinates": [ [ 24.897465, 36.062821 ], [ 24.896865, 36.061921 ] ] } },
{ "type": "Feature", "properties": { "TLID": 184646096, "FEDIRP": "N", "FENAME": "Karanteg", "FETYPE": "St", "FEDIRS": null, "FRADDL": 1000.0, "TOADDL": 1098.0, "FRADDR": 1001.0, "TOADDR": 1099.0 }, "geometry": { "type": "LineString", "coordinates": [ [ 24.898765, 36.062421 ], [ 24.897465, 36.062821 ] ] } },
{ "type": "Feature", "properties": { "TLID": 184646097, "FEDIRP": "N", "FENAME": "Achilleos", "FETYPE": "St", "FEDIRS": null, "FRADDL": 900.0, "TOADDL": 998.0, "FRADDR": 901.0, "TOADDR": 999.0 }, "geometry": { "type": "LineString", "coordinates": [ [ 24.896165, 36.061221 ], [ 24.895365, 36.060321 ] ] } },
{ "type": "Feature", "properties": { "TLID": 184646098, "FEDIRP": "N", "FENAME": "Livaniou", "FETYPE": "St", "FEDIRS": null, "FRADDL": 1000.0, "TOADDL": 1098.0, "FRADDR": 1001.0, "TOADDR": 1099.0 }, "geometry": { "type": "LineString", "coordinates": [ [ 24.897465, 36.060821 ], [ 24.896165, 36.061221 ] ] } },
{ "type": "Feature", "properties": { "TLID": 184646099, "FEDIRP": "N", "FENAME": "Achilleos", "FETYPE": "St", "FEDIRS": null, "FRADDL": 1000.0, "TOADDL": 1098.0, "FRADDR": 1001.0, "TOADDR": 1099.0 }, "geometry": { "type": "LineString", "coordinates": [ [ 24.895365, 36.060321 ], [ 24.894765, 36.059421 ] ] } },
{ "type": "Feature", "properties": { "TLID": 184646100, "FEDIRP": "N", "FENAME": "Livit", "FETYPE": "St", "FEDIRS": null, "FRADDL": 1000.0, "TOADDL": 1098.0, "FRADDR": 1001.0, "TOADDR": 1099.0 }, "geometry": { "type": "LineString", "coordinates": [ [ 24.896765, 36.059821 ], [ 24.895365, 36.060321 ] ] } },
{ "type": "Feature", "properties": { "TLID": 184646101, "FEDIRP": "N", "FENAME": "Acera", "FETYPE": "St", "FEDIRS": null, "FRADDL": 1100.0, "TOADDL": 1198.0, "FRADDR": 1101.0, "TOADDR": 1199.0 }, "geometry": { "type": "LineString", "coordinates": [ [ 24.896165, 36.058921 ], [ 24.895465, 36.058021 ] ] } },
{ "type": "Feature", "properties": { "TLID": 184646102, "FEDIRP": "N", "FENAME": "Madeg", "FETYPE": "St", "FEDIRS": null, "FRADDL": 900.0, "TOADDL": 998.0, "FRADDR": 901.0, "TOADDR": 999.0 }, "geometry": { "type": "LineString", "coordinates": [ [ 24.897465, 36.058521 ], [ 24.896165, 36.058921 ] ] } },
{ "type": "Feature", "properties": { "TLID": 184646103, "FEDIRP": "N", "FENAME": "Achilleos", "FETYPE": "St", "FEDIRS": null, "FRADDL": 800.0, "TOADDL": 898.0, "FRADDR": 801.0, "TOADDR": 899.0 }, "geometry": { "type": "LineString", "coordinates": [ [ 24.896865, 36.061921 ], [ 24.896165, 36.061221 ] ] } },
{ "type": "Feature", "properties": { "TLID": 184646104, "FEDIRP": "N", "FENAME": "Zefirou", "FETYPE": "Ave", "FEDIRS": null, "FRADDL": 1000.0, "TOADDL": 1098.0, "FRADDR": 1001.0, "TOADDR": 1099.0 }, "geometry": { "type": "LineString", "coordinates": [ [ 24.898165, 36.061621 ], [ 24.896865, 36.061921 ] ] } },
{ "type": "Feature", "properties": { "TLID": 184646105, "FEDIRP": "N", "FENAME": "Acera", "FETYPE": "St", "FEDIRS": null, "FRADDL": 900.0, "TOADDL": 998.0, "FRADDR": 901.0, "TOADDR": 999.0 }, "geometry": { "type": "LineString", "coordinates": [ [ 24.897465, 36.060821 ], [ 24.896765, 36.059821 ] ] } },
{ "type": "Feature", "properties": { "TLID": 184646106, "FEDIRP": "N", "FENAME": "Livaniou", "FETYPE": "St", "FEDIRS": null, "FRADDL": 900.0, "TOADDL": 998.0, "FRADDR": 901.0, "TOADDR": 999.0 }, "geometry": { "type": "LineString", "coordinates": [ [ 24.898865, 36.060321 ], [ 24.897465, 36.060821 ] ] } },
{ "type": "Feature", "properties": { "TLID": 184646107, "FEDIRP": "N", "FENAME": "Acera", "FETYPE": "St", "FEDIRS": null, "FRADDL": 1000.0, "TOADDL": 1098.0, "FRADDR": 1001.0, "TOADDR": 1099.0 }, "geometry": { "type": "LineString", "coordinates": [ [ 24.896765, 36.059821 ], [ 24.896165, 36.058921 ] ] } },
{ "type": "Feature", "properties": { "TLID": 184646108, "FEDIRP": "N", "FENAME": "Livit", "FETYPE": "St", "FEDIRS": null, "FRADDL": 900.0, "TOADDL": 998.0, "FRADDR": 901.0, "TOADDR": 999.0 }, "geometry": { "type": "LineString", "coordinates": [ [ 24.898165, 36.059321 ], [ 24.896765, 36.059821 ] ] } },
{ "type": "Feature", "properties": { "TLID": 184646109, "FEDIRP": "N", "FENAME": "Achilleos", "FETYPE": "St", "FEDIRS": null, "FRADDL": 500.0, "TOADDL": 598.0, "FRADDR": 501.0, "TOADDR": 599.0 }, "geometry": { "type": "LineString", "coordinates": [ [ 24.898765, 36.064721 ], [ 24.898165, 36.063821 ] ] } },
{ "type": "Feature", "properties": { "TLID": 184646111, "FEDIRP": "N", "FENAME": "Achilleos", "FETYPE": "St", "FEDIRS": null, "FRADDL": 600.0, "TOADDL": 698.0, "FRADDR": 601.0, "TOADDR": 699.0 }, "geometry": { "type": "LineString", "coordinates": [ [ 24.898165, 36.063821 ], [ 24.897465, 36.062821 ] ] } },
{ "type": "Feature", "properties": { "TLID": 184646112, "FEDIRP": "N", "FENAME": "Tackan", "FETYPE": "Ave", "FEDIRS": null, "FRADDL": 1000.0, "TOADDL": 1098.0, "FRADDR": 1023.0, "TOADDR": 1099.0 }, "geometry": { "type": "LineString", "coordinates": [ [ 24.899465, 36.063321 ], [ 24.898165, 36.063821 ] ] } },
{ "type": "Feature", "properties": { "TLID": 184646113, "FEDIRP": "N", "FENAME": "Acera", "FETYPE": "St", "FEDIRS": null, "FRADDL": 700.0, "TOADDL": 798.0, "FRADDR": 701.0, "TOADDR": 799.0 }, "geometry": { "type": "LineString", "coordinates": [ [ 24.898765, 36.062421 ], [ 24.898165, 36.061621 ] ] } },
{ "type": "Feature", "properties": { "TLID": 184646114, "FEDIRP": "N", "FENAME": "Karanteg", "FETYPE": "St", "FEDIRS": null, "FRADDL": 900.0, "TOADDL": 998.0, "FRADDR": 901.0, "TOADDR": 999.0 }, "geometry": { "type": "LineString", "coordinates": [ [ 24.900265, 36.061921 ], [ 24.898765, 36.062421 ] ] } },
{ "type": "Feature", "properties": { "TLID": 184646115, "FEDIRP": "N", "FENAME": "Acera", "FETYPE": "St", "FEDIRS": null, "FRADDL": 600.0, "TOADDL": 698.0, "FRADDR": 601.0, "TOADDR": 699.0 }, "geometry": { "type": "LineString", "coordinates": [ [ 24.899465, 36.063321 ], [ 24.898765, 36.062421 ] ] } },
{ "type": "Feature", "properties": { "TLID": 184646116, "FEDIRP": "N", "FENAME": "Tackan", "FETYPE": "Ave", "FEDIRS": null, "FRADDL": 916.0, "TOADDL": 998.0, "FRADDR": 951.0, "TOADDR": 1021.0 }, "geometry": { "type": "LineString", "coordinates": [ [ 24.900065, 36.063121 ], [ 24.899465, 36.063321 ] ] } },
{ "type": "Feature", "properties": { "TLID": 184646117, "FEDIRP": "N", "FENAME": "Acera", "FETYPE": "St", "FEDIRS": null, "FRADDL": 318.0, "TOADDL": 498.0, "FRADDR": 301.0, "TOADDR": 499.0 }, "geometry": { "type": "LineString", "coordinates": [ [ 24.900065, 36.064721 ], [ 24.900065, 36.064321 ] ] } },
{ "type": "Feature", "properties": { "TLID": 184646118, "FEDIRP": "N", "FENAME": "Acera", "FETYPE": "St", "FEDIRS": null, "FRADDL": 500.0, "TOADDL": 598.0, "FRADDR": 501.0, "TOADDR": 599.0 }, "geometry": { "type": "LineString", "coordinates": [ [ 24.900065, 36.064321 ], [ 24.900065, 36.063121 ] ] } },
{ "type": "Feature", "properties": { "TLID": 184646119, "FEDIRP": "N", "FENAME": "Tackan", "FETYPE": "Ave", "FEDIRS": null, "FRADDL": 900.0, "TOADDL": 914.0, "FRADDR": 901.0, "TOADDR": 949.0 }, "geometry": { "type": "LineString", "coordinates": [ [ 24.900965, 36.062821 ], [ 24.900065, 36.063121 ] ] } },
{ "type": "Feature", "properties": { "TLID": 184646120, "FEDIRP": "N", "FENAME": "Ermou", "FETYPE": "St", "FEDIRS": null, "FRADDL": 600.0, "TOADDL": 698.0, "FRADDR": 601.0, "TOADDR": 699.0 }, "geometry": { "type": "LineString", "coordinates": [ [ 24.900965, 36.062821 ], [ 24.900265, 36.061921 ] ] } },
{ "type": "Feature", "properties": { "TLID": 184646121, "FEDIRP": "N", "FENAME": "Tackan", "FETYPE": "Ave", "FEDIRS": null, "FRADDL": 814.0, "TOADDL": 898.0, "FRADDR": 851.0, "TOADDR": 899.0 }, "geometry": { "type": "LineString", "coordinates": [ [ 24.901782, 36.062595 ], [ 24.900965, 36.062821 ] ] } },
{ "type": "Feature", "properties": { "TLID": 184646122, "FEDIRP": "N", "FENAME": "Acera", "FETYPE": "St", "FEDIRS": null, "FRADDL": 800.0, "TOADDL": 898.0, "FRADDR": 801.0, "TOADDR": 899.0 }, "geometry": { "type": "LineString", "coordinates": [ [ 24.898165, 36.061621 ], [ 24.897465, 36.060821 ] ] } },
{ "type": "Feature", "properties": { "TLID": 184646123, "FEDIRP": "N", "FENAME": "Zefirou", "FETYPE": "Ave", "FEDIRS": null, "FRADDL": 900.0, "TOADDL": 998.0, "FRADDR": 901.0, "TOADDR": 999.0 }, "geometry": { "type": "LineString", "coordinates": [ [ 24.899465, 36.061221 ], [ 24.898165, 36.061621 ] ] } },
{ "type": "Feature", "properties": { "TLID": 184646124, "FEDIRP": "N", "FENAME": "Ermou", "FETYPE": "St", "FEDIRS": null, "FRADDL": 800.0, "TOADDL": 898.0, "FRADDR": 801.0, "TOADDR": 899.0 }, "geometry": { "type": "LineString", "coordinates": [ [ 24.899465, 36.061221 ], [ 24.898865, 36.060321 ] ] } },
{ "type": "Feature", "properties": { "TLID": 184646125, "FEDIRP": "N", "FENAME": "Zefirou", "FETYPE": "Ave", "FEDIRS": null, "FRADDL": 800.0, "TOADDL": 898.0, "FRADDR": 801.0, "TOADDR": 899.0 }, "geometry": { "type": "LineString", "coordinates": [ [ 24.900865, 36.060721 ], [ 24.899465, 36.061221 ] ] } },
{ "type": "Feature", "properties": { "TLID": 184646126, "FEDIRP": "N", "FENAME": "Livit", "FETYPE": "St", "FEDIRS": null, "FRADDL": 800.0, "TOADDL": 898.0, "FRADDR": 801.0, "TOADDR": 899.0 }, "geometry": { "type": "LineString", "coordinates": [ [ 24.899565, 36.058921 ], [ 24.898165, 36.059321 ] ] } },
{ "type": "Feature", "properties": { "TLID": 184646127, "FEDIRP": "N", "FENAME": "Ermou", "FETYPE": "St", "FEDIRS": null, "FRADDL": 1000.0, "TOADDL": 1098.0, "FRADDR": 1001.0, "TOADDR": 1099.0 }, "geometry": { "type": "LineString", "coordinates": [ [ 24.898165, 36.059321 ], [ 24.897465, 36.058521 ] ] } },
{ "type": "Feature", "properties": { "TLID": 184646128, "FEDIRP": "N", "FENAME": "Ermou", "FETYPE": "St", "FEDIRS": null, "FRADDL": 900.0, "TOADDL": 998.0, "FRADDR": 901.0, "TOADDR": 999.0 }, "geometry": { "type": "LineString", "coordinates": [ [ 24.898865, 36.060321 ], [ 24.898165, 36.059321 ] ] } },
{ "type": "Feature", "properties": { "TLID": 184646129, "FEDIRP": "N", "FENAME": "Livaniou", "FETYPE": "St", "FEDIRS": null, "FRADDL": 800.0, "TOADDL": 898.0, "FRADDR": 801.0, "TOADDR": 899.0 }, "geometry": { "type": "LineString", "coordinates": [ [ 24.900165, 36.059921 ], [ 24.898865, 36.060321 ] ] } },
{ "type": "Feature", "properties": { "TLID": 184646130, "FEDIRP": "N", "FENAME": "Els", "FETYPE": "St", "FEDIRS": null, "FRADDL": 1000.0, "TOADDL": 1098.0, "FRADDR": 1001.0, "TOADDR": 1099.0 }, "geometry": { "type": "LineString", "coordinates": [ [ 24.899565, 36.058921 ], [ 24.898865, 36.058021 ] ] } },
{ "type": "Feature", "properties": { "TLID": 184646131, "FEDIRP": "N", "FENAME": "Livit", "FETYPE": "St", "FEDIRS": null, "FRADDL": 704.0, "TOADDL": 798.0, "FRADDR": 701.0, "TOADDR": 799.0 }, "geometry": { "type": "LineString", "coordinates": [ [ 24.900965, 36.058421 ], [ 24.899565, 36.058921 ] ] } },
{ "type": "Feature", "properties": { "TLID": 184646132, "FEDIRP": "N", "FENAME": "Ermou", "FETYPE": "St", "FEDIRS": null, "FRADDL": 700.0, "TOADDL": 798.0, "FRADDR": 701.0, "TOADDR": 799.0 }, "geometry": { "type": "LineString", "coordinates": [ [ 24.900265, 36.061921 ], [ 24.899465, 36.061221 ] ] } },
{ "type": "Feature", "properties": { "TLID": 184646133, "FEDIRP": "N", "FENAME": "Karanteg", "FETYPE": "St", "FEDIRS": null, "FRADDL": 800.0, "TOADDL": 898.0, "FRADDR": 801.0, "TOADDR": 899.0 }, "geometry": { "type": "LineString", "coordinates": [ [ 24.901545, 36.061594 ], [ 24.900265, 36.061921 ] ] } },
{ "type": "Feature", "properties": { "TLID": 184646134, "FEDIRP": "N", "FENAME": "Els", "FETYPE": "St", "FEDIRS": null, "FRADDL": 800.0, "TOADDL": 898.0, "FRADDR": 801.0, "TOADDR": 899.0 }, "geometry": { "type": "LineString", "coordinates": [ [ 24.900865, 36.060721 ], [ 24.900165, 36.059921 ] ] } },
{ "type": "Feature", "properties": { "TLID": 184646135, "FEDIRP": "N", "FENAME": "Zefirou", "FETYPE": "Ave", "FEDIRS": null, "FRADDL": 600.0, "TOADDL": 798.0, "FRADDR": 601.0, "TOADDR": 799.0 }, "geometry": { "type": "LineString", "coordinates": [ [ 24.903665, 36.059921 ], [ 24.900865, 36.060721 ] ] } },
{ "type": "Feature", "properties": { "TLID": 184646136, "FEDIRP": "N", "FENAME": "Els", "FETYPE": "St", "FEDIRS": null, "FRADDL": 900.0, "TOADDL": 998.0, "FRADDR": 901.0, "TOADDR": 999.0 }, "geometry": { "type": "LineString", "coordinates": [ [ 24.900165, 36.059921 ], [ 24.899565, 36.058921 ] ] } },
{ "type": "Feature", "properties": { "TLID": 184646137, "FEDIRP": "N", "FENAME": "Livaniou", "FETYPE": "St", "FEDIRS": null, "FRADDL": 600.0, "TOADDL": 798.0, "FRADDR": 601.0, "TOADDR": 799.0 }, "geometry": { "type": "LineString", "coordinates": [ [ 24.902965, 36.058921 ], [ 24.900165, 36.059921 ] ] } },
{ "type": "Feature", "properties": { "TLID": 184646138, "FEDIRP": "N", "FENAME": "Acera", "FETYPE": "St", "FEDIRS": null, "FRADDL": 1200.0, "TOADDL": 1298.0, "FRADDR": 1201.0, "TOADDR": 1299.0 }, "geometry": { "type": "LineString", "coordinates": [ [ 24.895465, 36.058021 ], [ 24.894865, 36.057121 ] ] } },
{ "type": "Feature", "properties": { "TLID": 184646139, "FEDIRP": "N", "FENAME": "Maskin", "FETYPE": "St", "FEDIRS": null, "FRADDL": 900.0, "TOADDL": 998.0, "FRADDR": 901.0, "TOADDR": 999.0 }, "geometry": { "type": "LineString", "coordinates": [ [ 24.896865, 36.057621 ], [ 24.895465, 36.058021 ] ] } },
{ "type": "Feature", "properties": { "TLID": 184646140, "FEDIRP": "N", "FENAME": "Acera", "FETYPE": "St", "FEDIRS": null, "FRADDL": 1300.0, "TOADDL": 1398.0, "FRADDR": 1301.0, "TOADDR": 1399.0 }, "geometry": { "type": "LineString", "coordinates": [ [ 24.894865, 36.057121 ], [ 24.894265, 36.056221 ] ] } },
{ "type": "Feature", "properties": { "TLID": 184646141, "FEDIRP": "N", "FENAME": "Menelaou", "FETYPE": "St", "FEDIRS": null, "FRADDL": 900.0, "TOADDL": 998.0, "FRADDR": 901.0, "TOADDR": 999.0 }, "geometry": { "type": "LineString", "coordinates": [ [ 24.896265, 36.056721 ], [ 24.894865, 36.057121 ] ] } },
{ "type": "Feature", "properties": { "TLID": 184646142, "FEDIRP": "N", "FENAME": "Ermou", "FETYPE": "St", "FEDIRS": null, "FRADDL": 1400.0, "TOADDL": 1498.0, "FRADDR": 1401.0, "TOADDR": 1499.0 }, "geometry": { "type": "LineString", "coordinates": [ [ 24.895565, 36.055821 ], [ 24.895065, 36.054921 ] ] } },
{ "type": "Feature", "properties": { "TLID": 184646143, "FEDIRP": "N", "FENAME": "Schaber", "FETYPE": "Ave", "FEDIRS": null, "FRADDL": 800.0, "TOADDL": 898.0, "FRADDR": 801.0, "TOADDR": 899.0 }, "geometry": { "type": "LineString", "coordinates": [ [ 24.896965, 36.055321 ], [ 24.895565, 36.055821 ] ] } },
{ "type": "Feature", "properties": { "TLID": 184646144, "FEDIRP": "N", "FENAME": "Ermou", "FETYPE": "St", "FEDIRS": null, "FRADDL": 1300.0, "TOADDL": 1398.0, "FRADDR": 1301.0, "TOADDR": 1399.0 }, "geometry": { "type": "LineString", "coordinates": [ [ 24.896265, 36.056721 ], [ 24.895565, 36.055821 ] ] } },
{ "type": "Feature", "properties": { "TLID": 184646145, "FEDIRP": "N", "FENAME": "Menelaou", "FETYPE": "St", "FEDIRS": null, "FRADDL": 800.0, "TOADDL": 898.0, "FRADDR": 801.0, "TOADDR": 899.0 }, "geometry": { "type": "LineString", "coordinates": [ [ 24.897665, 36.056221 ], [ 24.896265, 36.056721 ] ] } },
{ "type": "Feature", "properties": { "TLID": 184646146, "FEDIRP": "N", "FENAME": "Ermou", "FETYPE": "St", "FEDIRS": null, "FRADDL": 1200.0, "TOADDL": 1298.0, "FRADDR": 1201.0, "TOADDR": 1299.0 }, "geometry": { "type": "LineString", "coordinates": [ [ 24.896865, 36.057621 ], [ 24.896265, 36.056721 ] ] } },
{ "type": "Feature", "properties": { "TLID": 184646147, "FEDIRP": "N", "FENAME": "Maskin", "FETYPE": "St", "FEDIRS": null, "FRADDL": 800.0, "TOADDL": 898.0, "FRADDR": 801.0, "TOADDR": 899.0 }, "geometry": { "type": "LineString", "coordinates": [ [ 24.898265, 36.057121 ], [ 24.896865, 36.057621 ] ] } },
{ "type": "Feature", "properties": { "TLID": 184646148, "FEDIRP": "N", "FENAME": "Ermou", "FETYPE": "St", "FEDIRS": null, "FRADDL": 1100.0, "TOADDL": 1198.0, "FRADDR": 1101.0, "TOADDR": 1199.0 }, "geometry": { "type": "LineString", "coordinates": [ [ 24.897465, 36.058521 ], [ 24.896865, 36.057621 ] ] } },
{ "type": "Feature", "properties": { "TLID": 184646149, "FEDIRP": "N", "FENAME": "Madeg", "FETYPE": "St", "FEDIRS": null, "FRADDL": 800.0, "TOADDL": 898.0, "FRADDR": 801.0, "TOADDR": 899.0 }, "geometry": { "type": "LineString", "coordinates": [ [ 24.898865, 36.058021 ], [ 24.897465, 36.058521 ] ] } },
{ "type": "Feature", "properties": { "TLID": 184646150, "FEDIRP": "N", "FENAME": "Els", "FETYPE": "St", "FEDIRS": null, "FRADDL": 1300.0, "TOADDL": 1398.0, "FRADDR": 1301.0, "TOADDR": 1399.0 }, "geometry": { "type": "LineString", "coordinates": [ [ 24.897665, 36.056221 ], [ 24.896965, 36.055321 ] ] } },
{ "type": "Feature", "properties": { "TLID": 184646151, "FEDIRP": "N", "FENAME": "Menelaou", "FETYPE": "St", "FEDIRS": null, "FRADDL": 700.0, "TOADDL": 798.0, "FRADDR": 701.0, "TOADDR": 799.0 }, "geometry": { "type": "LineString", "coordinates": [ [ 24.899065, 36.055821 ], [ 24.897665, 36.056221 ] ] } },
{ "type": "Feature", "properties": { "TLID": 184646152, "FEDIRP": "N", "FENAME": "Ermou", "FETYPE": "St", "FEDIRS": null, "FRADDL": 1500.0, "TOADDL": 1598.0, "FRADDR": 1501.0, "TOADDR": 1599.0 }, "geometry": { "type": "LineString", "coordinates": [ [ 24.895065, 36.054921 ], [ 24.894365, 36.054021 ] ] } },
{ "type": "Feature", "properties": { "TLID": 184646153, "FEDIRP": "N", "FENAME": "Honoliau", "FETYPE": "Ave", "FEDIRS": null, "FRADDL": 800.0, "TOADDL": 898.0, "FRADDR": 801.0, "TOADDR": 901.0 }, "geometry": { "type": "LineString", "coordinates": [ [ 24.896465, 36.054521 ], [ 24.895065, 36.054921 ] ] } },
{ "type": "Feature", "properties": { "TLID": 184646154, "FEDIRP": "N", "FENAME": "Jac", "FETYPE": "St", "FEDIRS": null, "FRADDL": 700.0, "TOADDL": 798.0, "FRADDR": 601.0, "TOADDR": 799.0 }, "geometry": { "type": "LineString", "coordinates": [ [ 24.895365, 36.052021 ], [ 24.895065, 36.052721 ] ] } },
{ "type": "Feature", "properties": { "TLID": 184646155, "FEDIRP": "N", "FENAME": "Els", "FETYPE": "St", "FEDIRS": null, "FRADDL": 1600.0, "TOADDL": 1698.0, "FRADDR": 1601.0, "TOADDR": 1699.0 }, "geometry": { "type": "LineString", "coordinates": [ [ 24.895765, 36.053521 ], [ 24.895065, 36.052721 ] ] } },
{ "type": "Feature", "properties": { "TLID": 184646156, "FEDIRP": "N", "FENAME": "Evripidou", "FETYPE": "Ave", "FEDIRS": null, "FRADDL": 700.0, "TOADDL": 798.0, "FRADDR": 701.0, "TOADDR": 799.0 }, "geometry": { "type": "LineString", "coordinates": [ [ 24.897165, 36.053121 ], [ 24.895765, 36.053521 ] ] } },
{ "type": "Feature", "properties": { "TLID": 184646157, "FEDIRP": "N", "FENAME": "Els", "FETYPE": "St", "FEDIRS": null, "FRADDL": 1400.0, "TOADDL": 1498.0, "FRADDR": 1401.0, "TOADDR": 1499.0 }, "geometry": { "type": "LineString", "coordinates": [ [ 24.896965, 36.055321 ], [ 24.896465, 36.054521 ] ] } },
{ "type": "Feature", "properties": { "TLID": 184646158, "FEDIRP": "N", "FENAME": "Schaber", "FETYPE": "Ave", "FEDIRS": null, "FRADDL": 700.0, "TOADDL": 798.0, "FRADDR": 701.0, "TOADDR": 799.0 }, "geometry": { "type": "LineString", "coordinates": [ [ 24.898365, 36.054921 ], [ 24.896965, 36.055321 ] ] } },
{ "type": "Feature", "properties": { "TLID": 184646159, "FEDIRP": "N", "FENAME": "Els", "FETYPE": "St", "FEDIRS": null, "FRADDL": 1500.0, "TOADDL": 1598.0, "FRADDR": 1501.0, "TOADDR": 1599.0 }, "geometry": { "type": "LineString", "coordinates": [ [ 24.896465, 36.054521 ], [ 24.895765, 36.053521 ] ] } },
{ "type": "Feature", "properties": { "TLID": 184646160, "FEDIRP": "N", "FENAME": "Honoliau", "FETYPE": "Ave", "FEDIRS": null, "FRADDL": 700.0, "TOADDL": 798.0, "FRADDR": 701.0, "TOADDR": 799.0 }, "geometry": { "type": "LineString", "coordinates": [ [ 24.897865, 36.054021 ], [ 24.896465, 36.054521 ] ] } },
{ "type": "Feature", "properties": { "TLID": 184646161, "FEDIRP": "N", "FENAME": "Eleftherias", "FETYPE": "St", "FEDIRS": null, "FRADDL": 1500.0, "TOADDL": 1598.0, "FRADDR": 1501.0, "TOADDR": 1599.0 }, "geometry": { "type": "LineString", "coordinates": [ [ 24.897865, 36.054021 ], [ 24.897165, 36.053121 ] ] } },
{ "type": "Feature", "properties": { "TLID": 184646162, "FEDIRP": "N", "FENAME": "Honoliau", "FETYPE": "Ave", "FEDIRS": null, "FRADDL": 600.0, "TOADDL": 698.0, "FRADDR": 601.0, "TOADDR": 699.0 }, "geometry": { "type": "LineString", "coordinates": [ [ 24.899265, 36.053621 ], [ 24.897865, 36.054021 ] ] } },
{ "type": "Feature", "properties": { "TLID": 184646163, "FEDIRP": "N", "FENAME": "Siarad", "FETYPE": "Ave", "FEDIRS": null, "FRADDL": 644.0, "TOADDL": 898.0, "FRADDR": 851.0, "TOADDR": 899.0 }, "geometry": { "type": "LineString", "coordinates": [ [ 24.897165, 36.052421 ], [ 24.896965, 36.052821 ] ] } },
{ "type": "Feature", "properties": { "TLID": 184646164, "FEDIRP": "N", "FENAME": "Eleftherias", "FETYPE": "St", "FEDIRS": null, "FRADDL": 1600.0, "TOADDL": 1698.0, "FRADDR": 1601.0, "TOADDR": 1699.0 }, "geometry": { "type": "LineString", "coordinates": [ [ 24.897165, 36.053121 ], [ 24.896965, 36.052821 ] ] } },
{ "type": "Feature", "properties": { "TLID": 184646165, "FEDIRP": "N", "FENAME": "Evripidou", "FETYPE": "Ave", "FEDIRS": null, "FRADDL": 600.0, "TOADDL": 698.0, "FRADDR": 601.0, "TOADDR": 699.0 }, "geometry": { "type": "LineString", "coordinates": [ [ 24.898465, 36.052621 ], [ 24.897165, 36.053121 ] ] } },
{ "type": "Feature", "properties": { "TLID": 184646166, "FEDIRP": "N", "FENAME": "Kikladon", "FETYPE": "Ave", "FEDIRS": null, "FRADDL": 700.0, "TOADDL": 798.0, "FRADDR": 701.0, "TOADDR": 805.0 }, "geometry": { "type": "LineString", "coordinates": [ [ 24.897165, 36.052421 ], [ 24.896365, 36.052321 ], [ 24.895065, 36.052721 ] ] } },
{ "type": "Feature", "properties": { "TLID": 184646167, "FEDIRP": "N", "FENAME": "Siarad", "FETYPE": "Ave", "FEDIRS": null, "FRADDL": 630.0, "TOADDL": 642.0, "FRADDR": 631.0, "TOADDR": 849.0 }, "geometry": { "type": "LineString", "coordinates": [ [ 24.897165, 36.051921 ], [ 24.897165, 36.052421 ] ] } },
{ "type": "Feature", "properties": { "TLID": 184646168, "FEDIRP": "N", "FENAME": "Els", "FETYPE": "St", "FEDIRS": null, "FRADDL": 1100.0, "TOADDL": 1198.0, "FRADDR": 1101.0, "TOADDR": 1199.0 }, "geometry": { "type": "LineString", "coordinates": [ [ 24.898865, 36.058021 ], [ 24.898265, 36.057121 ] ] } },
{ "type": "Feature", "properties": { "TLID": 184646169, "FEDIRP": "N", "FENAME": "Madeg", "FETYPE": "St", "FEDIRS": null, "FRADDL": 700.0, "TOADDL": 798.0, "FRADDR": 701.0, "TOADDR": 799.0 }, "geometry": { "type": "LineString", "coordinates": [ [ 24.900265, 36.057521 ], [ 24.898865, 36.058021 ] ] } },
{ "type": "Feature", "properties": { "TLID": 184646170, "FEDIRP": "N", "FENAME": "Els", "FETYPE": "St", "FEDIRS": null, "FRADDL": 1200.0, "TOADDL": 1298.0, "FRADDR": 1201.0, "TOADDR": 1299.0 }, "geometry": { "type": "LineString", "coordinates": [ [ 24.898265, 36.057121 ], [ 24.897665, 36.056221 ] ] } },
{ "type": "Feature", "properties": { "TLID": 184646171, "FEDIRP": "N", "FENAME": "Maskin", "FETYPE": "St", "FEDIRS": null, "FRADDL": 700.0, "TOADDL": 798.0, "FRADDR": 701.0, "TOADDR": 799.0 }, "geometry": { "type": "LineString", "coordinates": [ [ 24.899665, 36.056721 ], [ 24.898265, 36.057121 ] ] } },
{ "type": "Feature", "properties": { "TLID": 184646172, "FEDIRP": "N", "FENAME": "Eleftherias", "FETYPE": "St", "FEDIRS": null, "FRADDL": 1300.0, "TOADDL": 1398.0, "FRADDR": 1301.0, "TOADDR": 1399.0 }, "geometry": { "type": "LineString", "coordinates": [ [ 24.899065, 36.055821 ], [ 24.898365, 36.054921 ] ] } },
{ "type": "Feature", "properties": { "TLID": 184646173, "FEDIRP": "N", "FENAME": "Menelaou", "FETYPE": "St", "FEDIRS": null, "FRADDL": 600.0, "TOADDL": 698.0, "FRADDR": 601.0, "TOADDR": 699.0 }, "geometry": { "type": "LineString", "coordinates": [ [ 24.900465, 36.055321 ], [ 24.899065, 36.055821 ] ] } },
{ "type": "Feature", "properties": { "TLID": 184646174, "FEDIRP": "N", "FENAME": "Eleftherias", "FETYPE": "St", "FEDIRS": null, "FRADDL": 1100.0, "TOADDL": 1198.0, "FRADDR": 1101.0, "TOADDR": 1199.0 }, "geometry": { "type": "LineString", "coordinates": [ [ 24.900265, 36.057521 ], [ 24.899665, 36.056721 ] ] } },
{ "type": "Feature", "properties": { "TLID": 184646175, "FEDIRP": "N", "FENAME": "Madeg", "FETYPE": "St", "FEDIRS": null, "FRADDL": 600.0, "TOADDL": 698.0, "FRADDR": 601.0, "TOADDR": 699.0 }, "geometry": { "type": "LineString", "coordinates": [ [ 24.901665, 36.057121 ], [ 24.900265, 36.057521 ] ] } },
{ "type": "Feature", "properties": { "TLID": 184646176, "FEDIRP": "N", "FENAME": "Eleftherias", "FETYPE": "St", "FEDIRS": null, "FRADDL": 1000.0, "TOADDL": 1098.0, "FRADDR": 1001.0, "TOADDR": 1099.0 }, "geometry": { "type": "LineString", "coordinates": [ [ 24.900965, 36.058421 ], [ 24.900265, 36.057521 ] ] } },
{ "type": "Feature", "properties": { "TLID": 184646177, "FEDIRP": "N", "FENAME": "Livit", "FETYPE": "St", "FEDIRS": null, "FRADDL": 600.0, "TOADDL": 702.0, "FRADDR": 601.0, "TOADDR": 699.0 }, "geometry": { "type": "LineString", "coordinates": [ [ 24.902265, 36.058021 ], [ 24.900965, 36.058421 ] ] } },
{ "type": "Feature", "properties": { "TLID": 184646178, "FEDIRP": "N", "FENAME": "Eleftherias", "FETYPE": "St", "FEDIRS": null, "FRADDL": 1200.0, "TOADDL": 1298.0, "FRADDR": 1201.0, "TOADDR": 1299.0 }, "geometry": { "type": "LineString", "coordinates": [ [ 24.899665, 36.056721 ], [ 24.899065, 36.055821 ] ] } },
{ "type": "Feature", "properties": { "TLID": 184646179, "FEDIRP": "N", "FENAME": "Maskin", "FETYPE": "St", "FEDIRS": null, "FRADDL": 600.0, "TOADDL": 698.0, "FRADDR": 601.0, "TOADDR": 699.0 }, "geometry": { "type": "LineString", "coordinates": [ [ 24.901065, 36.056221 ], [ 24.899665, 36.056721 ] ] } },
{ "type": "Feature", "properties": { "TLID": 184646180, "FEDIRP": "N", "FENAME": "Eira", "FETYPE": "St", "FEDIRS": null, "FRADDL": 1200.0, "TOADDL": 1298.0, "FRADDR": 1201.0, "TOADDR": 1299.0 }, "geometry": { "type": "LineString", "coordinates": [ [ 24.901065, 36.056221 ], [ 24.900465, 36.055321 ] ] } },
{ "type": "Feature", "properties": { "TLID": 184646181, "FEDIRP": "N", "FENAME": "Maskin", "FETYPE": "St", "FEDIRS": null, "FRADDL": 500.0, "TOADDL": 598.0, "FRADDR": 501.0, "TOADDR": 599.0 }, "geometry": { "type": "LineString", "coordinates": [ [ 24.902465, 36.055721 ], [ 24.901065, 36.056221 ] ] } },
{ "type": "Feature", "properties": { "TLID": 184646182, "FEDIRP": "N", "FENAME": "Eleftherias", "FETYPE": "St", "FEDIRS": null, "FRADDL": 1400.0, "TOADDL": 1498.0, "FRADDR": 1401.0, "TOADDR": 1499.0 }, "geometry": { "type": "LineString", "coordinates": [ [ 24.898365, 36.054921 ], [ 24.897865, 36.054021 ] ] } },
{ "type": "Feature", "properties": { "TLID": 184646183, "FEDIRP": "N", "FENAME": "Schaber", "FETYPE": "Ave", "FEDIRS": null, "FRADDL": 600.0, "TOADDL": 698.0, "FRADDR": 601.0, "TOADDR": 699.0 }, "geometry": { "type": "LineString", "coordinates": [ [ 24.899865, 36.054421 ], [ 24.898365, 36.054921 ] ] } },
{ "type": "Feature", "properties": { "TLID": 184646184, "FEDIRP": "N", "FENAME": "Eira", "FETYPE": "St", "FEDIRS": null, "FRADDL": 1600.0, "TOADDL": 1698.0, "FRADDR": 1601.0, "TOADDR": 1699.0 }, "geometry": { "type": "LineString", "coordinates": [ [ 24.898465, 36.052621 ], [ 24.897965, 36.051721 ] ] } },
{ "type": "Feature", "properties": { "TLID": 184646185, "FEDIRP": "N", "FENAME": "Evripidou", "FETYPE": "Ave", "FEDIRS": null, "FRADDL": 500.0, "TOADDL": 598.0, "FRADDR": 501.0, "TOADDR": 599.0 }, "geometry": { "type": "LineString", "coordinates": [ [ 24.900065, 36.052221 ], [ 24.898465, 36.052621 ] ] } },
{ "type": "Feature", "properties": { "TLID": 184646186, "FEDIRP": "N", "FENAME": "Eira", "FETYPE": "St", "FEDIRS": null, "FRADDL": 1500.0, "TOADDL": 1598.0, "FRADDR": 1501.0, "TOADDR": 1599.0 }, "geometry": { "type": "LineString", "coordinates": [ [ 24.899265, 36.053621 ], [ 24.898465, 36.052621 ] ] } },
{ "type": "Feature", "properties": { "TLID": 184646187, "FEDIRP": "N", "FENAME": "Honoliau", "FETYPE": "Ave", "FEDIRS": null, "FRADDL": 500.0, "TOADDL": 598.0, "FRADDR": 501.0, "TOADDR": 599.0 }, "geometry": { "type": "LineString", "coordinates": [ [ 24.900565, 36.053221 ], [ 24.899265, 36.053621 ] ] } },
{ "type": "Feature", "properties": { "TLID": 184646188, "FEDIRP": "N", "FENAME": "Eira", "FETYPE": "St", "FEDIRS": null, "FRADDL": 1400.0, "TOADDL": 1498.0, "FRADDR": 1401.0, "TOADDR": 1499.0 }, "geometry": { "type": "LineString", "coordinates": [ [ 24.899865, 36.054421 ], [ 24.899265, 36.053621 ] ] } },
{ "type": "Feature", "properties": { "TLID": 184646189, "FEDIRP": "N", "FENAME": "Schaber", "FETYPE": "Ave", "FEDIRS": null, "FRADDL": 500.0, "TOADDL": 598.0, "FRADDR": 501.0, "TOADDR": 599.0 }, "geometry": { "type": "LineString", "coordinates": [ [ 24.901165, 36.054021 ], [ 24.899865, 36.054421 ] ] } },
{ "type": "Feature", "properties": { "TLID": 184646190, "FEDIRP": "N", "FENAME": "Eira", "FETYPE": "St", "FEDIRS": null, "FRADDL": 1300.0, "TOADDL": 1398.0, "FRADDR": 1301.0, "TOADDR": 1399.0 }, "geometry": { "type": "LineString", "coordinates": [ [ 24.900465, 36.055321 ], [ 24.899865, 36.054421 ] ] } },
{ "type": "Feature", "properties": { "TLID": 184646191, "FEDIRP": "N", "FENAME": "Menelaou", "FETYPE": "St", "FEDIRS": null, "FRADDL": 500.0, "TOADDL": 598.0, "FRADDR": 501.0, "TOADDR": 599.0 }, "geometry": { "type": "LineString", "coordinates": [ [ 24.901765, 36.054921 ], [ 24.900465, 36.055321 ] ] } },
{ "type": "Feature", "properties": { "TLID": 184646192, "FEDIRP": "N", "FENAME": "Edessis", "FETYPE": "St", "FEDIRS": null, "FRADDL": 1400.0, "TOADDL": 1498.0, "FRADDR": 1401.0, "TOADDR": 1501.0 }, "geometry": { "type": "LineString", "coordinates": [ [ 24.901165, 36.054021 ], [ 24.900565, 36.053221 ] ] } },
{ "type": "Feature", "properties": { "TLID": 184646193, "FEDIRP": "N", "FENAME": "Schaber", "FETYPE": "Ave", "FEDIRS": null, "FRADDL": 400.0, "TOADDL": 498.0, "FRADDR": 401.0, "TOADDR": 499.0 }, "geometry": { "type": "LineString", "coordinates": [ [ 24.902665, 36.053521 ], [ 24.901165, 36.054021 ] ] } },
{ "type": "Feature", "properties": { "TLID": 184646194, "FEDIRP": "N", "FENAME": "Honoliau", "FETYPE": "Ave", "FEDIRS": null, "FRADDL": 400.0, "TOADDL": 498.0, "FRADDR": 401.0, "TOADDR": 499.0 }, "geometry": { "type": "LineString", "coordinates": [ [ 24.901365, 36.052921 ], [ 24.900565, 36.053221 ] ] } },
{ "type": "Feature", "properties": { "TLID": 184646195, "FEDIRP": "N", "FENAME": "Edessis", "FETYPE": "St", "FEDIRS": null, "FRADDL": 1500.0, "TOADDL": 1598.0, "FRADDR": 1503.0, "TOADDR": 1599.0 }, "geometry": { "type": "LineString", "coordinates": [ [ 24.900565, 36.053221 ], [ 24.900065, 36.052221 ] ] } },
{ "type": "Feature", "properties": { "TLID": 184646200, "FEDIRP": "N", "FENAME": "Florinis", "FETYPE": "Rd", "FEDIRS": null, "FRADDL": 201.0, "TOADDL": 299.0, "FRADDR": 200.0, "TOADDR": 298.0 }, "geometry": { "type": "LineString", "coordinates": [ [ 24.903465, 36.066421 ], [ 24.903165, 36.065521 ] ] } },
{ "type": "Feature", "properties": { "TLID": 184646201, "FEDIRP": "N", "FENAME": "Sina", "FETYPE": "Way", "FEDIRS": null, "FRADDL": 899.0, "TOADDL": 801.0, "FRADDR": 898.0, "TOADDR": 800.0 }, "geometry": { "type": "LineString", "coordinates": [ [ 24.903465, 36.066421 ], [ 24.904797, 36.066271 ] ] } },
{ "type": "Feature", "properties": { "TLID": 184646202, "FEDIRP": "N", "FENAME": "Florinis", "FETYPE": "Rd", "FEDIRS": null, "FRADDL": 300.0, "TOADDL": 398.0, "FRADDR": 301.0, "TOADDR": 399.0 }, "geometry": { "type": "LineString", "coordinates": [ [ 24.903165, 36.065521 ], [ 24.903565, 36.064221 ] ] } },
{ "type": "Feature", "properties": { "TLID": 184646203, "FEDIRP": "N", "FENAME": "Goffi", "FETYPE": "St", "FEDIRS": null, "FRADDL": 700.0, "TOADDL": 898.0, "FRADDR": 701.0, "TOADDR": 899.0 }, "geometry": { "type": "LineString", "coordinates": [ [ 24.905465, 36.064721 ], [ 24.903165, 36.065521 ] ] } },
{ "type": "Feature", "properties": { "TLID": 184646205, "FEDIRP": "N", "FENAME": "Sannan", "FETYPE": "Pky", "FEDIRS": null, "FRADDL": 522.0, "TOADDL": 798.0, "FRADDR": 523.0, "TOADDR": 799.0 }, "geometry": { "type": "LineString", "coordinates": [ [ 24.909365, 36.065221 ], [ 24.905534, 36.067183 ] ] } },
{ "type": "Feature", "properties": { "TLID": 184646206, "FEDIRP": "N", "FENAME": "Sina", "FETYPE": "Way", "FEDIRS": null, "FRADDL": 799.0, "TOADDL": 701.0, "FRADDR": 798.0, "TOADDR": 700.0 }, "geometry": { "type": "LineString", "coordinates": [ [ 24.904797, 36.066271 ], [ 24.906165, 36.065621 ] ] } },
{ "type": "Feature", "properties": { "TLID": 184646207, "FEDIRP": null, "FENAME": null, "FETYPE": null, "FEDIRS": null, "FRADDL": null, "TOADDL": null, "FRADDR": null, "TOADDR": null }, "geometry": { "type": "LineString", "coordinates": [ [ 24.904797, 36.066271 ], [ 24.905301, 36.066729 ] ] } },
{ "type": "Feature", "properties": { "TLID": 184646209, "FEDIRP": "N", "FENAME": "Eleftherias", "FETYPE": "St", "FEDIRS": null, "FRADDL": 200.0, "TOADDL": 298.0, "FRADDR": 201.0, "TOADDR": 299.0 }, "geometry": { "type": "LineString", "coordinates": [ [ 24.906165, 36.065621 ], [ 24.905465, 36.064721 ] ] } },
{ "type": "Feature", "properties": { "TLID": 184646210, "FEDIRP": "N", "FENAME": "Sina", "FETYPE": "Way", "FEDIRS": null, "FRADDL": 600.0, "TOADDL": 698.0, "FRADDR": 625.0, "TOADDR": 699.0 }, "geometry": { "type": "LineString", "coordinates": [ [ 24.907565, 36.065121 ], [ 24.906165, 36.065621 ] ] } },
{ "type": "Feature", "properties": { "TLID": 184646221, "FEDIRP": "N", "FENAME": "Tackan", "FETYPE": "Ave", "FEDIRS": null, "FRADDL": 800.0, "TOADDL": 812.0, "FRADDR": 801.0, "TOADDR": 849.0 }, "geometry": { "type": "LineString", "coordinates": [ [ 24.902365, 36.062421 ], [ 24.901782, 36.062595 ] ] } },
{ "type": "Feature", "properties": { "TLID": 184646222, "FEDIRP": null, "FENAME": "Talande", "FETYPE": "Rd", "FEDIRS": null, "FRADDL": 832.0, "TOADDL": 898.0, "FRADDR": 863.0, "TOADDR": 899.0 }, "geometry": { "type": "LineString", "coordinates": [ [ 24.902065, 36.063021 ], [ 24.901782, 36.062595 ] ] } },
{ "type": "Feature", "properties": { "TLID": 184646223, "FEDIRP": null, "FENAME": "Talande", "FETYPE": "Rd", "FEDIRS": null, "FRADDL": 700.0, "TOADDL": 830.0, "FRADDR": 701.0, "TOADDR": 861.0 }, "geometry": { "type": "LineString", "coordinates": [ [ 24.903965, 36.062521 ], [ 24.902065, 36.063021 ] ] } },
{ "type": "Feature", "properties": { "TLID": 184646224, "FEDIRP": "N", "FENAME": "Els", "FETYPE": "St", "FEDIRS": null, "FRADDL": 600.0, "TOADDL": 698.0, "FRADDR": 601.0, "TOADDR": 699.0 }, "geometry": { "type": "LineString", "coordinates": [ [ 24.902365, 36.062421 ], [ 24.901545, 36.061594 ] ] } },
{ "type": "Feature", "properties": { "TLID": 184646225, "FEDIRP": "N", "FENAME": "Tackan", "FETYPE": "Ave", "FEDIRS": null, "FRADDL": 626.0, "TOADDL": 798.0, "FRADDR": 625.0, "TOADDR": 799.0 }, "geometry": { "type": "LineString", "coordinates": [ [ 24.904665, 36.061821 ], [ 24.902365, 36.062421 ] ] } },
{ "type": "Feature", "properties": { "TLID": 184646226, "FEDIRP": "N", "FENAME": "Florinis", "FETYPE": "Rd", "FEDIRS": null, "FRADDL": 401.0, "TOADDL": 499.0, "FRADDR": 400.0, "TOADDR": 498.0 }, "geometry": { "type": "LineString", "coordinates": [ [ 24.903565, 36.064221 ], [ 24.903965, 36.062521 ] ] } },
{ "type": "Feature", "properties": { "TLID": 184646227, "FEDIRP": "N", "FENAME": "Horace", "FETYPE": "St", "FEDIRS": null, "FRADDL": 700.0, "TOADDL": 798.0, "FRADDR": 701.0, "TOADDR": 799.0 }, "geometry": { "type": "LineString", "coordinates": [ [ 24.904965, 36.063821 ], [ 24.903565, 36.064221 ] ] } },
{ "type": "Feature", "properties": { "TLID": 184646228, "FEDIRP": "N", "FENAME": "Eleftherias", "FETYPE": "St", "FEDIRS": null, "FRADDL": 500.0, "TOADDL": 598.0, "FRADDR": 501.0, "TOADDR": 599.0 }, "geometry": { "type": "LineString", "coordinates": [ [ 24.904365, 36.062921 ], [ 24.903965, 36.062521 ] ] } },
{ "type": "Feature", "properties": { "TLID": 184646229, "FEDIRP": "N", "FENAME": "Irinis", "FETYPE": "St", "FEDIRS": null, "FRADDL": 600.0, "TOADDL": 698.0, "FRADDR": 601.0, "TOADDR": 699.0 }, "geometry": { "type": "LineString", "coordinates": [ [ 24.905665, 36.062521 ], [ 24.904365, 36.062921 ] ] } },
{ "type": "Feature", "properties": { "TLID": 184646230, "FEDIRP": "N", "FENAME": "Florinis", "FETYPE": "Rd", "FEDIRS": null, "FRADDL": 501.0, "TOADDL": 599.0, "FRADDR": 500.0, "TOADDR": 598.0 }, "geometry": { "type": "LineString", "coordinates": [ [ 24.903965, 36.062521 ], [ 24.904665, 36.061821 ] ] } },
{ "type": "Feature", "properties": { "TLID": 184646231, "FEDIRP": "N", "FENAME": "Els", "FETYPE": "St", "FEDIRS": null, "FRADDL": null, "TOADDL": null, "FRADDR": 701.0, "TOADDR": 799.0 }, "geometry": { "type": "LineString", "coordinates": [ [ 24.901545, 36.061594 ], [ 24.900865, 36.060721 ] ] } },
{ "type": "Feature", "properties": { "TLID": 184646232, "FEDIRP": "N", "FENAME": "Karanteg", "FETYPE": "St", "FEDIRS": null, "FRADDL": 600.0, "TOADDL": 798.0, "FRADDR": 601.0, "TOADDR": 799.0 }, "geometry": { "type": "LineString", "coordinates": [ [ 24.904265, 36.060721 ], [ 24.901545, 36.061594 ] ] } },
{ "type": "Feature", "properties": { "TLID": 184646233, "FEDIRP": "N", "FENAME": "Eira", "FETYPE": "St", "FEDIRS": null, "FRADDL": 700.0, "TOADDL": 798.0, "FRADDR": 701.0, "TOADDR": 799.0 }, "geometry": { "type": "LineString", "coordinates": [ [ 24.904265, 36.060721 ], [ 24.903665, 36.059921 ] ] } },
{ "type": "Feature", "properties": { "TLID": 184646234, "FEDIRP": "N", "FENAME": "Karanteg", "FETYPE": "St", "FEDIRS": null, "FRADDL": 500.0, "TOADDL": 598.0, "FRADDR": 501.0, "TOADDR": 599.0 }, "geometry": { "type": "LineString", "coordinates": [ [ 24.905565, 36.060321 ], [ 24.904265, 36.060721 ] ] } },
{ "type": "Feature", "properties": { "TLID": 184646235, "FEDIRP": "N", "FENAME": "Eira", "FETYPE": "St", "FEDIRS": null, "FRADDL": 900.0, "TOADDL": 998.0, "FRADDR": 901.0, "TOADDR": 999.0 }, "geometry": { "type": "LineString", "coordinates": [ [ 24.902965, 36.058921 ], [ 24.902265, 36.058021 ] ] } },
{ "type": "Feature", "properties": { "TLID": 184646236, "FEDIRP": "N", "FENAME": "Livaniou", "FETYPE": "St", "FEDIRS": null, "FRADDL": 500.0, "TOADDL": 598.0, "FRADDR": 501.0, "TOADDR": 599.0 }, "geometry": { "type": "LineString", "coordinates": [ [ 24.904365, 36.058421 ], [ 24.902965, 36.058921 ] ] } },
{ "type": "Feature", "properties": { "TLID": 184646237, "FEDIRP": "N", "FENAME": "Eira", "FETYPE": "St", "FEDIRS": null, "FRADDL": 800.0, "TOADDL": 898.0, "FRADDR": 801.0, "TOADDR": 899.0 }, "geometry": { "type": "LineString", "coordinates": [ [ 24.903665, 36.059921 ], [ 24.902965, 36.058921 ] ] } },
{ "type": "Feature", "properties": { "TLID": 184646238, "FEDIRP": "N", "FENAME": "Zefirou", "FETYPE": "Ave", "FEDIRS": null, "FRADDL": 500.0, "TOADDL": 598.0, "FRADDR": 501.0, "TOADDR": 599.0 }, "geometry": { "type": "LineString", "coordinates": [ [ 24.904965, 36.059421 ], [ 24.903665, 36.059921 ] ] } },
{ "type": "Feature", "properties": { "TLID": 184646239, "FEDIRP": "N", "FENAME": "Eleftherias", "FETYPE": "St", "FEDIRS": null, "FRADDL": 300.0, "TOADDL": 498.0, "FRADDR": 401.0, "TOADDR": 499.0 }, "geometry": { "type": "LineString", "coordinates": [ [ 24.904965, 36.063821 ], [ 24.904365, 36.062921 ] ] } },
{ "type": "Feature", "properties": { "TLID": 184646240, "FEDIRP": "N", "FENAME": "Horace", "FETYPE": "St", "FEDIRS": null, "FRADDL": 600.0, "TOADDL": 698.0, "FRADDR": 601.0, "TOADDR": 699.0 }, "geometry": { "type": "LineString", "coordinates": [ [ 24.906365, 36.063321 ], [ 24.904965, 36.063821 ] ] } },
{ "type": "Feature", "properties": { "TLID": 184646241, "FEDIRP": "N", "FENAME": "Eleftherias", "FETYPE": "St", "FEDIRS": null, "FRADDL": null, "TOADDL": null, "FRADDR": 301.0, "TOADDR": 399.0 }, "geometry": { "type": "LineString", "coordinates": [ [ 24.905465, 36.064721 ], [ 24.904965, 36.063821 ] ] } },
{ "type": "Feature", "properties": { "TLID": 184646242, "FEDIRP": "N", "FENAME": "Goffi", "FETYPE": "St", "FEDIRS": null, "FRADDL": 600.0, "TOADDL": 698.0, "FRADDR": 601.0, "TOADDR": 699.0 }, "geometry": { "type": "LineString", "coordinates": [ [ 24.907065, 36.064321 ], [ 24.905465, 36.064721 ] ] } },
{ "type": "Feature", "properties": { "TLID": 184646243, "FEDIRP": "N", "FENAME": "Irinis", "FETYPE": "St", "FEDIRS": null, "FRADDL": 500.0, "TOADDL": 598.0, "FRADDR": 501.0, "TOADDR": 599.0 }, "geometry": { "type": "LineString", "coordinates": [ [ 24.907165, 36.062021 ], [ 24.905665, 36.062521 ] ] } },
{ "type": "Feature", "properties": { "TLID": 184646244, "FEDIRP": "N", "FENAME": "Eira", "FETYPE": "St", "FEDIRS": null, "FRADDL": 500.0, "TOADDL": 598.0, "FRADDR": 501.0, "TOADDR": 599.0 }, "geometry": { "type": "LineString", "coordinates": [ [ 24.905665, 36.062521 ], [ 24.904965, 36.061721 ] ] } },
{ "type": "Feature", "properties": { "TLID": 184646245, "FEDIRP": "N", "FENAME": "Eira", "FETYPE": "St", "FEDIRS": null, "FRADDL": 200.0, "TOADDL": 298.0, "FRADDR": 201.0, "TOADDR": 299.0 }, "geometry": { "type": "LineString", "coordinates": [ [ 24.907565, 36.065121 ], [ 24.907065, 36.064321 ] ] } },
{ "type": "Feature", "properties": { "TLID": 184646246, "FEDIRP": "N", "FENAME": "Sina", "FETYPE": "Way", "FEDIRS": null, "FRADDL": 500.0, "TOADDL": 598.0, "FRADDR": 501.0, "TOADDR": 623.0 }, "geometry": { "type": "LineString", "coordinates": [ [ 24.908765, 36.064221 ], [ 24.907565, 36.065121 ] ] } },
{ "type": "Feature", "properties": { "TLID": 184646247, "FEDIRP": "N", "FENAME": "Eira", "FETYPE": "St", "FEDIRS": null, "FRADDL": 300.0, "TOADDL": 398.0, "FRADDR": 301.0, "TOADDR": 399.0 }, "geometry": { "type": "LineString", "coordinates": [ [ 24.907065, 36.064321 ], [ 24.906365, 36.063321 ] ] } },
{ "type": "Feature", "properties": { "TLID": 184646248, "FEDIRP": "N", "FENAME": "Goffi", "FETYPE": "St", "FEDIRS": null, "FRADDL": 500.0, "TOADDL": 598.0, "FRADDR": 501.0, "TOADDR": 599.0 }, "geometry": { "type": "LineString", "coordinates": [ [ 24.908465, 36.063821 ], [ 24.907065, 36.064321 ] ] } },
{ "type": "Feature", "properties": { "TLID": 184646249, "FEDIRP": "N", "FENAME": "Eira", "FETYPE": "St", "FEDIRS": null, "FRADDL": 412.0, "TOADDL": 498.0, "FRADDR": 401.0, "TOADDR": 499.0 }, "geometry": { "type": "LineString", "coordinates": [ [ 24.906365, 36.063321 ], [ 24.905665, 36.062521 ] ] } },
{ "type": "Feature", "properties": { "TLID": 184646250, "FEDIRP": "N", "FENAME": "Horace", "FETYPE": "St", "FEDIRS": null, "FRADDL": 500.0, "TOADDL": 598.0, "FRADDR": 501.0, "TOADDR": 599.0 }, "geometry": { "type": "LineString", "coordinates": [ [ 24.907765, 36.062921 ], [ 24.906365, 36.063321 ] ] } },
{ "type": "Feature", "properties": { "TLID": 184646251, "FEDIRP": "N", "FENAME": "Edessis", "FETYPE": "St", "FEDIRS": null, "FRADDL": 500.0, "TOADDL": 598.0, "FRADDR": 501.0, "TOADDR": 599.0 }, "geometry": { "type": "LineString", "coordinates": [ [ 24.907165, 36.062021 ], [ 24.906365, 36.061221 ] ] } },
{ "type": "Feature", "properties": { "TLID": 184646252, "FEDIRP": "N", "FENAME": "Irinis", "FETYPE": "St", "FEDIRS": null, "FRADDL": 400.0, "TOADDL": 498.0, "FRADDR": 401.0, "TOADDR": 499.0 }, "geometry": { "type": "LineString", "coordinates": [ [ 24.908265, 36.061721 ], [ 24.907165, 36.062021 ] ] } },
{ "type": "Feature", "properties": { "TLID": 184646253, "FEDIRP": "N", "FENAME": "Tackan", "FETYPE": "Ave", "FEDIRS": null, "FRADDL": 600.0, "TOADDL": 624.0, "FRADDR": 601.0, "TOADDR": 623.0 }, "geometry": { "type": "LineString", "coordinates": [ [ 24.904965, 36.061721 ], [ 24.904665, 36.061821 ] ] } },
{ "type": "Feature", "properties": { "TLID": 184646254, "FEDIRP": "N", "FENAME": "Eira", "FETYPE": "St", "FEDIRS": null, "FRADDL": 600.0, "TOADDL": 698.0, "FRADDR": 601.0, "TOADDR": 699.0 }, "geometry": { "type": "LineString", "coordinates": [ [ 24.904965, 36.061721 ], [ 24.904265, 36.060721 ] ] } },
{ "type": "Feature", "properties": { "TLID": 184646255, "FEDIRP": "N", "FENAME": "Tackan", "FETYPE": "Ave", "FEDIRS": null, "FRADDL": 500.0, "TOADDL": 598.0, "FRADDR": 501.0, "TOADDR": 599.0 }, "geometry": { "type": "LineString", "coordinates": [ [ 24.906365, 36.061221 ], [ 24.904965, 36.061721 ] ] } },
{ "type": "Feature", "properties": { "TLID": 184646256, "FEDIRP": "N", "FENAME": "Zefirou", "FETYPE": "Ave", "FEDIRS": null, "FRADDL": 400.0, "TOADDL": 498.0, "FRADDR": 401.0, "TOADDR": 499.0 }, "geometry": { "type": "LineString", "coordinates": [ [ 24.906365, 36.059021 ], [ 24.904965, 36.059421 ] ] } },
{ "type": "Feature", "properties": { "TLID": 184646257, "FEDIRP": "N", "FENAME": "Edessis", "FETYPE": "St", "FEDIRS": null, "FRADDL": 800.0, "TOADDL": 898.0, "FRADDR": 801.0, "TOADDR": 899.0 }, "geometry": { "type": "LineString", "coordinates": [ [ 24.904965, 36.059421 ], [ 24.904365, 36.058421 ] ] } },
{ "type": "Feature", "properties": { "TLID": 184646258, "FEDIRP": "N", "FENAME": "Edessis", "FETYPE": "St", "FEDIRS": null, "FRADDL": 700.0, "TOADDL": 798.0, "FRADDR": 701.0, "TOADDR": 799.0 }, "geometry": { "type": "LineString", "coordinates": [ [ 24.905565, 36.060321 ], [ 24.904965, 36.059421 ] ] } },
{ "type": "Feature", "properties": { "TLID": 184646259, "FEDIRP": "N", "FENAME": "Karanteg", "FETYPE": "St", "FEDIRS": null, "FRADDL": 400.0, "TOADDL": 498.0, "FRADDR": 401.0, "TOADDR": 499.0 }, "geometry": { "type": "LineString", "coordinates": [ [ 24.906965, 36.059821 ], [ 24.905565, 36.060321 ] ] } },
{ "type": "Feature", "properties": { "TLID": 184646260, "FEDIRP": "N", "FENAME": "Edessis", "FETYPE": "St", "FEDIRS": null, "FRADDL": 600.0, "TOADDL": 698.0, "FRADDR": 601.0, "TOADDR": 699.0 }, "geometry": { "type": "LineString", "coordinates": [ [ 24.906365, 36.061221 ], [ 24.905565, 36.060321 ] ] } },
{ "type": "Feature", "properties": { "TLID": 184646261, "FEDIRP": "N", "FENAME": "Tackan", "FETYPE": "Ave", "FEDIRS": null, "FRADDL": 400.0, "TOADDL": 498.0, "FRADDR": 401.0, "TOADDR": 499.0 }, "geometry": { "type": "LineString", "coordinates": [ [ 24.907665, 36.060821 ], [ 24.906365, 36.061221 ] ] } },
{ "type": "Feature", "properties": { "TLID": 184646262, "FEDIRP": "N", "FENAME": "Dimitriou", "FETYPE": "St", "FEDIRS": null, "FRADDL": 800.0, "TOADDL": 898.0, "FRADDR": 801.0, "TOADDR": 899.0 }, "geometry": { "type": "LineString", "coordinates": [ [ 24.906365, 36.059021 ], [ 24.905665, 36.058021 ] ] } },
{ "type": "Feature", "properties": { "TLID": 184646263, "FEDIRP": "N", "FENAME": "Zefirou", "FETYPE": "Ave", "FEDIRS": null, "FRADDL": 300.0, "TOADDL": 398.0, "FRADDR": 301.0, "TOADDR": 399.0 }, "geometry": { "type": "LineString", "coordinates": [ [ 24.907765, 36.058521 ], [ 24.906365, 36.059021 ] ] } },
{ "type": "Feature", "properties": { "TLID": 184646264, "FEDIRP": "N", "FENAME": "Dimitriou", "FETYPE": "St", "FEDIRS": null, "FRADDL": 700.0, "TOADDL": 798.0, "FRADDR": 701.0, "TOADDR": 799.0 }, "geometry": { "type": "LineString", "coordinates": [ [ 24.906965, 36.059821 ], [ 24.906365, 36.059021 ] ] } },
{ "type": "Feature", "properties": { "TLID": 184646265, "FEDIRP": "N", "FENAME": "Karanteg", "FETYPE": "St", "FEDIRS": null, "FRADDL": 300.0, "TOADDL": 398.0, "FRADDR": 301.0, "TOADDR": 399.0 }, "geometry": { "type": "LineString", "coordinates": [ [ 24.908365, 36.059421 ], [ 24.906965, 36.059821 ] ] } },
{ "type": "Feature", "properties": { "TLID": 184646266, "FEDIRP": "N", "FENAME": "Eira", "FETYPE": "St", "FEDIRS": null, "FRADDL": 1000.0, "TOADDL": 1098.0, "FRADDR": 1001.0, "TOADDR": 1099.0 }, "geometry": { "type": "LineString", "coordinates": [ [ 24.902265, 36.058021 ], [ 24.901665, 36.057121 ] ] } },
{ "type": "Feature", "properties": { "TLID": 184646267, "FEDIRP": "N", "FENAME": "Livit", "FETYPE": "St", "FEDIRS": null, "FRADDL": 500.0, "TOADDL": 598.0, "FRADDR": 501.0, "TOADDR": 599.0 }, "geometry": { "type": "LineString", "coordinates": [ [ 24.903665, 36.057621 ], [ 24.902265, 36.058021 ] ] } },
{ "type": "Feature", "properties": { "TLID": 184646268, "FEDIRP": "N", "FENAME": "Eira", "FETYPE": "St", "FEDIRS": null, "FRADDL": 1100.0, "TOADDL": 1198.0, "FRADDR": 1101.0, "TOADDR": 1199.0 }, "geometry": { "type": "LineString", "coordinates": [ [ 24.901665, 36.057121 ], [ 24.901065, 36.056221 ] ] } },
{ "type": "Feature", "properties": { "TLID": 184646269, "FEDIRP": "N", "FENAME": "Madeg", "FETYPE": "St", "FEDIRS": null, "FRADDL": 500.0, "TOADDL": 598.0, "FRADDR": 501.0, "TOADDR": 599.0 }, "geometry": { "type": "LineString", "coordinates": [ [ 24.902965, 36.056721 ], [ 24.901665, 36.057121 ] ] } },
{ "type": "Feature", "properties": { "TLID": 184646270, "FEDIRP": "N", "FENAME": "Edessis", "FETYPE": "St", "FEDIRS": null, "FRADDL": 1200.0, "TOADDL": 1298.0, "FRADDR": 1201.0, "TOADDR": 1299.0 }, "geometry": { "type": "LineString", "coordinates": [ [ 24.902465, 36.055721 ], [ 24.901765, 36.054921 ] ] } },
{ "type": "Feature", "properties": { "TLID": 184646271, "FEDIRP": "N", "FENAME": "Maskin", "FETYPE": "St", "FEDIRS": null, "FRADDL": 400.0, "TOADDL": 498.0, "FRADDR": 401.0, "TOADDR": 499.0 }, "geometry": { "type": "LineString", "coordinates": [ [ 24.903865, 36.055421 ], [ 24.902465, 36.055721 ] ] } },
{ "type": "Feature", "properties": { "TLID": 184646272, "FEDIRP": "N", "FENAME": "Edessis", "FETYPE": "St", "FEDIRS": null, "FRADDL": 900.0, "TOADDL": 998.0, "FRADDR": 901.0, "TOADDR": 999.0 }, "geometry": { "type": "LineString", "coordinates": [ [ 24.904365, 36.058421 ], [ 24.903665, 36.057621 ] ] } },
{ "type": "Feature", "properties": { "TLID": 184646273, "FEDIRP": "N", "FENAME": "Livaniou", "FETYPE": "St", "FEDIRS": null, "FRADDL": 400.0, "TOADDL": 498.0, "FRADDR": 401.0, "TOADDR": 499.0 }, "geometry": { "type": "LineString", "coordinates": [ [ 24.905665, 36.058021 ], [ 24.904365, 36.058421 ] ] } },
{ "type": "Feature", "properties": { "TLID": 184646274, "FEDIRP": "N", "FENAME": "Edessis", "FETYPE": "St", "FEDIRS": null, "FRADDL": 1000.0, "TOADDL": 1098.0, "FRADDR": 1001.0, "TOADDR": 1099.0 }, "geometry": { "type": "LineString", "coordinates": [ [ 24.903665, 36.057621 ], [ 24.902965, 36.056721 ] ] } },
{ "type": "Feature", "properties": { "TLID": 184646275, "FEDIRP": "N", "FENAME": "Livit", "FETYPE": "St", "FEDIRS": null, "FRADDL": 400.0, "TOADDL": 498.0, "FRADDR": 401.0, "TOADDR": 499.0 }, "geometry": { "type": "LineString", "coordinates": [ [ 24.905065, 36.057121 ], [ 24.903665, 36.057621 ] ] } },
{ "type": "Feature", "properties": { "TLID": 184646276, "FEDIRP": "N", "FENAME": "Edessis", "FETYPE": "St", "FEDIRS": null, "FRADDL": 1100.0, "TOADDL": 1198.0, "FRADDR": 1101.0, "TOADDR": 1199.0 }, "geometry": { "type": "LineString", "coordinates": [ [ 24.902965, 36.056721 ], [ 24.902465, 36.055721 ] ] } },
{ "type": "Feature", "properties": { "TLID": 184646277, "FEDIRP": "N", "FENAME": "Madeg", "FETYPE": "St", "FEDIRS": null, "FRADDL": 400.0, "TOADDL": 498.0, "FRADDR": 403.0, "TOADDR": 499.0 }, "geometry": { "type": "LineString", "coordinates": [ [ 24.904465, 36.056221 ], [ 24.902965, 36.056721 ] ] } },
{ "type": "Feature", "properties": { "TLID": 184646278, "FEDIRP": "N", "FENAME": "Edessis", "FETYPE": "St", "FEDIRS": null, "FRADDL": 1300.0, "TOADDL": 1398.0, "FRADDR": 1301.0, "TOADDR": 1399.0 }, "geometry": { "type": "LineString", "coordinates": [ [ 24.901765, 36.054921 ], [ 24.901165, 36.054021 ] ] } },
{ "type": "Feature", "properties": { "TLID": 184646279, "FEDIRP": "N", "FENAME": "Menelaou", "FETYPE": "St", "FEDIRS": null, "FRADDL": 400.0, "TOADDL": 498.0, "FRADDR": 401.0, "TOADDR": 499.0 }, "geometry": { "type": "LineString", "coordinates": [ [ 24.903165, 36.054421 ], [ 24.901765, 36.054921 ] ] } },
{ "type": "Feature", "properties": { "TLID": 184646280, "FEDIRP": "S", "FENAME": "Honoliau", "FETYPE": "Ave", "FEDIRS": null, "FRADDL": 401.0, "TOADDL": 499.0, "FRADDR": 400.0, "TOADDR": 508.0 }, "geometry": { "type": "LineString", "coordinates": [ [ 24.901365, 36.052921 ], [ 24.901365, 36.052421 ] ] } },
{ "type": "Feature", "properties": { "TLID": 184646281, "FEDIRP": null, "FENAME": "Ipsilantou", "FETYPE": "Ave", "FEDIRS": null, "FRADDL": 1500.0, "TOADDL": 1598.0, "FRADDR": 1503.0, "TOADDR": 1599.0 }, "geometry": { "type": "LineString", "coordinates": [ [ 24.901365, 36.052921 ], [ 24.900065, 36.052221 ] ] } },
{ "type": "Feature", "properties": { "TLID": 184646282, "FEDIRP": "S", "FENAME": "Edessis", "FETYPE": "St", "FEDIRS": null, "FRADDL": 1500.0, "TOADDL": 1598.0, "FRADDR": 1501.0, "TOADDR": 1599.0 }, "geometry": { "type": "LineString", "coordinates": [ [ 24.901365, 36.052421 ], [ 24.900065, 36.052221 ] ] } },
{ "type": "Feature", "properties": { "TLID": 184646283, "FEDIRP": "S", "FENAME": "Honoliau", "FETYPE": "Ave", "FEDIRS": null, "FRADDL": 501.0, "TOADDL": 599.0, "FRADDR": 510.0, "TOADDR": 598.0 }, "geometry": { "type": "LineString", "coordinates": [ [ 24.901365, 36.052421 ], [ 24.901565, 36.051421 ] ] } },
{ "type": "Feature", "properties": { "TLID": 184646284, "FEDIRP": null, "FENAME": "Ipsilantou", "FETYPE": "Ave", "FEDIRS": null, "FRADDL": 1400.0, "TOADDL": 1498.0, "FRADDR": 1401.0, "TOADDR": 1501.0 }, "geometry": { "type": "LineString", "coordinates": [ [ 24.902665, 36.053521 ], [ 24.901365, 36.052921 ] ] } },
{ "type": "Feature", "properties": { "TLID": 184646285, "FEDIRP": "S", "FENAME": "Schaber", "FETYPE": "Ave", "FEDIRS": null, "FRADDL": 401.0, "TOADDL": 499.0, "FRADDR": 400.0, "TOADDR": 498.0 }, "geometry": { "type": "LineString", "coordinates": [ [ 24.902665, 36.053521 ], [ 24.902765, 36.052521 ] ] } },
{ "type": "Feature", "properties": { "TLID": 184646286, "FEDIRP": "S", "FENAME": "Edessis", "FETYPE": "St", "FEDIRS": null, "FRADDL": 1400.0, "TOADDL": 1498.0, "FRADDR": 1401.0, "TOADDR": 1499.0 }, "geometry": { "type": "LineString", "coordinates": [ [ 24.902765, 36.052521 ], [ 24.901365, 36.052421 ] ] } },
{ "type": "Feature", "properties": { "TLID": 184646287, "FEDIRP": "S", "FENAME": "Schaber", "FETYPE": "Ave", "FEDIRS": null, "FRADDL": 501.0, "TOADDL": 599.0, "FRADDR": 500.0, "TOADDR": 598.0 }, "geometry": { "type": "LineString", "coordinates": [ [ 24.902765, 36.052521 ], [ 24.902965, 36.051521 ] ] } },
{ "type": "Feature", "properties": { "TLID": 184646288, "FEDIRP": "N", "FENAME": "Dimitriou", "FETYPE": "St", "FEDIRS": null, "FRADDL": 1300.0, "TOADDL": 1398.0, "FRADDR": 1301.0, "TOADDR": 1399.0 }, "geometry": { "type": "LineString", "coordinates": [ [ 24.903165, 36.054421 ], [ 24.902665, 36.053521 ] ] } },
{ "type": "Feature", "properties": { "TLID": 184646289, "FEDIRP": "N", "FENAME": "Menelaou", "FETYPE": "St", "FEDIRS": null, "FRADDL": 300.0, "TOADDL": 398.0, "FRADDR": 301.0, "TOADDR": 399.0 }, "geometry": { "type": "LineString", "coordinates": [ [ 24.903965, 36.054221 ], [ 24.903165, 36.054421 ] ] } },
{ "type": "Feature", "properties": { "TLID": 184646290, "FEDIRP": "N", "FENAME": "Dimitriou", "FETYPE": "St", "FEDIRS": null, "FRADDL": 1200.0, "TOADDL": 1298.0, "FRADDR": 1201.0, "TOADDR": 1299.0 }, "geometry": { "type": "LineString", "coordinates": [ [ 24.903865, 36.055421 ], [ 24.903165, 36.054421 ] ] } },
{ "type": "Feature", "properties": { "TLID": 184646291, "FEDIRP": "N", "FENAME": "Maskin", "FETYPE": "St", "FEDIRS": null, "FRADDL": 300.0, "TOADDL": 398.0, "FRADDR": 301.0, "TOADDR": 399.0 }, "geometry": { "type": "LineString", "coordinates": [ [ 24.905265, 36.054921 ], [ 24.903865, 36.055421 ] ] } },
{ "type": "Feature", "properties": { "TLID": 184646292, "FEDIRP": null, "FENAME": "Ipsilantou", "FETYPE": "Ave", "FEDIRS": null, "FRADDL": 1301.0, "TOADDL": 1399.0, "FRADDR": 1300.0, "TOADDR": 1398.0 }, "geometry": { "type": "LineString", "coordinates": [ [ 24.903965, 36.054221 ], [ 24.902665, 36.053521 ] ] } },
{ "type": "Feature", "properties": { "TLID": 184646293, "FEDIRP": "S", "FENAME": "Menelaou", "FETYPE": "St", "FEDIRS": null, "FRADDL": 301.0, "TOADDL": 399.0, "FRADDR": 300.0, "TOADDR": 408.0 }, "geometry": { "type": "LineString", "coordinates": [ [ 24.903965, 36.054221 ], [ 24.903965, 36.053721 ] ] } },
{ "type": "Feature", "properties": { "TLID": 184646294, "FEDIRP": "S", "FENAME": "Dimitriou", "FETYPE": "St", "FEDIRS": null, "FRADDL": 1300.0, "TOADDL": 1398.0, "FRADDR": 1301.0, "TOADDR": 1399.0 }, "geometry": { "type": "LineString", "coordinates": [ [ 24.903965, 36.053721 ], [ 24.902665, 36.053521 ] ] } },
{ "type": "Feature", "properties": { "TLID": 184646295, "FEDIRP": "S", "FENAME": "Menelaou", "FETYPE": "St", "FEDIRS": null, "FRADDL": 401.0, "TOADDL": 499.0, "FRADDR": 410.0, "TOADDR": 498.0 }, "geometry": { "type": "LineString", "coordinates": [ [ 24.903965, 36.053721 ], [ 24.904265, 36.052721 ] ] } },
{ "type": "Feature", "properties": { "TLID": 184646296, "FEDIRP": "S", "FENAME": "Edessis", "FETYPE": "St", "FEDIRS": null, "FRADDL": 1300.0, "TOADDL": 1398.0, "FRADDR": 1301.0, "TOADDR": 1399.0 }, "geometry": { "type": "LineString", "coordinates": [ [ 24.904265, 36.052721 ], [ 24.902765, 36.052521 ] ] } },
{ "type": "Feature", "properties": { "TLID": 184646297, "FEDIRP": "S", "FENAME": "Menelaou", "FETYPE": "St", "FEDIRS": null, "FRADDL": 501.0, "TOADDL": 599.0, "FRADDR": 500.0, "TOADDR": 598.0 }, "geometry": { "type": "LineString", "coordinates": [ [ 24.904265, 36.052721 ], [ 24.904465, 36.051621 ] ] } },
{ "type": "Feature", "properties": { "TLID": 184646298, "FEDIRP": "N", "FENAME": "Dimitriou", "FETYPE": "St", "FEDIRS": null, "FRADDL": 900.0, "TOADDL": 998.0, "FRADDR": 901.0, "TOADDR": 999.0 }, "geometry": { "type": "LineString", "coordinates": [ [ 24.905665, 36.058021 ], [ 24.905065, 36.057121 ] ] } },
{ "type": "Feature", "properties": { "TLID": 184646299, "FEDIRP": "N", "FENAME": "Livaniou", "FETYPE": "St", "FEDIRS": null, "FRADDL": 300.0, "TOADDL": 398.0, "FRADDR": 301.0, "TOADDR": 399.0 }, "geometry": { "type": "LineString", "coordinates": [ [ 24.907065, 36.057521 ], [ 24.905665, 36.058021 ] ] } },
{ "type": "Feature", "properties": { "TLID": 184646300, "FEDIRP": "N", "FENAME": "Dimitriou", "FETYPE": "St", "FEDIRS": null, "FRADDL": 1000.0, "TOADDL": 1098.0, "FRADDR": 1001.0, "TOADDR": 1099.0 }, "geometry": { "type": "LineString", "coordinates": [ [ 24.905065, 36.057121 ], [ 24.904465, 36.056221 ] ] } },
{ "type": "Feature", "properties": { "TLID": 184646301, "FEDIRP": "N", "FENAME": "Livit", "FETYPE": "St", "FEDIRS": null, "FRADDL": 300.0, "TOADDL": 398.0, "FRADDR": 301.0, "TOADDR": 399.0 }, "geometry": { "type": "LineString", "coordinates": [ [ 24.906465, 36.056621 ], [ 24.905065, 36.057121 ] ] } },
{ "type": "Feature", "properties": { "TLID": 184646302, "FEDIRP": "N", "FENAME": "Dimitriou", "FETYPE": "St", "FEDIRS": null, "FRADDL": 1100.0, "TOADDL": 1198.0, "FRADDR": 1101.0, "TOADDR": 1199.0 }, "geometry": { "type": "LineString", "coordinates": [ [ 24.904465, 36.056221 ], [ 24.903865, 36.055421 ] ] } },
{ "type": "Feature", "properties": { "TLID": 184646303, "FEDIRP": "N", "FENAME": "Madeg", "FETYPE": "St", "FEDIRS": null, "FRADDL": 300.0, "TOADDL": 398.0, "FRADDR": 301.0, "TOADDR": 401.0 }, "geometry": { "type": "LineString", "coordinates": [ [ 24.905765, 36.055821 ], [ 24.904465, 36.056221 ] ] } },
{ "type": "Feature", "properties": { "TLID": 184646304, "FEDIRP": "N", "FENAME": "Bulevar", "FETYPE": "St", "FEDIRS": null, "FRADDL": 1100.0, "TOADDL": 1198.0, "FRADDR": 1101.0, "TOADDR": 1199.0 }, "geometry": { "type": "LineString", "coordinates": [ [ 24.905765, 36.055821 ], [ 24.905265, 36.054921 ] ] } },
{ "type": "Feature", "properties": { "TLID": 184646305, "FEDIRP": "N", "FENAME": "Madeg", "FETYPE": "St", "FEDIRS": null, "FRADDL": 2.0, "TOADDL": 298.0, "FRADDR": 1.0, "TOADDR": 299.0 }, "geometry": { "type": "LineString", "coordinates": [ [ 24.906565, 36.055521 ], [ 24.905765, 36.055821 ] ] } },
{ "type": "Feature", "properties": { "TLID": 184646306, "FEDIRP": "N", "FENAME": "Bulevar", "FETYPE": "St", "FEDIRS": null, "FRADDL": 900.0, "TOADDL": 998.0, "FRADDR": 901.0, "TOADDR": 999.0 }, "geometry": { "type": "LineString", "coordinates": [ [ 24.907065, 36.057521 ], [ 24.906465, 36.056621 ] ] } },
{ "type": "Feature", "properties": { "TLID": 184646307, "FEDIRP": "N", "FENAME": "Livaniou", "FETYPE": "St", "FEDIRS": null, "FRADDL": 200.0, "TOADDL": 298.0, "FRADDR": 201.0, "TOADDR": 299.0 }, "geometry": { "type": "LineString", "coordinates": [ [ 24.908465, 36.057121 ], [ 24.907065, 36.057521 ] ] } },
{ "type": "Feature", "properties": { "TLID": 184646308, "FEDIRP": "N", "FENAME": "Bulevar", "FETYPE": "St", "FEDIRS": null, "FRADDL": 1000.0, "TOADDL": 1098.0, "FRADDR": 1001.0, "TOADDR": 1099.0 }, "geometry": { "type": "LineString", "coordinates": [ [ 24.906465, 36.056621 ], [ 24.905765, 36.055821 ] ] } },
{ "type": "Feature", "properties": { "TLID": 184646309, "FEDIRP": "N", "FENAME": "Livit", "FETYPE": "St", "FEDIRS": null, "FRADDL": 2.0, "TOADDL": 298.0, "FRADDR": 1.0, "TOADDR": 299.0 }, "geometry": { "type": "LineString", "coordinates": [ [ 24.907865, 36.056221 ], [ 24.906465, 36.056621 ] ] } },
{ "type": "Feature", "properties": { "TLID": 184646310, "FEDIRP": null, "FENAME": "Ipsilantou", "FETYPE": "Ave", "FEDIRS": null, "FRADDL": 1200.0, "TOADDL": 1298.0, "FRADDR": 1201.0, "TOADDR": 1299.0 }, "geometry": { "type": "LineString", "coordinates": [ [ 24.905265, 36.054921 ], [ 24.903965, 36.054221 ] ] } },
{ "type": "Feature", "properties": { "TLID": 184646311, "FEDIRP": "S", "FENAME": "Maskin", "FETYPE": "St", "FEDIRS": null, "FRADDL": 301.0, "TOADDL": 399.0, "FRADDR": 300.0, "TOADDR": 398.0 }, "geometry": { "type": "LineString", "coordinates": [ [ 24.905265, 36.054921 ], [ 24.905465, 36.053821 ] ] } },
{ "type": "Feature", "properties": { "TLID": 184646312, "FEDIRP": "S", "FENAME": "Dimitriou", "FETYPE": "St", "FEDIRS": null, "FRADDL": 1200.0, "TOADDL": 1298.0, "FRADDR": 1201.0, "TOADDR": 1299.0 }, "geometry": { "type": "LineString", "coordinates": [ [ 24.905465, 36.053821 ], [ 24.903965, 36.053721 ] ] } },
{ "type": "Feature", "properties": { "TLID": 184646313, "FEDIRP": "S", "FENAME": "Maskin", "FETYPE": "St", "FEDIRS": null, "FRADDL": 401.0, "TOADDL": 499.0, "FRADDR": 400.0, "TOADDR": 498.0 }, "geometry": { "type": "LineString", "coordinates": [ [ 24.905465, 36.053821 ], [ 24.905765, 36.052921 ] ] } },
{ "type": "Feature", "properties": { "TLID": 184646314, "FEDIRP": "S", "FENAME": "Edessis", "FETYPE": "St", "FEDIRS": null, "FRADDL": 1200.0, "TOADDL": 1298.0, "FRADDR": 1201.0, "TOADDR": 1299.0 }, "geometry": { "type": "LineString", "coordinates": [ [ 24.905765, 36.052921 ], [ 24.904265, 36.052721 ] ] } },
{ "type": "Feature", "properties": { "TLID": 184646315, "FEDIRP": "S", "FENAME": "Maskin", "FETYPE": "St", "FEDIRS": null, "FRADDL": 501.0, "TOADDL": 599.0, "FRADDR": 500.0, "TOADDR": 598.0 }, "geometry": { "type": "LineString", "coordinates": [ [ 24.905765, 36.052921 ], [ 24.905965, 36.051821 ] ] } },
{ "type": "Feature", "properties": { "TLID": 184646316, "FEDIRP": null, "FENAME": "Ipsilantou", "FETYPE": "Ave", "FEDIRS": null, "FRADDL": 1100.0, "TOADDL": 1198.0, "FRADDR": 1101.0, "TOADDR": 1199.0 }, "geometry": { "type": "LineString", "coordinates": [ [ 24.906565, 36.055521 ], [ 24.905265, 36.054921 ] ] } },
{ "type": "Feature", "properties": { "TLID": 184646317, "FEDIRP": null, "FENAME": "Narwhal", "FETYPE": "Way", "FEDIRS": null, "FRADDL": 201.0, "TOADDL": 299.0, "FRADDR": 200.0, "TOADDR": 298.0 }, "geometry": { "type": "LineString", "coordinates": [ [ 24.906565, 36.055521 ], [ 24.906665, 36.055021 ] ] } },
{ "type": "Feature", "properties": { "TLID": 184646320, "FEDIRP": "S", "FENAME": "Edessis", "FETYPE": "St", "FEDIRS": null, "FRADDL": 1100.0, "TOADDL": 1198.0, "FRADDR": 1101.0, "TOADDR": 1199.0 }, "geometry": { "type": "LineString", "coordinates": [ [ 24.907065, 36.053021 ], [ 24.905765, 36.052921 ] ] } },
{ "type": "Feature", "properties": { "TLID": 184646321, "FEDIRP": null, "FENAME": "Narwhal", "FETYPE": "Way", "FEDIRS": null, "FRADDL": 501.0, "TOADDL": 599.0, "FRADDR": 500.0, "TOADDR": 598.0 }, "geometry": { "type": "LineString", "coordinates": [ [ 24.907065, 36.053021 ], [ 24.907365, 36.052021 ] ] } },
{ "type": "Feature", "properties": { "TLID": 184646322, "FEDIRP": "N", "FENAME": "Edessis", "FETYPE": "St", "FEDIRS": null, "FRADDL": 200.0, "TOADDL": 298.0, "FRADDR": 201.0, "TOADDR": 299.0 }, "geometry": { "type": "LineString", "coordinates": [ [ 24.908765, 36.064221 ], [ 24.908465, 36.063821 ] ] } },
{ "type": "Feature", "properties": { "TLID": 184646323, "FEDIRP": "N", "FENAME": "Sina", "FETYPE": "Way", "FEDIRS": null, "FRADDL": 414.0, "TOADDL": 498.0, "FRADDR": 405.0, "TOADDR": 499.0 }, "geometry": { "type": "LineString", "coordinates": [ [ 24.909365, 36.063521 ], [ 24.908765, 36.064221 ] ] } },
{ "type": "Feature", "properties": { "TLID": 184646324, "FEDIRP": "N", "FENAME": "Edessis", "FETYPE": "St", "FEDIRS": null, "FRADDL": 300.0, "TOADDL": 398.0, "FRADDR": 301.0, "TOADDR": 399.0 }, "geometry": { "type": "LineString", "coordinates": [ [ 24.908465, 36.063821 ], [ 24.907765, 36.062921 ] ] } },
{ "type": "Feature", "properties": { "TLID": 184646325, "FEDIRP": "N", "FENAME": "Goffi", "FETYPE": "St", "FEDIRS": null, "FRADDL": 400.0, "TOADDL": 498.0, "FRADDR": 401.0, "TOADDR": 499.0 }, "geometry": { "type": "LineString", "coordinates": [ [ 24.909365, 36.063521 ], [ 24.908465, 36.063821 ] ] } },
{ "type": "Feature", "properties": { "TLID": 184646326, "FEDIRP": "N", "FENAME": "Edessis", "FETYPE": "St", "FEDIRS": null, "FRADDL": 400.0, "TOADDL": 498.0, "FRADDR": 401.0, "TOADDR": 499.0 }, "geometry": { "type": "LineString", "coordinates": [ [ 24.907765, 36.062921 ], [ 24.907165, 36.062021 ] ] } },
{ "type": "Feature", "properties": { "TLID": 184646327, "FEDIRP": "N", "FENAME": "Horace", "FETYPE": "St", "FEDIRS": null, "FRADDL": 400.0, "TOADDL": 498.0, "FRADDR": 401.0, "TOADDR": 499.0 }, "geometry": { "type": "LineString", "coordinates": [ [ 24.909065, 36.062421 ], [ 24.907765, 36.062921 ] ] } },
{ "type": "Feature", "properties": { "TLID": 184646328, "FEDIRP": "N", "FENAME": "Horace", "FETYPE": "St", "FEDIRS": null, "FRADDL": 300.0, "TOADDL": 398.0, "FRADDR": 301.0, "TOADDR": 399.0 }, "geometry": { "type": "LineString", "coordinates": [ [ 24.909965, 36.062121 ], [ 24.909065, 36.062421 ] ] } },
{ "type": "Feature", "properties": { "TLID": 184646329, "FEDIRP": "N", "FENAME": "Dimitriou", "FETYPE": "St", "FEDIRS": null, "FRADDL": 400.0, "TOADDL": 498.0, "FRADDR": 401.0, "TOADDR": 499.0 }, "geometry": { "type": "LineString", "coordinates": [ [ 24.909065, 36.062421 ], [ 24.908265, 36.061721 ] ] } },
{ "type": "Feature", "properties": { "TLID": 184646330, "FEDIRP": "N", "FENAME": "Sina", "FETYPE": "Way", "FEDIRS": null, "FRADDL": 400.0, "TOADDL": 412.0, "FRADDR": 401.0, "TOADDR": 403.0 }, "geometry": { "type": "LineString", "coordinates": [ [ 24.909565, 36.063121 ], [ 24.909365, 36.063521 ] ] } },
{ "type": "Feature", "properties": { "TLID": 184646331, "FEDIRP": "N", "FENAME": "Dimitriou", "FETYPE": "St", "FEDIRS": null, "FRADDL": 300.0, "TOADDL": 398.0, "FRADDR": 301.0, "TOADDR": 399.0 }, "geometry": { "type": "LineString", "coordinates": [ [ 24.909565, 36.063121 ], [ 24.909065, 36.062421 ] ] } },
{ "type": "Feature", "properties": { "TLID": 184646332, "FEDIRP": "N", "FENAME": "Sina", "FETYPE": "Way", "FEDIRS": null, "FRADDL": 314.0, "TOADDL": 398.0, "FRADDR": 351.0, "TOADDR": 399.0 }, "geometry": { "type": "LineString", "coordinates": [ [ 24.909965, 36.062121 ], [ 24.909565, 36.063121 ] ] } },
{ "type": "Feature", "properties": { "TLID": 184646333, "FEDIRP": "N", "FENAME": "Sina", "FETYPE": "Way", "FEDIRS": null, "FRADDL": 300.0, "TOADDL": 312.0, "FRADDR": 301.0, "TOADDR": 349.0 }, "geometry": { "type": "LineString", "coordinates": [ [ 24.909865, 36.061621 ], [ 24.909965, 36.062121 ] ] } },
{ "type": "Feature", "properties": { "TLID": 184646334, "FEDIRP": "N", "FENAME": "Dimitriou", "FETYPE": "St", "FEDIRS": null, "FRADDL": 500.0, "TOADDL": 598.0, "FRADDR": 501.0, "TOADDR": 599.0 }, "geometry": { "type": "LineString", "coordinates": [ [ 24.908265, 36.061721 ], [ 24.907665, 36.060821 ] ] } },
{ "type": "Feature", "properties": { "TLID": 184646335, "FEDIRP": "N", "FENAME": "Irinis", "FETYPE": "St", "FEDIRS": null, "FRADDL": 300.0, "TOADDL": 398.0, "FRADDR": 301.0, "TOADDR": 399.0 }, "geometry": { "type": "LineString", "coordinates": [ [ 24.909665, 36.061221 ], [ 24.908265, 36.061721 ] ] } },
{ "type": "Feature", "properties": { "TLID": 184646336, "FEDIRP": "N", "FENAME": "Dimitriou", "FETYPE": "St", "FEDIRS": null, "FRADDL": 600.0, "TOADDL": 698.0, "FRADDR": 601.0, "TOADDR": 699.0 }, "geometry": { "type": "LineString", "coordinates": [ [ 24.907665, 36.060821 ], [ 24.906965, 36.059821 ] ] } },
{ "type": "Feature", "properties": { "TLID": 184646337, "FEDIRP": null, "FENAME": "Tackan", "FETYPE": "Ave", "FEDIRS": null, "FRADDL": 300.0, "TOADDL": 398.0, "FRADDR": 301.0, "TOADDR": 399.0 }, "geometry": { "type": "LineString", "coordinates": [ [ 24.908965, 36.060321 ], [ 24.907665, 36.060821 ] ] } },
{ "type": "Feature", "properties": { "TLID": 184646338, "FEDIRP": "N", "FENAME": "Karanteg", "FETYPE": "St", "FEDIRS": null, "FRADDL": 200.0, "TOADDL": 298.0, "FRADDR": 201.0, "TOADDR": 299.0 }, "geometry": { "type": "LineString", "coordinates": [ [ 24.909665, 36.058921 ], [ 24.908365, 36.059421 ] ] } },
{ "type": "Feature", "properties": { "TLID": 184646339, "FEDIRP": "N", "FENAME": "Bulevar", "FETYPE": "St", "FEDIRS": null, "FRADDL": 700.0, "TOADDL": 798.0, "FRADDR": 701.0, "TOADDR": 799.0 }, "geometry": { "type": "LineString", "coordinates": [ [ 24.908365, 36.059421 ], [ 24.907765, 36.058521 ] ] } },
{ "type": "Feature", "properties": { "TLID": 184646340, "FEDIRP": "N", "FENAME": "Bulevar", "FETYPE": "St", "FEDIRS": null, "FRADDL": 600.0, "TOADDL": 698.0, "FRADDR": 601.0, "TOADDR": 699.0 }, "geometry": { "type": "LineString", "coordinates": [ [ 24.908965, 36.060321 ], [ 24.908365, 36.059421 ] ] } },
{ "type": "Feature", "properties": { "TLID": 184646342, "FEDIRP": "N", "FENAME": "Bulevar", "FETYPE": "St", "FEDIRS": null, "FRADDL": 450.0, "TOADDL": 498.0, "FRADDR": 451.0, "TOADDR": 499.0 }, "geometry": { "type": "LineString", "coordinates": [ [ 24.909865, 36.061621 ], [ 24.909665, 36.061221 ] ] } },
{ "type": "Feature", "properties": { "TLID": 184646343, "FEDIRP": "N", "FENAME": "Bulevar", "FETYPE": "St", "FEDIRS": null, "FRADDL": 500.0, "TOADDL": 598.0, "FRADDR": 501.0, "TOADDR": 599.0 }, "geometry": { "type": "LineString", "coordinates": [ [ 24.909665, 36.061221 ], [ 24.908965, 36.060321 ] ] } },
{ "type": "Feature", "properties": { "TLID": 184646344, "FEDIRP": "N", "FENAME": "Astrous", "FETYPE": "St", "FEDIRS": null, "FRADDL": 700.0, "TOADDL": 798.0, "FRADDR": 701.0, "TOADDR": 799.0 }, "geometry": { "type": "LineString", "coordinates": [ [ 24.909665, 36.058921 ], [ 24.909065, 36.058021 ] ] } },
{ "type": "Feature", "properties": { "TLID": 184646365, "FEDIRP": "N", "FENAME": "Bulevar", "FETYPE": "St", "FEDIRS": null, "FRADDL": 800.0, "TOADDL": 898.0, "FRADDR": 801.0, "TOADDR": 899.0 }, "geometry": { "type": "LineString", "coordinates": [ [ 24.907765, 36.058521 ], [ 24.907065, 36.057521 ] ] } },
{ "type": "Feature", "properties": { "TLID": 184646366, "FEDIRP": "N", "FENAME": "Zefirou", "FETYPE": "Ave", "FEDIRS": null, "FRADDL": 200.0, "TOADDL": 298.0, "FRADDR": 201.0, "TOADDR": 299.0 }, "geometry": { "type": "LineString", "coordinates": [ [ 24.909065, 36.058021 ], [ 24.907765, 36.058521 ] ] } },
{ "type": "Feature", "properties": { "TLID": 184646367, "FEDIRP": "N", "FENAME": "Astrous", "FETYPE": "St", "FEDIRS": null, "FRADDL": 800.0, "TOADDL": 898.0, "FRADDR": 801.0, "TOADDR": 899.0 }, "geometry": { "type": "LineString", "coordinates": [ [ 24.909065, 36.058021 ], [ 24.908465, 36.057121 ] ] } },
{ "type": "Feature", "properties": { "TLID": 184646369, "FEDIRP": null, "FENAME": "Ipsilantou", "FETYPE": "Ave", "FEDIRS": null, "FRADDL": 1000.0, "TOADDL": 1098.0, "FRADDR": 1001.0, "TOADDR": 1099.0 }, "geometry": { "type": "LineString", "coordinates": [ [ 24.907865, 36.056221 ], [ 24.906565, 36.055521 ] ] } },
{ "type": "Feature", "properties": { "TLID": 184646370, "FEDIRP": "S", "FENAME": "Livit", "FETYPE": "St", "FEDIRS": null, "FRADDL": 149.0, "TOADDL": 299.0, "FRADDR": 148.0, "TOADDR": 298.0 }, "geometry": { "type": "LineString", "coordinates": [ [ 24.907865, 36.056221 ], [ 24.908065, 36.055221 ] ] } },
{ "type": "Feature", "properties": { "TLID": 184646371, "FEDIRP": "N", "FENAME": "Astrous", "FETYPE": "St", "FEDIRS": null, "FRADDL": 900.0, "TOADDL": 998.0, "FRADDR": 901.0, "TOADDR": 999.0 }, "geometry": { "type": "LineString", "coordinates": [ [ 24.908465, 36.057121 ], [ 24.907865, 36.056221 ] ] } },
{ "type": "Feature", "properties": { "TLID": 184646372, "FEDIRP": "N", "FENAME": "Livaniou", "FETYPE": "St", "FEDIRS": null, "FRADDL": 100.0, "TOADDL": 198.0, "FRADDR": 101.0, "TOADDR": 199.0 }, "geometry": { "type": "LineString", "coordinates": [ [ 24.909065, 36.056821 ], [ 24.908465, 36.057121 ] ] } },
{ "type": "Feature", "properties": { "TLID": 184646373, "FEDIRP": null, "FENAME": "Ipsilantou", "FETYPE": "Ave", "FEDIRS": null, "FRADDL": 900.0, "TOADDL": 998.0, "FRADDR": 901.0, "TOADDR": 999.0 }, "geometry": { "type": "LineString", "coordinates": [ [ 24.909065, 36.056821 ], [ 24.907865, 36.056221 ] ] } },
{ "type": "Feature", "properties": { "TLID": 184646374, "FEDIRP": "S", "FENAME": "Livaniou", "FETYPE": "St", "FEDIRS": null, "FRADDL": 201.0, "TOADDL": 299.0, "FRADDR": 200.0, "TOADDR": 298.0 }, "geometry": { "type": "LineString", "coordinates": [ [ 24.909065, 36.056821 ], [ 24.909465, 36.055321 ] ] } },
{ "type": "Feature", "properties": { "TLID": 184646376, "FEDIRP": "S", "FENAME": "Bulevar", "FETYPE": "St", "FEDIRS": null, "FRADDL": 1000.0, "TOADDL": 1098.0, "FRADDR": 1001.0, "TOADDR": 1099.0 }, "geometry": { "type": "LineString", "coordinates": [ [ 24.908065, 36.055221 ], [ 24.906665, 36.055021 ] ] } },
{ "type": "Feature", "properties": { "TLID": 184646377, "FEDIRP": "S", "FENAME": "Livit", "FETYPE": "St", "FEDIRS": null, "FRADDL": 301.0, "TOADDL": 399.0, "FRADDR": 300.0, "TOADDR": 398.0 }, "geometry": { "type": "LineString", "coordinates": [ [ 24.908065, 36.055221 ], [ 24.908365, 36.054121 ] ] } },
{ "type": "Feature", "properties": { "TLID": 184646378, "FEDIRP": "S", "FENAME": "Livit", "FETYPE": "St", "FEDIRS": null, "FRADDL": 401.0, "TOADDL": 499.0, "FRADDR": 400.0, "TOADDR": 498.0 }, "geometry": { "type": "LineString", "coordinates": [ [ 24.908365, 36.054121 ], [ 24.908465, 36.053121 ] ] } },
{ "type": "Feature", "properties": { "TLID": 184646380, "FEDIRP": "S", "FENAME": "Livit", "FETYPE": "St", "FEDIRS": null, "FRADDL": 501.0, "TOADDL": 599.0, "FRADDR": 500.0, "TOADDR": 598.0 }, "geometry": { "type": "LineString", "coordinates": [ [ 24.908465, 36.053121 ], [ 24.908765, 36.052121 ] ] } },
{ "type": "Feature", "properties": { "TLID": 184646381, "FEDIRP": "S", "FENAME": "Bulevar", "FETYPE": "St", "FEDIRS": null, "FRADDL": 900.0, "TOADDL": 998.0, "FRADDR": 901.0, "TOADDR": 999.0 }, "geometry": { "type": "LineString", "coordinates": [ [ 24.909465, 36.055321 ], [ 24.908065, 36.055221 ] ] } },
{ "type": "Feature", "properties": { "TLID": 184646382, "FEDIRP": "S", "FENAME": "Livaniou", "FETYPE": "St", "FEDIRS": null, "FRADDL": 301.0, "TOADDL": 399.0, "FRADDR": 300.0, "TOADDR": 398.0 }, "geometry": { "type": "LineString", "coordinates": [ [ 24.909465, 36.055321 ], [ 24.909665, 36.054321 ] ] } },
{ "type": "Feature", "properties": { "TLID": 184646383, "FEDIRP": "S", "FENAME": "Dimitriou", "FETYPE": "St", "FEDIRS": null, "FRADDL": 900.0, "TOADDL": 998.0, "FRADDR": 901.0, "TOADDR": 999.0 }, "geometry": { "type": "LineString", "coordinates": [ [ 24.909665, 36.054321 ], [ 24.908365, 36.054121 ] ] } },
{ "type": "Feature", "properties": { "TLID": 184646384, "FEDIRP": "S", "FENAME": "Livaniou", "FETYPE": "St", "FEDIRS": null, "FRADDL": 401.0, "TOADDL": 499.0, "FRADDR": 400.0, "TOADDR": 498.0 }, "geometry": { "type": "LineString", "coordinates": [ [ 24.909665, 36.054321 ], [ 24.909965, 36.053321 ] ] } },
{ "type": "Feature", "properties": { "TLID": 184646385, "FEDIRP": "S", "FENAME": "Edessis", "FETYPE": "St", "FEDIRS": null, "FRADDL": 900.0, "TOADDL": 998.0, "FRADDR": 901.0, "TOADDR": 999.0 }, "geometry": { "type": "LineString", "coordinates": [ [ 24.909965, 36.053321 ], [ 24.908465, 36.053121 ] ] } },
{ "type": "Feature", "properties": { "TLID": 184646450, "FEDIRP": "N", "FENAME": "Aveny", "FETYPE": "St", "FEDIRS": null, "FRADDL": null, "TOADDL": null, "FRADDR": null, "TOADDR": null }, "geometry": { "type": "LineString", "coordinates": [ [ 24.898205, 36.069383 ], [ 24.898065, 36.069421 ] ] } },
{ "type": "Feature", "properties": { "TLID": 184646647, "FEDIRP": "N", "FENAME": "Els", "FETYPE": "St", "FEDIRS": null, "FRADDL": 2600.0, "TOADDL": 2698.0, "FRADDR": 2601.0, "TOADDR": 2699.0 }, "geometry": { "type": "LineString", "coordinates": [ [ 24.889865, 36.052021 ], [ 24.888665, 36.052021 ] ] } },
{ "type": "Feature", "properties": { "TLID": 184646648, "FEDIRP": "N", "FENAME": "Palmant", "FETYPE": "St", "FEDIRS": null, "FRADDL": 600.0, "TOADDL": 798.0, "FRADDR": 601.0, "TOADDR": 799.0 }, "geometry": { "type": "LineString", "coordinates": [ [ 24.888965, 36.050321 ], [ 24.888665, 36.052021 ] ] } },
{ "type": "Feature", "properties": { "TLID": 184646649, "FEDIRP": "N", "FENAME": "Els", "FETYPE": "St", "FEDIRS": null, "FRADDL": 2512.0, "TOADDL": 2598.0, "FRADDR": 2501.0, "TOADDR": 2599.0 }, "geometry": { "type": "LineString", "coordinates": [ [ 24.890965, 36.052021 ], [ 24.889865, 36.052021 ] ] } },
{ "type": "Feature", "properties": { "TLID": 184646650, "FEDIRP": "N", "FENAME": "Jav", "FETYPE": "St", "FEDIRS": null, "FRADDL": 600.0, "TOADDL": 798.0, "FRADDR": 601.0, "TOADDR": 799.0 }, "geometry": { "type": "LineString", "coordinates": [ [ 24.890165, 36.050321 ], [ 24.889865, 36.052021 ] ] } },
{ "type": "Feature", "properties": { "TLID": 184646651, "FEDIRP": null, "FENAME": "Egeou", "FETYPE": "Ave", "FEDIRS": null, "FRADDL": 2600.0, "TOADDL": 2698.0, "FRADDR": 2601.0, "TOADDR": 2699.0 }, "geometry": { "type": "LineString", "coordinates": [ [ 24.890165, 36.050321 ], [ 24.888965, 36.050321 ] ] } },
{ "type": "Feature", "properties": { "TLID": 184646652, "FEDIRP": "S", "FENAME": "Palmant", "FETYPE": "St", "FEDIRS": null, "FRADDL": 601.0, "TOADDL": 699.0, "FRADDR": 600.0, "TOADDR": 698.0 }, "geometry": { "type": "LineString", "coordinates": [ [ 24.888965, 36.050321 ], [ 24.888865, 36.049121 ] ] } },
{ "type": "Feature", "properties": { "TLID": 184646653, "FEDIRP": "N", "FENAME": "Els", "FETYPE": "St", "FEDIRS": null, "FRADDL": 2500.0, "TOADDL": 2510.0, "FRADDR": null, "TOADDR": null }, "geometry": { "type": "LineString", "coordinates": [ [ 24.891065, 36.052021 ], [ 24.890965, 36.052021 ] ] } },
{ "type": "Feature", "properties": { "TLID": 184646654, "FEDIRP": "N", "FENAME": "Prevezis", "FETYPE": "St", "FEDIRS": null, "FRADDL": 600.0, "TOADDL": 798.0, "FRADDR": 601.0, "TOADDR": 799.0 }, "geometry": { "type": "LineString", "coordinates": [ [ 24.891165, 36.050321 ], [ 24.891065, 36.052021 ] ] } },
{ "type": "Feature", "properties": { "TLID": 184646655, "FEDIRP": "N", "FENAME": "Els", "FETYPE": "St", "FEDIRS": null, "FRADDL": 2400.0, "TOADDL": 2498.0, "FRADDR": 2401.0, "TOADDR": 2499.0 }, "geometry": { "type": "LineString", "coordinates": [ [ 24.892165, 36.052021 ], [ 24.891065, 36.052021 ] ] } },
{ "type": "Feature", "properties": { "TLID": 184646656, "FEDIRP": null, "FENAME": "Egeou", "FETYPE": "Ave", "FEDIRS": null, "FRADDL": 2500.0, "TOADDL": 2598.0, "FRADDR": 2501.0, "TOADDR": 2599.0 }, "geometry": { "type": "LineString", "coordinates": [ [ 24.891165, 36.050321 ], [ 24.890165, 36.050321 ] ] } },
{ "type": "Feature", "properties": { "TLID": 184646657, "FEDIRP": "S", "FENAME": "Jav", "FETYPE": "St", "FEDIRS": null, "FRADDL": 601.0, "TOADDL": 699.0, "FRADDR": 600.0, "TOADDR": 698.0 }, "geometry": { "type": "LineString", "coordinates": [ [ 24.890165, 36.050321 ], [ 24.889965, 36.049121 ] ] } },
{ "type": "Feature", "properties": { "TLID": 184646658, "FEDIRP": "S", "FENAME": "Prevezis", "FETYPE": "St", "FEDIRS": null, "FRADDL": 601.0, "TOADDL": 799.0, "FRADDR": 600.0, "TOADDR": 798.0 }, "geometry": { "type": "LineString", "coordinates": [ [ 24.891165, 36.050321 ], [ 24.891165, 36.048521 ] ] } },
{ "type": "Feature", "properties": { "TLID": 184646659, "FEDIRP": null, "FENAME": "Egeou", "FETYPE": "Ave", "FEDIRS": null, "FRADDL": 2400.0, "TOADDL": 2498.0, "FRADDR": 2401.0, "TOADDR": 2499.0 }, "geometry": { "type": "LineString", "coordinates": [ [ 24.892065, 36.050321 ], [ 24.891165, 36.050321 ] ] } },
{ "type": "Feature", "properties": { "TLID": 184646660, "FEDIRP": "S", "FENAME": "Palmant", "FETYPE": "St", "FEDIRS": null, "FRADDL": 701.0, "TOADDL": 799.0, "FRADDR": 700.0, "TOADDR": 798.0 }, "geometry": { "type": "LineString", "coordinates": [ [ 24.888865, 36.049121 ], [ 24.888865, 36.048521 ] ] } },
{ "type": "Feature", "properties": { "TLID": 184646661, "FEDIRP": "S", "FENAME": "Eleftherias", "FETYPE": "St", "FEDIRS": null, "FRADDL": 2600.0, "TOADDL": 2698.0, "FRADDR": 2601.0, "TOADDR": 2699.0 }, "geometry": { "type": "LineString", "coordinates": [ [ 24.889965, 36.049121 ], [ 24.888865, 36.049121 ] ] } },
{ "type": "Feature", "properties": { "TLID": 184646662, "FEDIRP": "S", "FENAME": "Els", "FETYPE": "St", "FEDIRS": null, "FRADDL": 2600.0, "TOADDL": 2698.0, "FRADDR": 2601.0, "TOADDR": 2699.0 }, "geometry": { "type": "LineString", "coordinates": [ [ 24.889965, 36.048421 ], [ 24.888865, 36.048521 ] ] } },
{ "type": "Feature", "properties": { "TLID": 184646663, "FEDIRP": "S", "FENAME": "Palmant", "FETYPE": "St", "FEDIRS": null, "FRADDL": 801.0, "TOADDL": 1099.0, "FRADDR": 800.0, "TOADDR": 1098.0 }, "geometry": { "type": "LineString", "coordinates": [ [ 24.888865, 36.048521 ], [ 24.888665, 36.046021 ] ] } },
{ "type": "Feature", "properties": { "TLID": 184646664, "FEDIRP": "S", "FENAME": "Jav", "FETYPE": "St", "FEDIRS": null, "FRADDL": 701.0, "TOADDL": 799.0, "FRADDR": 700.0, "TOADDR": 798.0 }, "geometry": { "type": "LineString", "coordinates": [ [ 24.889965, 36.049121 ], [ 24.889965, 36.048421 ] ] } },
{ "type": "Feature", "properties": { "TLID": 184646665, "FEDIRP": "S", "FENAME": "Jav", "FETYPE": "St", "FEDIRS": null, "FRADDL": 801.0, "TOADDL": 1099.0, "FRADDR": 800.0, "TOADDR": 1098.0 }, "geometry": { "type": "LineString", "coordinates": [ [ 24.889965, 36.048421 ], [ 24.889965, 36.046221 ] ] } },
{ "type": "Feature", "properties": { "TLID": 184646666, "FEDIRP": "S", "FENAME": "Els", "FETYPE": "St", "FEDIRS": null, "FRADDL": 2500.0, "TOADDL": 2598.0, "FRADDR": 2543.0, "TOADDR": 2599.0 }, "geometry": { "type": "LineString", "coordinates": [ [ 24.890665, 36.048421 ], [ 24.889965, 36.048421 ] ] } },
{ "type": "Feature", "properties": { "TLID": 184646667, "FEDIRP": "S", "FENAME": "Palmant", "FETYPE": "St", "FEDIRS": null, "FRADDL": 1101.0, "TOADDL": 1149.0, "FRADDR": 1100.0, "TOADDR": 1148.0 }, "geometry": { "type": "LineString", "coordinates": [ [ 24.888665, 36.046021 ], [ 24.888565, 36.045421 ] ] } },
{ "type": "Feature", "properties": { "TLID": 184646668, "FEDIRP": "S", "FENAME": "Achilleos", "FETYPE": "St", "FEDIRS": null, "FRADDL": 2600.0, "TOADDL": 2698.0, "FRADDR": 2601.0, "TOADDR": 2699.0 }, "geometry": { "type": "LineString", "coordinates": [ [ 24.889965, 36.046221 ], [ 24.888665, 36.046021 ] ] } },
{ "type": "Feature", "properties": { "TLID": 184646669, "FEDIRP": "S", "FENAME": "Achilleos", "FETYPE": "St", "FEDIRS": null, "FRADDL": 2500.0, "TOADDL": 2598.0, "FRADDR": 2501.0, "TOADDR": 2599.0 }, "geometry": { "type": "LineString", "coordinates": [ [ 24.890665, 36.046221 ], [ 24.889965, 36.046221 ] ] } },
{ "type": "Feature", "properties": { "TLID": 184646670, "FEDIRP": "S", "FENAME": "Jav", "FETYPE": "St", "FEDIRS": null, "FRADDL": 1101.0, "TOADDL": 1157.0, "FRADDR": 1100.0, "TOADDR": 1116.0 }, "geometry": { "type": "LineString", "coordinates": [ [ 24.889965, 36.046221 ], [ 24.889965, 36.045421 ] ] } },
{ "type": "Feature", "properties": { "TLID": 184646671, "FEDIRP": "S", "FENAME": "Prevezis", "FETYPE": "St", "FEDIRS": null, "FRADDL": 801.0, "TOADDL": 999.0, "FRADDR": 800.0, "TOADDR": 848.0 }, "geometry": { "type": "LineString", "coordinates": [ [ 24.890665, 36.048421 ], [ 24.890665, 36.046721 ] ] } },
{ "type": "Feature", "properties": { "TLID": 184646672, "FEDIRP": "S", "FENAME": "Els", "FETYPE": "St", "FEDIRS": null, "FRADDL": 2460.0, "TOADDL": 2498.0, "FRADDR": 2501.0, "TOADDR": 2541.0 }, "geometry": { "type": "LineString", "coordinates": [ [ 24.891165, 36.048521 ], [ 24.890665, 36.048421 ] ] } },
{ "type": "Feature", "properties": { "TLID": 184646673, "FEDIRP": "S", "FENAME": "Els", "FETYPE": "St", "FEDIRS": null, "FRADDL": 2400.0, "TOADDL": 2458.0, "FRADDR": 2401.0, "TOADDR": 2499.0 }, "geometry": { "type": "LineString", "coordinates": [ [ 24.891965, 36.048521 ], [ 24.891165, 36.048521 ] ] } },
{ "type": "Feature", "properties": { "TLID": 184646674, "FEDIRP": "S", "FENAME": "Prevezis", "FETYPE": "St", "FEDIRS": null, "FRADDL": 1001.0, "TOADDL": 1011.0, "FRADDR": 850.0, "TOADDR": 1098.0 }, "geometry": { "type": "LineString", "coordinates": [ [ 24.890665, 36.046721 ], [ 24.890665, 36.046221 ] ] } },
{ "type": "Feature", "properties": { "TLID": 184646675, "FEDIRP": "S", "FENAME": "Acera", "FETYPE": "St", "FEDIRS": null, "FRADDL": 2400.0, "TOADDL": 2498.0, "FRADDR": 2401.0, "TOADDR": 2499.0 }, "geometry": { "type": "LineString", "coordinates": [ [ 24.891965, 36.046721 ], [ 24.890665, 36.046721 ] ] } },
{ "type": "Feature", "properties": { "TLID": 184646677, "FEDIRP": "N", "FENAME": "Els", "FETYPE": "St", "FEDIRS": null, "FRADDL": 2300.0, "TOADDL": 2398.0, "FRADDR": 2301.0, "TOADDR": 2399.0 }, "geometry": { "type": "LineString", "coordinates": [ [ 24.893065, 36.052021 ], [ 24.892165, 36.052021 ] ] } },
{ "type": "Feature", "properties": { "TLID": 184646678, "FEDIRP": "N", "FENAME": "Souliou", "FETYPE": "St", "FEDIRS": null, "FRADDL": 600.0, "TOADDL": 698.0, "FRADDR": 613.0, "TOADDR": 699.0 }, "geometry": { "type": "LineString", "coordinates": [ [ 24.892065, 36.050321 ], [ 24.892165, 36.052021 ] ] } },
{ "type": "Feature", "properties": { "TLID": 184646679, "FEDIRP": "N", "FENAME": "Tangno", "FETYPE": "St", "FEDIRS": null, "FRADDL": 600.0, "TOADDL": 798.0, "FRADDR": 601.0, "TOADDR": 799.0 }, "geometry": { "type": "LineString", "coordinates": [ [ 24.893175, 36.050332 ], [ 24.893065, 36.052021 ] ] } },
{ "type": "Feature", "properties": { "TLID": 184646680, "FEDIRP": "N", "FENAME": "Els", "FETYPE": "St", "FEDIRS": null, "FRADDL": 2200.0, "TOADDL": 2298.0, "FRADDR": 2201.0, "TOADDR": 2299.0 }, "geometry": { "type": "LineString", "coordinates": [ [ 24.894265, 36.052021 ], [ 24.893065, 36.052021 ] ] } },
{ "type": "Feature", "properties": { "TLID": 184646681, "FEDIRP": "S", "FENAME": "Souliou", "FETYPE": "St", "FEDIRS": null, "FRADDL": 601.0, "TOADDL": 799.0, "FRADDR": 600.0, "TOADDR": 798.0 }, "geometry": { "type": "LineString", "coordinates": [ [ 24.892065, 36.050321 ], [ 24.891965, 36.048521 ] ] } },
{ "type": "Feature", "properties": { "TLID": 184646682, "FEDIRP": null, "FENAME": "Egeou", "FETYPE": "Ave", "FEDIRS": null, "FRADDL": 2300.0, "TOADDL": 2398.0, "FRADDR": 2301.0, "TOADDR": 2399.0 }, "geometry": { "type": "LineString", "coordinates": [ [ 24.893175, 36.050332 ], [ 24.892065, 36.050321 ] ] } },
{ "type": "Feature", "properties": { "TLID": 184646683, "FEDIRP": null, "FENAME": "Egeou", "FETYPE": "Ave", "FEDIRS": null, "FRADDL": 2200.0, "TOADDL": 2298.0, "FRADDR": 2201.0, "TOADDR": 2299.0 }, "geometry": { "type": "LineString", "coordinates": [ [ 24.894365, 36.050321 ], [ 24.893175, 36.050332 ] ] } },
{ "type": "Feature", "properties": { "TLID": 184646684, "FEDIRP": "S", "FENAME": "Tangno", "FETYPE": "St", "FEDIRS": null, "FRADDL": 601.0, "TOADDL": 799.0, "FRADDR": 600.0, "TOADDR": 798.0 }, "geometry": { "type": "LineString", "coordinates": [ [ 24.893175, 36.050332 ], [ 24.893265, 36.048521 ] ] } },
{ "type": "Feature", "properties": { "TLID": 184646685, "FEDIRP": "N", "FENAME": "Soulie", "FETYPE": "St", "FEDIRS": null, "FRADDL": 600.0, "TOADDL": 798.0, "FRADDR": 601.0, "TOADDR": 799.0 }, "geometry": { "type": "LineString", "coordinates": [ [ 24.894365, 36.050321 ], [ 24.894265, 36.052021 ] ] } },
{ "type": "Feature", "properties": { "TLID": 184646686, "FEDIRP": "S", "FENAME": "Soulie", "FETYPE": "St", "FEDIRS": null, "FRADDL": 601.0, "TOADDL": 699.0, "FRADDR": 600.0, "TOADDR": 698.0 }, "geometry": { "type": "LineString", "coordinates": [ [ 24.894365, 36.050321 ], [ 24.894437, 36.049332 ] ] } },
{ "type": "Feature", "properties": { "TLID": 184646687, "FEDIRP": "S", "FENAME": "Soulie", "FETYPE": "St", "FEDIRS": null, "FRADDL": 701.0, "TOADDL": 799.0, "FRADDR": 700.0, "TOADDR": 798.0 }, "geometry": { "type": "LineString", "coordinates": [ [ 24.894437, 36.049332 ], [ 24.894465, 36.048521 ] ] } },
{ "type": "Feature", "properties": { "TLID": 184646688, "FEDIRP": "S", "FENAME": "Eleftherias", "FETYPE": "St", "FEDIRS": null, "FRADDL": 2000.0, "TOADDL": 2198.0, "FRADDR": 2001.0, "TOADDR": 2199.0 }, "geometry": { "type": "LineString", "coordinates": [ [ 24.897165, 36.049321 ], [ 24.894437, 36.049332 ] ] } },
{ "type": "Feature", "properties": { "TLID": 184646689, "FEDIRP": "S", "FENAME": "Souliou", "FETYPE": "St", "FEDIRS": null, "FRADDL": 801.0, "TOADDL": 999.0, "FRADDR": 800.0, "TOADDR": 998.0 }, "geometry": { "type": "LineString", "coordinates": [ [ 24.891965, 36.048521 ], [ 24.891965, 36.046721 ] ] } },
{ "type": "Feature", "properties": { "TLID": 184646690, "FEDIRP": "S", "FENAME": "Els", "FETYPE": "St", "FEDIRS": null, "FRADDL": 2300.0, "TOADDL": 2398.0, "FRADDR": 2301.0, "TOADDR": 2399.0 }, "geometry": { "type": "LineString", "coordinates": [ [ 24.893265, 36.048521 ], [ 24.891965, 36.048521 ] ] } },
{ "type": "Feature", "properties": { "TLID": 184646691, "FEDIRP": "S", "FENAME": "Acera", "FETYPE": "St", "FEDIRS": null, "FRADDL": 2300.0, "TOADDL": 2398.0, "FRADDR": 2301.0, "TOADDR": 2399.0 }, "geometry": { "type": "LineString", "coordinates": [ [ 24.893165, 36.046721 ], [ 24.891965, 36.046721 ] ] } },
{ "type": "Feature", "properties": { "TLID": 184646693, "FEDIRP": "S", "FENAME": "Acera", "FETYPE": "St", "FEDIRS": null, "FRADDL": 2200.0, "TOADDL": 2298.0, "FRADDR": 2201.0, "TOADDR": 2299.0 }, "geometry": { "type": "LineString", "coordinates": [ [ 24.894765, 36.046721 ], [ 24.893165, 36.046721 ] ] } },
{ "type": "Feature", "properties": { "TLID": 184646695, "FEDIRP": "S", "FENAME": "Tangno", "FETYPE": "St", "FEDIRS": null, "FRADDL": 801.0, "TOADDL": 999.0, "FRADDR": 800.0, "TOADDR": 998.0 }, "geometry": { "type": "LineString", "coordinates": [ [ 24.893265, 36.048521 ], [ 24.893165, 36.046721 ] ] } },
{ "type": "Feature", "properties": { "TLID": 184646696, "FEDIRP": "S", "FENAME": "Els", "FETYPE": "St", "FEDIRS": null, "FRADDL": 2200.0, "TOADDL": 2298.0, "FRADDR": 2201.0, "TOADDR": 2299.0 }, "geometry": { "type": "LineString", "coordinates": [ [ 24.894465, 36.048521 ], [ 24.893265, 36.048521 ] ] } },
{ "type": "Feature", "properties": { "TLID": 184646697, "FEDIRP": "S", "FENAME": "Soulie", "FETYPE": "St", "FEDIRS": null, "FRADDL": 801.0, "TOADDL": 999.0, "FRADDR": 800.0, "TOADDR": 998.0 }, "geometry": { "type": "LineString", "coordinates": [ [ 24.894465, 36.048521 ], [ 24.894765, 36.046721 ] ] } },
{ "type": "Feature", "properties": { "TLID": 184646698, "FEDIRP": "S", "FENAME": "Els", "FETYPE": "St", "FEDIRS": null, "FRADDL": 2100.0, "TOADDL": 2198.0, "FRADDR": 2101.0, "TOADDR": 2199.0 }, "geometry": { "type": "LineString", "coordinates": [ [ 24.895865, 36.048521 ], [ 24.894465, 36.048521 ] ] } },
{ "type": "Feature", "properties": { "TLID": 184646699, "FEDIRP": "S", "FENAME": "Acera", "FETYPE": "St", "FEDIRS": null, "FRADDL": 2100.0, "TOADDL": 2198.0, "FRADDR": 2101.0, "TOADDR": 2199.0 }, "geometry": { "type": "LineString", "coordinates": [ [ 24.895865, 36.046721 ], [ 24.894765, 36.046721 ] ] } },
{ "type": "Feature", "properties": { "TLID": 184646702, "FEDIRP": null, "FENAME": "Makedonias", "FETYPE": "St", "FEDIRS": null, "FRADDL": 2600.0, "TOADDL": 2698.0, "FRADDR": 2601.0, "TOADDR": 2699.0 }, "geometry": { "type": "LineString", "coordinates": [ [ 24.889365, 36.045421 ], [ 24.888565, 36.045421 ] ] } },
{ "type": "Feature", "properties": { "TLID": 184646709, "FEDIRP": "N", "FENAME": "Els", "FETYPE": "St", "FEDIRS": null, "FRADDL": null, "TOADDL": null, "FRADDR": null, "TOADDR": null }, "geometry": { "type": "LineString", "coordinates": [ [ 24.895365, 36.052021 ], [ 24.897165, 36.051921 ] ] } },
{ "type": "Feature", "properties": { "TLID": 184646710, "FEDIRP": "N", "FENAME": "Kikladon", "FETYPE": "Ave", "FEDIRS": null, "FRADDL": 600.0, "TOADDL": 698.0, "FRADDR": 601.0, "TOADDR": 699.0 }, "geometry": { "type": "LineString", "coordinates": [ [ 24.897965, 36.051721 ], [ 24.897165, 36.051921 ] ] } },
{ "type": "Feature", "properties": { "TLID": 184646711, "FEDIRP": "N", "FENAME": "Siarad", "FETYPE": "Ave", "FEDIRS": null, "FRADDL": 600.0, "TOADDL": 628.0, "FRADDR": 601.0, "TOADDR": 629.0 }, "geometry": { "type": "LineString", "coordinates": [ [ 24.897465, 36.050921 ], [ 24.897165, 36.051921 ] ] } },
{ "type": "Feature", "properties": { "TLID": 184646712, "FEDIRP": "N", "FENAME": "Eira", "FETYPE": "St", "FEDIRS": null, "FRADDL": 1700.0, "TOADDL": 1798.0, "FRADDR": 1701.0, "TOADDR": 1799.0 }, "geometry": { "type": "LineString", "coordinates": [ [ 24.897965, 36.051721 ], [ 24.897465, 36.050921 ] ] } },
{ "type": "Feature", "properties": { "TLID": 184646713, "FEDIRP": "N", "FENAME": "Kikladon", "FETYPE": "Ave", "FEDIRS": null, "FRADDL": 500.0, "TOADDL": 598.0, "FRADDR": 501.0, "TOADDR": 599.0 }, "geometry": { "type": "LineString", "coordinates": [ [ 24.898665, 36.051521 ], [ 24.897965, 36.051721 ] ] } },
{ "type": "Feature", "properties": { "TLID": 184646714, "FEDIRP": null, "FENAME": "Egeou", "FETYPE": "Ave", "FEDIRS": null, "FRADDL": 2042.0, "TOADDL": 2198.0, "FRADDR": 2001.0, "TOADDR": 2199.0 }, "geometry": { "type": "LineString", "coordinates": [ [ 24.897465, 36.050921 ], [ 24.895965, 36.050321 ], [ 24.894365, 36.050321 ] ] } },
{ "type": "Feature", "properties": { "TLID": 184646715, "FEDIRP": "S", "FENAME": "Siarad", "FETYPE": "Ave", "FEDIRS": null, "FRADDL": 601.0, "TOADDL": 699.0, "FRADDR": 600.0, "TOADDR": 648.0 }, "geometry": { "type": "LineString", "coordinates": [ [ 24.897465, 36.050921 ], [ 24.897165, 36.049821 ] ] } },
{ "type": "Feature", "properties": { "TLID": 184646716, "FEDIRP": "S", "FENAME": "Siarad", "FETYPE": "Ave", "FEDIRS": null, "FRADDL": 701.0, "TOADDL": 715.0, "FRADDR": 650.0, "TOADDR": 704.0 }, "geometry": { "type": "LineString", "coordinates": [ [ 24.897165, 36.049821 ], [ 24.897165, 36.049321 ] ] } },
{ "type": "Feature", "properties": { "TLID": 184646717, "FEDIRP": "S", "FENAME": "Siarad", "FETYPE": "Ave", "FEDIRS": null, "FRADDL": 717.0, "TOADDL": 799.0, "FRADDR": 706.0, "TOADDR": 748.0 }, "geometry": { "type": "LineString", "coordinates": [ [ 24.897165, 36.049321 ], [ 24.897265, 36.048821 ] ] } },
{ "type": "Feature", "properties": { "TLID": 184646718, "FEDIRP": "S", "FENAME": "Jac", "FETYPE": "St", "FEDIRS": null, "FRADDL": 801.0, "TOADDL": 999.0, "FRADDR": 800.0, "TOADDR": 998.0 }, "geometry": { "type": "LineString", "coordinates": [ [ 24.895865, 36.048521 ], [ 24.895865, 36.046721 ] ] } },
{ "type": "Feature", "properties": { "TLID": 184646719, "FEDIRP": "S", "FENAME": "Els", "FETYPE": "St", "FEDIRS": null, "FRADDL": 2000.0, "TOADDL": 2098.0, "FRADDR": 2001.0, "TOADDR": 2099.0 }, "geometry": { "type": "LineString", "coordinates": [ [ 24.897265, 36.048521 ], [ 24.895865, 36.048521 ] ] } },
{ "type": "Feature", "properties": { "TLID": 184646720, "FEDIRP": "S", "FENAME": "Acera", "FETYPE": "St", "FEDIRS": null, "FRADDL": 2000.0, "TOADDL": 2098.0, "FRADDR": 2001.0, "TOADDR": 2099.0 }, "geometry": { "type": "LineString", "coordinates": [ [ 24.897265, 36.046721 ], [ 24.895865, 36.046721 ] ] } },
{ "type": "Feature", "properties": { "TLID": 184646722, "FEDIRP": "S", "FENAME": "Siarad", "FETYPE": "Ave", "FEDIRS": null, "FRADDL": 801.0, "TOADDL": 809.0, "FRADDR": 750.0, "TOADDR": 798.0 }, "geometry": { "type": "LineString", "coordinates": [ [ 24.897265, 36.048821 ], [ 24.897265, 36.048521 ] ] } },
{ "type": "Feature", "properties": { "TLID": 184646723, "FEDIRP": "S", "FENAME": "Siarad", "FETYPE": "Ave", "FEDIRS": null, "FRADDL": 811.0, "TOADDL": 899.0, "FRADDR": 800.0, "TOADDR": 824.0 }, "geometry": { "type": "LineString", "coordinates": [ [ 24.897265, 36.048521 ], [ 24.897265, 36.047721 ] ] } },
{ "type": "Feature", "properties": { "TLID": 184646724, "FEDIRP": "S", "FENAME": "Siarad", "FETYPE": "Ave", "FEDIRS": null, "FRADDL": 901.0, "TOADDL": 947.0, "FRADDR": 826.0, "TOADDR": 998.0 }, "geometry": { "type": "LineString", "coordinates": [ [ 24.897265, 36.047721 ], [ 24.897265, 36.046721 ] ] } },
{ "type": "Feature", "properties": { "TLID": 184646725, "FEDIRP": "S", "FENAME": "Siarad", "FETYPE": "Ave", "FEDIRS": null, "FRADDL": 949.0, "TOADDL": 1099.0, "FRADDR": 1000.0, "TOADDR": 1098.0 }, "geometry": { "type": "LineString", "coordinates": [ [ 24.897265, 36.046721 ], [ 24.897265, 36.045621 ] ] } },
{ "type": "Feature", "properties": { "TLID": 184646726, "FEDIRP": null, "FENAME": "Ipsilantou", "FETYPE": "Ave", "FEDIRS": null, "FRADDL": 1700.0, "TOADDL": 1798.0, "FRADDR": 1701.0, "TOADDR": 1799.0 }, "geometry": { "type": "LineString", "coordinates": [ [ 24.898665, 36.051521 ], [ 24.897465, 36.050921 ] ] } },
{ "type": "Feature", "properties": { "TLID": 184646727, "FEDIRP": "S", "FENAME": "Kikladon", "FETYPE": "Ave", "FEDIRS": null, "FRADDL": 501.0, "TOADDL": 599.0, "FRADDR": 500.0, "TOADDR": 610.0 }, "geometry": { "type": "LineString", "coordinates": [ [ 24.898665, 36.051521 ], [ 24.898665, 36.051021 ] ] } },
{ "type": "Feature", "properties": { "TLID": 184646728, "FEDIRP": "S", "FENAME": "Egeou", "FETYPE": "Ave", "FEDIRS": null, "FRADDL": 1700.0, "TOADDL": 1998.0, "FRADDR": 1701.0, "TOADDR": 1799.0 }, "geometry": { "type": "LineString", "coordinates": [ [ 24.898665, 36.051021 ], [ 24.897465, 36.050921 ] ] } },
{ "type": "Feature", "properties": { "TLID": 184646729, "FEDIRP": "S", "FENAME": "Kikladon", "FETYPE": "Ave", "FEDIRS": null, "FRADDL": 601.0, "TOADDL": 699.0, "FRADDR": 612.0, "TOADDR": 698.0 }, "geometry": { "type": "LineString", "coordinates": [ [ 24.898665, 36.051021 ], [ 24.898965, 36.050021 ] ] } },
{ "type": "Feature", "properties": { "TLID": 184646730, "FEDIRP": "S", "FENAME": "Eleftherias", "FETYPE": "St", "FEDIRS": null, "FRADDL": 1700.0, "TOADDL": 1998.0, "FRADDR": 1701.0, "TOADDR": 1999.0 }, "geometry": { "type": "LineString", "coordinates": [ [ 24.898965, 36.050021 ], [ 24.897165, 36.049821 ] ] } },
{ "type": "Feature", "properties": { "TLID": 184646731, "FEDIRP": "S", "FENAME": "Kikladon", "FETYPE": "Ave", "FEDIRS": null, "FRADDL": 701.0, "TOADDL": 799.0, "FRADDR": 700.0, "TOADDR": 798.0 }, "geometry": { "type": "LineString", "coordinates": [ [ 24.898965, 36.050021 ], [ 24.899165, 36.048921 ] ] } },
{ "type": "Feature", "properties": { "TLID": 184646732, "FEDIRP": null, "FENAME": "Ipsilantou", "FETYPE": "Ave", "FEDIRS": null, "FRADDL": 1600.0, "TOADDL": 1698.0, "FRADDR": 1601.0, "TOADDR": 1699.0 }, "geometry": { "type": "LineString", "coordinates": [ [ 24.900065, 36.052221 ], [ 24.898665, 36.051521 ] ] } },
{ "type": "Feature", "properties": { "TLID": 184646733, "FEDIRP": "S", "FENAME": "Evripidou", "FETYPE": "Ave", "FEDIRS": null, "FRADDL": 501.0, "TOADDL": 599.0, "FRADDR": 500.0, "TOADDR": 598.0 }, "geometry": { "type": "LineString", "coordinates": [ [ 24.900065, 36.052221 ], [ 24.900165, 36.051221 ] ] } },
{ "type": "Feature", "properties": { "TLID": 184646734, "FEDIRP": "S", "FENAME": "Egeou", "FETYPE": "Ave", "FEDIRS": null, "FRADDL": 1600.0, "TOADDL": 1698.0, "FRADDR": 1601.0, "TOADDR": 1699.0 }, "geometry": { "type": "LineString", "coordinates": [ [ 24.900165, 36.051221 ], [ 24.898665, 36.051021 ] ] } },
{ "type": "Feature", "properties": { "TLID": 184646735, "FEDIRP": "S", "FENAME": "Evripidou", "FETYPE": "Ave", "FEDIRS": null, "FRADDL": 601.0, "TOADDL": 699.0, "FRADDR": 600.0, "TOADDR": 698.0 }, "geometry": { "type": "LineString", "coordinates": [ [ 24.900165, 36.051221 ], [ 24.900365, 36.050121 ] ] } },
{ "type": "Feature", "properties": { "TLID": 184646736, "FEDIRP": "S", "FENAME": "Evripidou", "FETYPE": "Ave", "FEDIRS": null, "FRADDL": 701.0, "TOADDL": 799.0, "FRADDR": 700.0, "TOADDR": 798.0 }, "geometry": { "type": "LineString", "coordinates": [ [ 24.900365, 36.050121 ], [ 24.900565, 36.049121 ] ] } },
{ "type": "Feature", "properties": { "TLID": 184646737, "FEDIRP": "S", "FENAME": "Ermou", "FETYPE": "St", "FEDIRS": null, "FRADDL": 1850.0, "TOADDL": 1898.0, "FRADDR": 1851.0, "TOADDR": 1899.0 }, "geometry": { "type": "LineString", "coordinates": [ [ 24.898065, 36.047821 ], [ 24.897265, 36.047721 ] ] } },
{ "type": "Feature", "properties": { "TLID": 184646738, "FEDIRP": "S", "FENAME": "Protopiou", "FETYPE": "Ave", "FEDIRS": null, "FRADDL": 901.0, "TOADDL": 1099.0, "FRADDR": 900.0, "TOADDR": 1098.0 }, "geometry": { "type": "LineString", "coordinates": [ [ 24.898065, 36.047821 ], [ 24.898465, 36.045721 ] ] } },
{ "type": "Feature", "properties": { "TLID": 184646739, "FEDIRP": "S", "FENAME": "Els", "FETYPE": "St", "FEDIRS": null, "FRADDL": 1700.0, "TOADDL": 1998.0, "FRADDR": 1701.0, "TOADDR": 1999.0 }, "geometry": { "type": "LineString", "coordinates": [ [ 24.899165, 36.048921 ], [ 24.897265, 36.048821 ] ] } },
{ "type": "Feature", "properties": { "TLID": 184646740, "FEDIRP": "S", "FENAME": "Kikladon", "FETYPE": "Ave", "FEDIRS": null, "FRADDL": 801.0, "TOADDL": 899.0, "FRADDR": 800.0, "TOADDR": 898.0 }, "geometry": { "type": "LineString", "coordinates": [ [ 24.899165, 36.048921 ], [ 24.899465, 36.047921 ] ] } },
{ "type": "Feature", "properties": { "TLID": 184646741, "FEDIRP": "S", "FENAME": "Ermou", "FETYPE": "St", "FEDIRS": null, "FRADDL": 1700.0, "TOADDL": 1804.0, "FRADDR": 1701.0, "TOADDR": 1849.0 }, "geometry": { "type": "LineString", "coordinates": [ [ 24.899465, 36.047921 ], [ 24.898065, 36.047821 ] ] } },
{ "type": "Feature", "properties": { "TLID": 184646742, "FEDIRP": "S", "FENAME": "Kikladon", "FETYPE": "Ave", "FEDIRS": null, "FRADDL": 901.0, "TOADDL": 1099.0, "FRADDR": 900.0, "TOADDR": 1098.0 }, "geometry": { "type": "LineString", "coordinates": [ [ 24.899465, 36.047921 ], [ 24.899965, 36.045921 ] ] } },
{ "type": "Feature", "properties": { "TLID": 184646743, "FEDIRP": "S", "FENAME": "Els", "FETYPE": "St", "FEDIRS": null, "FRADDL": 1600.0, "TOADDL": 1698.0, "FRADDR": 1601.0, "TOADDR": 1699.0 }, "geometry": { "type": "LineString", "coordinates": [ [ 24.900565, 36.049121 ], [ 24.899165, 36.048921 ] ] } },
{ "type": "Feature", "properties": { "TLID": 184646744, "FEDIRP": "S", "FENAME": "Evripidou", "FETYPE": "Ave", "FEDIRS": null, "FRADDL": 801.0, "TOADDL": 899.0, "FRADDR": 800.0, "TOADDR": 898.0 }, "geometry": { "type": "LineString", "coordinates": [ [ 24.900565, 36.049121 ], [ 24.900865, 36.048121 ] ] } },
{ "type": "Feature", "properties": { "TLID": 184646745, "FEDIRP": "S", "FENAME": "Ermou", "FETYPE": "St", "FEDIRS": null, "FRADDL": 1600.0, "TOADDL": 1698.0, "FRADDR": 1601.0, "TOADDR": 1699.0 }, "geometry": { "type": "LineString", "coordinates": [ [ 24.900865, 36.048121 ], [ 24.899465, 36.047921 ] ] } },
{ "type": "Feature", "properties": { "TLID": 184646746, "FEDIRP": "S", "FENAME": "Evripidou", "FETYPE": "Ave", "FEDIRS": null, "FRADDL": 901.0, "TOADDL": 1099.0, "FRADDR": 900.0, "TOADDR": 1098.0 }, "geometry": { "type": "LineString", "coordinates": [ [ 24.900865, 36.048121 ], [ 24.901365, 36.046021 ] ] } },
{ "type": "Feature", "properties": { "TLID": 184646754, "FEDIRP": "S", "FENAME": "Achilleos", "FETYPE": "St", "FEDIRS": null, "FRADDL": 1800.0, "TOADDL": 1998.0, "FRADDR": 1801.0, "TOADDR": 1999.0 }, "geometry": { "type": "LineString", "coordinates": [ [ 24.898465, 36.045721 ], [ 24.897265, 36.045621 ] ] } },
{ "type": "Feature", "properties": { "TLID": 184646756, "FEDIRP": "S", "FENAME": "Achilleos", "FETYPE": "St", "FEDIRS": null, "FRADDL": 1700.0, "TOADDL": 1798.0, "FRADDR": 1701.0, "TOADDR": 1799.0 }, "geometry": { "type": "LineString", "coordinates": [ [ 24.899965, 36.045921 ], [ 24.898465, 36.045721 ] ] } },
{ "type": "Feature", "properties": { "TLID": 184646761, "FEDIRP": "S", "FENAME": "Egeou", "FETYPE": "Ave", "FEDIRS": null, "FRADDL": 1500.0, "TOADDL": 1598.0, "FRADDR": 1501.0, "TOADDR": 1599.0 }, "geometry": { "type": "LineString", "coordinates": [ [ 24.901565, 36.051421 ], [ 24.900165, 36.051221 ] ] } },
{ "type": "Feature", "properties": { "TLID": 184646762, "FEDIRP": "S", "FENAME": "Honoliau", "FETYPE": "Ave", "FEDIRS": null, "FRADDL": 601.0, "TOADDL": 699.0, "FRADDR": 600.0, "TOADDR": 698.0 }, "geometry": { "type": "LineString", "coordinates": [ [ 24.901565, 36.051421 ], [ 24.901765, 36.050321 ] ] } },
{ "type": "Feature", "properties": { "TLID": 184646763, "FEDIRP": "S", "FENAME": "Eleftherias", "FETYPE": "St", "FEDIRS": null, "FRADDL": 1500.0, "TOADDL": 1598.0, "FRADDR": 1501.0, "TOADDR": 1599.0 }, "geometry": { "type": "LineString", "coordinates": [ [ 24.901765, 36.050321 ], [ 24.900365, 36.050121 ] ] } },
{ "type": "Feature", "properties": { "TLID": 184646764, "FEDIRP": "S", "FENAME": "Honoliau", "FETYPE": "Ave", "FEDIRS": null, "FRADDL": 701.0, "TOADDL": 799.0, "FRADDR": 700.0, "TOADDR": 798.0 }, "geometry": { "type": "LineString", "coordinates": [ [ 24.901765, 36.050321 ], [ 24.902065, 36.049321 ] ] } },
{ "type": "Feature", "properties": { "TLID": 184646765, "FEDIRP": "S", "FENAME": "Els", "FETYPE": "St", "FEDIRS": null, "FRADDL": 1500.0, "TOADDL": 1598.0, "FRADDR": 1501.0, "TOADDR": 1599.0 }, "geometry": { "type": "LineString", "coordinates": [ [ 24.902065, 36.049321 ], [ 24.900565, 36.049121 ] ] } },
{ "type": "Feature", "properties": { "TLID": 184646766, "FEDIRP": "S", "FENAME": "Honoliau", "FETYPE": "Ave", "FEDIRS": null, "FRADDL": 801.0, "TOADDL": 899.0, "FRADDR": 800.0, "TOADDR": 898.0 }, "geometry": { "type": "LineString", "coordinates": [ [ 24.902065, 36.049321 ], [ 24.902365, 36.048221 ] ] } },
{ "type": "Feature", "properties": { "TLID": 184646767, "FEDIRP": "S", "FENAME": "Egeou", "FETYPE": "Ave", "FEDIRS": null, "FRADDL": 1400.0, "TOADDL": 1498.0, "FRADDR": 1401.0, "TOADDR": 1499.0 }, "geometry": { "type": "LineString", "coordinates": [ [ 24.902965, 36.051521 ], [ 24.901565, 36.051421 ] ] } },
{ "type": "Feature", "properties": { "TLID": 184646768, "FEDIRP": "S", "FENAME": "Schaber", "FETYPE": "Ave", "FEDIRS": null, "FRADDL": 601.0, "TOADDL": 699.0, "FRADDR": 600.0, "TOADDR": 698.0 }, "geometry": { "type": "LineString", "coordinates": [ [ 24.902965, 36.051521 ], [ 24.903265, 36.050421 ] ] } },
{ "type": "Feature", "properties": { "TLID": 184646769, "FEDIRP": "S", "FENAME": "Eleftherias", "FETYPE": "St", "FEDIRS": null, "FRADDL": 1400.0, "TOADDL": 1498.0, "FRADDR": 1401.0, "TOADDR": 1499.0 }, "geometry": { "type": "LineString", "coordinates": [ [ 24.903265, 36.050421 ], [ 24.901765, 36.050321 ] ] } },
{ "type": "Feature", "properties": { "TLID": 184646770, "FEDIRP": "S", "FENAME": "Schaber", "FETYPE": "Ave", "FEDIRS": null, "FRADDL": 701.0, "TOADDL": 799.0, "FRADDR": 700.0, "TOADDR": 798.0 }, "geometry": { "type": "LineString", "coordinates": [ [ 24.903265, 36.050421 ], [ 24.903565, 36.049421 ] ] } },
{ "type": "Feature", "properties": { "TLID": 184646771, "FEDIRP": "S", "FENAME": "Els", "FETYPE": "St", "FEDIRS": null, "FRADDL": 1400.0, "TOADDL": 1498.0, "FRADDR": 1401.0, "TOADDR": 1499.0 }, "geometry": { "type": "LineString", "coordinates": [ [ 24.903565, 36.049421 ], [ 24.902065, 36.049321 ] ] } },
{ "type": "Feature", "properties": { "TLID": 184646772, "FEDIRP": "S", "FENAME": "Schaber", "FETYPE": "Ave", "FEDIRS": null, "FRADDL": 801.0, "TOADDL": 899.0, "FRADDR": 800.0, "TOADDR": 898.0 }, "geometry": { "type": "LineString", "coordinates": [ [ 24.903565, 36.049421 ], [ 24.903765, 36.048421 ] ] } },
{ "type": "Feature", "properties": { "TLID": 184646773, "FEDIRP": "S", "FENAME": "Ermou", "FETYPE": "St", "FEDIRS": null, "FRADDL": 1500.0, "TOADDL": 1598.0, "FRADDR": 1501.0, "TOADDR": 1599.0 }, "geometry": { "type": "LineString", "coordinates": [ [ 24.902365, 36.048221 ], [ 24.900865, 36.048121 ] ] } },
{ "type": "Feature", "properties": { "TLID": 184646774, "FEDIRP": "S", "FENAME": "Honoliau", "FETYPE": "Ave", "FEDIRS": null, "FRADDL": 901.0, "TOADDL": 1099.0, "FRADDR": 900.0, "TOADDR": 1098.0 }, "geometry": { "type": "LineString", "coordinates": [ [ 24.902365, 36.048221 ], [ 24.902765, 36.046221 ] ] } },
{ "type": "Feature", "properties": { "TLID": 184646775, "FEDIRP": "S", "FENAME": "Achilleos", "FETYPE": "St", "FEDIRS": null, "FRADDL": 1600.0, "TOADDL": 1698.0, "FRADDR": 1601.0, "TOADDR": 1699.0 }, "geometry": { "type": "LineString", "coordinates": [ [ 24.901365, 36.046021 ], [ 24.899965, 36.045921 ] ] } },
{ "type": "Feature", "properties": { "TLID": 184646777, "FEDIRP": "S", "FENAME": "Achilleos", "FETYPE": "St", "FEDIRS": null, "FRADDL": 1500.0, "TOADDL": 1598.0, "FRADDR": 1501.0, "TOADDR": 1599.0 }, "geometry": { "type": "LineString", "coordinates": [ [ 24.902765, 36.046221 ], [ 24.901365, 36.046021 ] ] } },
{ "type": "Feature", "properties": { "TLID": 184646778, "FEDIRP": "S", "FENAME": "Honoliau", "FETYPE": "Ave", "FEDIRS": null, "FRADDL": 1101.0, "TOADDL": 1199.0, "FRADDR": 1100.0, "TOADDR": 1198.0 }, "geometry": { "type": "LineString", "coordinates": [ [ 24.902765, 36.046221 ], [ 24.902965, 36.045121 ] ] } },
{ "type": "Feature", "properties": { "TLID": 184646779, "FEDIRP": "S", "FENAME": "Ermou", "FETYPE": "St", "FEDIRS": null, "FRADDL": 1400.0, "TOADDL": 1498.0, "FRADDR": 1401.0, "TOADDR": 1499.0 }, "geometry": { "type": "LineString", "coordinates": [ [ 24.903765, 36.048421 ], [ 24.902365, 36.048221 ] ] } },
{ "type": "Feature", "properties": { "TLID": 184646780, "FEDIRP": "S", "FENAME": "Schaber", "FETYPE": "Ave", "FEDIRS": null, "FRADDL": 901.0, "TOADDL": 1099.0, "FRADDR": 900.0, "TOADDR": 1098.0 }, "geometry": { "type": "LineString", "coordinates": [ [ 24.903765, 36.048421 ], [ 24.904165, 36.046421 ] ] } },
{ "type": "Feature", "properties": { "TLID": 184646781, "FEDIRP": "S", "FENAME": "Achilleos", "FETYPE": "St", "FEDIRS": null, "FRADDL": 1400.0, "TOADDL": 1498.0, "FRADDR": 1401.0, "TOADDR": 1499.0 }, "geometry": { "type": "LineString", "coordinates": [ [ 24.904165, 36.046421 ], [ 24.902765, 36.046221 ] ] } },
{ "type": "Feature", "properties": { "TLID": 184646782, "FEDIRP": "S", "FENAME": "Schaber", "FETYPE": "Ave", "FEDIRS": null, "FRADDL": 1101.0, "TOADDL": 1199.0, "FRADDR": 1100.0, "TOADDR": 1198.0 }, "geometry": { "type": "LineString", "coordinates": [ [ 24.904165, 36.046421 ], [ 24.904465, 36.045321 ] ] } },
{ "type": "Feature", "properties": { "TLID": 184646783, "FEDIRP": "S", "FENAME": "Egeou", "FETYPE": "Ave", "FEDIRS": null, "FRADDL": 1300.0, "TOADDL": 1398.0, "FRADDR": 1301.0, "TOADDR": 1399.0 }, "geometry": { "type": "LineString", "coordinates": [ [ 24.904465, 36.051621 ], [ 24.902965, 36.051521 ] ] } },
{ "type": "Feature", "properties": { "TLID": 184646784, "FEDIRP": "S", "FENAME": "Menelaou", "FETYPE": "St", "FEDIRS": null, "FRADDL": 601.0, "TOADDL": 699.0, "FRADDR": 600.0, "TOADDR": 698.0 }, "geometry": { "type": "LineString", "coordinates": [ [ 24.904465, 36.051621 ], [ 24.904765, 36.050621 ] ] } },
{ "type": "Feature", "properties": { "TLID": 184646785, "FEDIRP": "S", "FENAME": "Egeou", "FETYPE": "Ave", "FEDIRS": null, "FRADDL": 1200.0, "TOADDL": 1298.0, "FRADDR": 1201.0, "TOADDR": 1299.0 }, "geometry": { "type": "LineString", "coordinates": [ [ 24.905965, 36.051821 ], [ 24.904465, 36.051621 ] ] } },
{ "type": "Feature", "properties": { "TLID": 184646786, "FEDIRP": "S", "FENAME": "Maskin", "FETYPE": "St", "FEDIRS": null, "FRADDL": 601.0, "TOADDL": 699.0, "FRADDR": 600.0, "TOADDR": 698.0 }, "geometry": { "type": "LineString", "coordinates": [ [ 24.905965, 36.051821 ], [ 24.906165, 36.050821 ] ] } },
{ "type": "Feature", "properties": { "TLID": 184646787, "FEDIRP": "S", "FENAME": "Eleftherias", "FETYPE": "St", "FEDIRS": null, "FRADDL": 1300.0, "TOADDL": 1398.0, "FRADDR": 1301.0, "TOADDR": 1399.0 }, "geometry": { "type": "LineString", "coordinates": [ [ 24.904765, 36.050621 ], [ 24.903265, 36.050421 ] ] } },
{ "type": "Feature", "properties": { "TLID": 184646788, "FEDIRP": "S", "FENAME": "Menelaou", "FETYPE": "St", "FEDIRS": null, "FRADDL": 701.0, "TOADDL": 799.0, "FRADDR": 700.0, "TOADDR": 798.0 }, "geometry": { "type": "LineString", "coordinates": [ [ 24.904765, 36.050621 ], [ 24.904965, 36.049621 ] ] } },
{ "type": "Feature", "properties": { "TLID": 184646789, "FEDIRP": "S", "FENAME": "Els", "FETYPE": "St", "FEDIRS": null, "FRADDL": 1300.0, "TOADDL": 1398.0, "FRADDR": 1301.0, "TOADDR": 1399.0 }, "geometry": { "type": "LineString", "coordinates": [ [ 24.904965, 36.049621 ], [ 24.903565, 36.049421 ] ] } },
{ "type": "Feature", "properties": { "TLID": 184646790, "FEDIRP": "S", "FENAME": "Menelaou", "FETYPE": "St", "FEDIRS": null, "FRADDL": 801.0, "TOADDL": 899.0, "FRADDR": 800.0, "TOADDR": 898.0 }, "geometry": { "type": "LineString", "coordinates": [ [ 24.904965, 36.049621 ], [ 24.905165, 36.048621 ] ] } },
{ "type": "Feature", "properties": { "TLID": 184646791, "FEDIRP": "S", "FENAME": "Eleftherias", "FETYPE": "St", "FEDIRS": null, "FRADDL": 1200.0, "TOADDL": 1298.0, "FRADDR": 1201.0, "TOADDR": 1299.0 }, "geometry": { "type": "LineString", "coordinates": [ [ 24.906165, 36.050821 ], [ 24.904765, 36.050621 ] ] } },
{ "type": "Feature", "properties": { "TLID": 184646792, "FEDIRP": "S", "FENAME": "Maskin", "FETYPE": "St", "FEDIRS": null, "FRADDL": 701.0, "TOADDL": 799.0, "FRADDR": 700.0, "TOADDR": 798.0 }, "geometry": { "type": "LineString", "coordinates": [ [ 24.906165, 36.050821 ], [ 24.906365, 36.049721 ] ] } },
{ "type": "Feature", "properties": { "TLID": 184646793, "FEDIRP": "S", "FENAME": "Egeou", "FETYPE": "Ave", "FEDIRS": null, "FRADDL": 1100.0, "TOADDL": 1198.0, "FRADDR": 1101.0, "TOADDR": 1199.0 }, "geometry": { "type": "LineString", "coordinates": [ [ 24.907365, 36.052021 ], [ 24.905965, 36.051821 ] ] } },
{ "type": "Feature", "properties": { "TLID": 184646794, "FEDIRP": null, "FENAME": "Narwhal", "FETYPE": "Way", "FEDIRS": null, "FRADDL": 601.0, "TOADDL": 699.0, "FRADDR": 600.0, "TOADDR": 698.0 }, "geometry": { "type": "LineString", "coordinates": [ [ 24.907365, 36.052021 ], [ 24.907765, 36.050921 ] ] } },
{ "type": "Feature", "properties": { "TLID": 184646795, "FEDIRP": "S", "FENAME": "Els", "FETYPE": "St", "FEDIRS": null, "FRADDL": 1200.0, "TOADDL": 1298.0, "FRADDR": 1201.0, "TOADDR": 1299.0 }, "geometry": { "type": "LineString", "coordinates": [ [ 24.906365, 36.049721 ], [ 24.904965, 36.049621 ] ] } },
{ "type": "Feature", "properties": { "TLID": 184646796, "FEDIRP": "S", "FENAME": "Maskin", "FETYPE": "St", "FEDIRS": null, "FRADDL": 801.0, "TOADDL": 899.0, "FRADDR": 800.0, "TOADDR": 898.0 }, "geometry": { "type": "LineString", "coordinates": [ [ 24.906365, 36.049721 ], [ 24.906565, 36.048721 ] ] } },
{ "type": "Feature", "properties": { "TLID": 184646797, "FEDIRP": "S", "FENAME": "Ermou", "FETYPE": "St", "FEDIRS": null, "FRADDL": 1300.0, "TOADDL": 1398.0, "FRADDR": 1301.0, "TOADDR": 1399.0 }, "geometry": { "type": "LineString", "coordinates": [ [ 24.905165, 36.048621 ], [ 24.903765, 36.048421 ] ] } },
{ "type": "Feature", "properties": { "TLID": 184646798, "FEDIRP": "S", "FENAME": "Menelaou", "FETYPE": "St", "FEDIRS": null, "FRADDL": 901.0, "TOADDL": 999.0, "FRADDR": 900.0, "TOADDR": 998.0 }, "geometry": { "type": "LineString", "coordinates": [ [ 24.905165, 36.048621 ], [ 24.905465, 36.047521 ] ] } },
{ "type": "Feature", "properties": { "TLID": 184646799, "FEDIRP": "S", "FENAME": "Menelaou", "FETYPE": "St", "FEDIRS": null, "FRADDL": 1001.0, "TOADDL": 1099.0, "FRADDR": 1000.0, "TOADDR": 1098.0 }, "geometry": { "type": "LineString", "coordinates": [ [ 24.905465, 36.047521 ], [ 24.905665, 36.046521 ] ] } },
{ "type": "Feature", "properties": { "TLID": 184646800, "FEDIRP": "S", "FENAME": "Achilleos", "FETYPE": "St", "FEDIRS": null, "FRADDL": 1300.0, "TOADDL": 1398.0, "FRADDR": 1301.0, "TOADDR": 1399.0 }, "geometry": { "type": "LineString", "coordinates": [ [ 24.905665, 36.046521 ], [ 24.904165, 36.046421 ] ] } },
{ "type": "Feature", "properties": { "TLID": 184646801, "FEDIRP": "S", "FENAME": "Menelaou", "FETYPE": "St", "FEDIRS": null, "FRADDL": 1101.0, "TOADDL": 1199.0, "FRADDR": 1100.0, "TOADDR": 1198.0 }, "geometry": { "type": "LineString", "coordinates": [ [ 24.905665, 36.046521 ], [ 24.905965, 36.045421 ] ] } },
{ "type": "Feature", "properties": { "TLID": 184646802, "FEDIRP": "S", "FENAME": "Ermou", "FETYPE": "St", "FEDIRS": null, "FRADDL": 1200.0, "TOADDL": 1298.0, "FRADDR": 1201.0, "TOADDR": 1299.0 }, "geometry": { "type": "LineString", "coordinates": [ [ 24.906565, 36.048721 ], [ 24.905165, 36.048621 ] ] } },
{ "type": "Feature", "properties": { "TLID": 184646803, "FEDIRP": "S", "FENAME": "Maskin", "FETYPE": "St", "FEDIRS": null, "FRADDL": 901.0, "TOADDL": 999.0, "FRADDR": 900.0, "TOADDR": 998.0 }, "geometry": { "type": "LineString", "coordinates": [ [ 24.906565, 36.048721 ], [ 24.906965, 36.047721 ] ] } },
{ "type": "Feature", "properties": { "TLID": 184646804, "FEDIRP": "S", "FENAME": "Acera", "FETYPE": "St", "FEDIRS": null, "FRADDL": 1200.0, "TOADDL": 1298.0, "FRADDR": 1201.0, "TOADDR": 1299.0 }, "geometry": { "type": "LineString", "coordinates": [ [ 24.906965, 36.047721 ], [ 24.905465, 36.047521 ] ] } },
{ "type": "Feature", "properties": { "TLID": 184646805, "FEDIRP": "S", "FENAME": "Maskin", "FETYPE": "St", "FEDIRS": null, "FRADDL": 1001.0, "TOADDL": 1099.0, "FRADDR": 1000.0, "TOADDR": 1098.0 }, "geometry": { "type": "LineString", "coordinates": [ [ 24.906965, 36.047721 ], [ 24.907165, 36.046721 ] ] } },
{ "type": "Feature", "properties": { "TLID": 184646807, "FEDIRP": "S", "FENAME": "Maskin", "FETYPE": "St", "FEDIRS": null, "FRADDL": 1101.0, "TOADDL": 1199.0, "FRADDR": 1100.0, "TOADDR": 1198.0 }, "geometry": { "type": "LineString", "coordinates": [ [ 24.907165, 36.046721 ], [ 24.907465, 36.045621 ] ] } },
{ "type": "Feature", "properties": { "TLID": 184646811, "FEDIRP": "S", "FENAME": "Agentes", "FETYPE": "St", "FEDIRS": null, "FRADDL": 1400.0, "TOADDL": 1498.0, "FRADDR": 1401.0, "TOADDR": 1499.0 }, "geometry": { "type": "LineString", "coordinates": [ [ 24.904465, 36.045321 ], [ 24.902965, 36.045121 ] ] } },
{ "type": "Feature", "properties": { "TLID": 184646813, "FEDIRP": "S", "FENAME": "Agentes", "FETYPE": "St", "FEDIRS": null, "FRADDL": 1300.0, "TOADDL": 1398.0, "FRADDR": 1301.0, "TOADDR": 1399.0 }, "geometry": { "type": "LineString", "coordinates": [ [ 24.905965, 36.045421 ], [ 24.904465, 36.045321 ] ] } },
{ "type": "Feature", "properties": { "TLID": 184646817, "FEDIRP": "S", "FENAME": "Eleftherias", "FETYPE": "St", "FEDIRS": null, "FRADDL": 1100.0, "TOADDL": 1198.0, "FRADDR": 1101.0, "TOADDR": 1199.0 }, "geometry": { "type": "LineString", "coordinates": [ [ 24.907765, 36.050921 ], [ 24.906165, 36.050821 ] ] } },
{ "type": "Feature", "properties": { "TLID": 184646818, "FEDIRP": null, "FENAME": "Narwhal", "FETYPE": "Way", "FEDIRS": null, "FRADDL": 701.0, "TOADDL": 799.0, "FRADDR": 700.0, "TOADDR": 798.0 }, "geometry": { "type": "LineString", "coordinates": [ [ 24.907765, 36.050921 ], [ 24.907865, 36.049921 ] ] } },
{ "type": "Feature", "properties": { "TLID": 184646819, "FEDIRP": "S", "FENAME": "Egeou", "FETYPE": "Ave", "FEDIRS": null, "FRADDL": 1000.0, "TOADDL": 1098.0, "FRADDR": 1001.0, "TOADDR": 1099.0 }, "geometry": { "type": "LineString", "coordinates": [ [ 24.908765, 36.052121 ], [ 24.907365, 36.052021 ] ] } },
{ "type": "Feature", "properties": { "TLID": 184646820, "FEDIRP": "S", "FENAME": "Livit", "FETYPE": "St", "FEDIRS": null, "FRADDL": 601.0, "TOADDL": 699.0, "FRADDR": 600.0, "TOADDR": 698.0 }, "geometry": { "type": "LineString", "coordinates": [ [ 24.908765, 36.052121 ], [ 24.909165, 36.051121 ] ] } },
{ "type": "Feature", "properties": { "TLID": 184646821, "FEDIRP": "S", "FENAME": "Eleftherias", "FETYPE": "St", "FEDIRS": null, "FRADDL": 1000.0, "TOADDL": 1098.0, "FRADDR": 1001.0, "TOADDR": 1099.0 }, "geometry": { "type": "LineString", "coordinates": [ [ 24.909165, 36.051121 ], [ 24.907765, 36.050921 ] ] } },
{ "type": "Feature", "properties": { "TLID": 184646822, "FEDIRP": "S", "FENAME": "Livit", "FETYPE": "St", "FEDIRS": null, "FRADDL": 701.0, "TOADDL": 799.0, "FRADDR": 700.0, "TOADDR": 798.0 }, "geometry": { "type": "LineString", "coordinates": [ [ 24.909165, 36.051121 ], [ 24.909265, 36.050021 ] ] } },
{ "type": "Feature", "properties": { "TLID": 184646823, "FEDIRP": "S", "FENAME": "Els", "FETYPE": "St", "FEDIRS": null, "FRADDL": 1100.0, "TOADDL": 1198.0, "FRADDR": 1101.0, "TOADDR": 1199.0 }, "geometry": { "type": "LineString", "coordinates": [ [ 24.907865, 36.049921 ], [ 24.906365, 36.049721 ] ] } },
{ "type": "Feature", "properties": { "TLID": 184646824, "FEDIRP": null, "FENAME": "Narwhal", "FETYPE": "Way", "FEDIRS": null, "FRADDL": 801.0, "TOADDL": 899.0, "FRADDR": 800.0, "TOADDR": 898.0 }, "geometry": { "type": "LineString", "coordinates": [ [ 24.907865, 36.049921 ], [ 24.908065, 36.048921 ] ] } },
{ "type": "Feature", "properties": { "TLID": 184646830, "FEDIRP": "S", "FENAME": "Els", "FETYPE": "St", "FEDIRS": null, "FRADDL": 1000.0, "TOADDL": 1098.0, "FRADDR": 1001.0, "TOADDR": 1099.0 }, "geometry": { "type": "LineString", "coordinates": [ [ 24.909265, 36.050021 ], [ 24.907865, 36.049921 ] ] } },
{ "type": "Feature", "properties": { "TLID": 184646831, "FEDIRP": "S", "FENAME": "Livit", "FETYPE": "St", "FEDIRS": null, "FRADDL": 801.0, "TOADDL": 899.0, "FRADDR": 800.0, "TOADDR": 898.0 }, "geometry": { "type": "LineString", "coordinates": [ [ 24.909265, 36.050021 ], [ 24.909465, 36.049021 ] ] } },
{ "type": "Feature", "properties": { "TLID": 184646834, "FEDIRP": "S", "FENAME": "Ermou", "FETYPE": "St", "FEDIRS": null, "FRADDL": 1100.0, "TOADDL": 1198.0, "FRADDR": 1101.0, "TOADDR": 1199.0 }, "geometry": { "type": "LineString", "coordinates": [ [ 24.908065, 36.048921 ], [ 24.906565, 36.048721 ] ] } },
{ "type": "Feature", "properties": { "TLID": 184646835, "FEDIRP": null, "FENAME": "Narwhal", "FETYPE": "Way", "FEDIRS": null, "FRADDL": 901.0, "TOADDL": 999.0, "FRADDR": 900.0, "TOADDR": 998.0 }, "geometry": { "type": "LineString", "coordinates": [ [ 24.908065, 36.048921 ], [ 24.908365, 36.047921 ] ] } },
{ "type": "Feature", "properties": { "TLID": 184646836, "FEDIRP": "S", "FENAME": "Acera", "FETYPE": "St", "FEDIRS": null, "FRADDL": 1100.0, "TOADDL": 1198.0, "FRADDR": 1101.0, "TOADDR": 1199.0 }, "geometry": { "type": "LineString", "coordinates": [ [ 24.908365, 36.047921 ], [ 24.906965, 36.047721 ] ] } },
{ "type": "Feature", "properties": { "TLID": 184646837, "FEDIRP": null, "FENAME": "Narwhal", "FETYPE": "Way", "FEDIRS": null, "FRADDL": 1001.0, "TOADDL": 1099.0, "FRADDR": 1022.0, "TOADDR": 1098.0 }, "geometry": { "type": "LineString", "coordinates": [ [ 24.908365, 36.047921 ], [ 24.908565, 36.046821 ] ] } },
{ "type": "Feature", "properties": { "TLID": 184646838, "FEDIRP": "S", "FENAME": "Achilleos", "FETYPE": "St", "FEDIRS": null, "FRADDL": 1100.0, "TOADDL": 1198.0, "FRADDR": 1101.0, "TOADDR": 1199.0 }, "geometry": { "type": "LineString", "coordinates": [ [ 24.908565, 36.046821 ], [ 24.907165, 36.046721 ] ] } },
{ "type": "Feature", "properties": { "TLID": 184646839, "FEDIRP": null, "FENAME": "Narwhal", "FETYPE": "Way", "FEDIRS": null, "FRADDL": 1101.0, "TOADDL": 1199.0, "FRADDR": 1100.0, "TOADDR": 1198.0 }, "geometry": { "type": "LineString", "coordinates": [ [ 24.908565, 36.046821 ], [ 24.908765, 36.045821 ] ] } },
{ "type": "Feature", "properties": { "TLID": 184646840, "FEDIRP": "S", "FENAME": "Ermou", "FETYPE": "St", "FEDIRS": null, "FRADDL": 1000.0, "TOADDL": 1098.0, "FRADDR": 1001.0, "TOADDR": 1099.0 }, "geometry": { "type": "LineString", "coordinates": [ [ 24.909465, 36.049021 ], [ 24.908065, 36.048921 ] ] } },
{ "type": "Feature", "properties": { "TLID": 184646841, "FEDIRP": "S", "FENAME": "Livit", "FETYPE": "St", "FEDIRS": null, "FRADDL": 901.0, "TOADDL": 999.0, "FRADDR": 900.0, "TOADDR": 998.0 }, "geometry": { "type": "LineString", "coordinates": [ [ 24.909465, 36.049021 ], [ 24.909765, 36.048021 ] ] } },
{ "type": "Feature", "properties": { "TLID": 184646842, "FEDIRP": "S", "FENAME": "Acera", "FETYPE": "St", "FEDIRS": null, "FRADDL": 1000.0, "TOADDL": 1098.0, "FRADDR": 1001.0, "TOADDR": 1099.0 }, "geometry": { "type": "LineString", "coordinates": [ [ 24.909765, 36.048021 ], [ 24.908365, 36.047921 ] ] } },
{ "type": "Feature", "properties": { "TLID": 184646843, "FEDIRP": "S", "FENAME": "Livit", "FETYPE": "St", "FEDIRS": null, "FRADDL": 1001.0, "TOADDL": 1099.0, "FRADDR": 1000.0, "TOADDR": 1098.0 }, "geometry": { "type": "LineString", "coordinates": [ [ 24.909765, 36.048021 ], [ 24.909965, 36.047021 ] ] } },
{ "type": "Feature", "properties": { "TLID": 184646844, "FEDIRP": "S", "FENAME": "Achilleos", "FETYPE": "St", "FEDIRS": null, "FRADDL": 1000.0, "TOADDL": 1098.0, "FRADDR": 1001.0, "TOADDR": 1099.0 }, "geometry": { "type": "LineString", "coordinates": [ [ 24.909965, 36.047021 ], [ 24.908565, 36.046821 ] ] } },
{ "type": "Feature", "properties": { "TLID": 184646876, "FEDIRP": "S", "FENAME": "Agentes", "FETYPE": "St", "FEDIRS": null, "FRADDL": 1100.0, "TOADDL": 1198.0, "FRADDR": 1101.0, "TOADDR": 1199.0 }, "geometry": { "type": "LineString", "coordinates": [ [ 24.908765, 36.045821 ], [ 24.907465, 36.045621 ] ] } },
{ "type": "Feature", "properties": { "TLID": 184652623, "FEDIRP": "N", "FENAME": "Diogenous", "FETYPE": "St", "FEDIRS": null, "FRADDL": 6352.0, "TOADDL": 6398.0, "FRADDR": 6353.0, "TOADDR": 6399.0 }, "geometry": { "type": "LineString", "coordinates": [ [ 24.838827, 36.09082 ], [ 24.837463, 36.09082 ] ] } },
{ "type": "Feature", "properties": { "TLID": 184652625, "FEDIRP": "N", "FENAME": "Thermopilon", "FETYPE": "St", "FEDIRS": null, "FRADDL": 4946.0, "TOADDL": 4998.0, "FRADDR": 4961.0, "TOADDR": 4999.0 }, "geometry": { "type": "LineString", "coordinates": [ [ 24.839163, 36.090977 ], [ 24.839163, 36.09132 ] ] } },
{ "type": "Feature", "properties": { "TLID": 184652627, "FEDIRP": "N", "FENAME": "Diogenous", "FETYPE": "St", "FEDIRS": null, "FRADDL": 6204.0, "TOADDL": 6214.0, "FRADDR": 6205.0, "TOADDR": 6215.0 }, "geometry": { "type": "LineString", "coordinates": [ [ 24.840044, 36.09132 ], [ 24.839163, 36.09132 ] ] } },
{ "type": "Feature", "properties": { "TLID": 184652629, "FEDIRP": "N", "FENAME": "Gerantoni", "FETYPE": "St", "FEDIRS": null, "FRADDL": 5006.0, "TOADDL": 5098.0, "FRADDR": 5013.0, "TOADDR": 5099.0 }, "geometry": { "type": "LineString", "coordinates": [ [ 24.840373, 36.091464 ], [ 24.840463, 36.09282 ] ] } },
{ "type": "Feature", "properties": { "TLID": 184652631, "FEDIRP": "N", "FENAME": "Ionnanon", "FETYPE": "St", "FEDIRS": null, "FRADDL": 5020.0, "TOADDL": 5098.0, "FRADDR": 5019.0, "TOADDR": 5099.0 }, "geometry": { "type": "LineString", "coordinates": [ [ 24.841711, 36.091833 ], [ 24.841763, 36.09282 ] ] } },
{ "type": "Feature", "properties": { "TLID": 184652633, "FEDIRP": "N", "FENAME": "Tzavella", "FETYPE": "St", "FEDIRS": null, "FRADDL": 5032.0, "TOADDL": 5098.0, "FRADDR": 5031.0, "TOADDR": 5099.0 }, "geometry": { "type": "LineString", "coordinates": [ [ 24.843063, 36.092166 ], [ 24.843063, 36.09282 ] ] } },
{ "type": "Feature", "properties": { "TLID": 184652635, "FEDIRP": "N", "FENAME": "Pilau", "FETYPE": "St", "FEDIRS": null, "FRADDL": 5028.0, "TOADDL": 5098.0, "FRADDR": 5017.0, "TOADDR": 5099.0 }, "geometry": { "type": "LineString", "coordinates": [ [ 24.844447, 36.092324 ], [ 24.844463, 36.09282 ] ] } },
{ "type": "Feature", "properties": { "TLID": 184652637, "FEDIRP": "N", "FENAME": "Leeno", "FETYPE": "St", "FEDIRS": null, "FRADDL": 5038.0, "TOADDL": 5098.0, "FRADDR": 5027.0, "TOADDR": 5099.0 }, "geometry": { "type": "LineString", "coordinates": [ [ 24.845741, 36.092391 ], [ 24.845721, 36.092837 ] ] } },
{ "type": "Feature", "properties": { "TLID": 184652639, "FEDIRP": "N", "FENAME": "Yonille", "FETYPE": "St", "FEDIRS": null, "FRADDL": 5084.0, "TOADDL": 5098.0, "FRADDR": 5071.0, "TOADDR": 5099.0 }, "geometry": { "type": "LineString", "coordinates": [ [ 24.847035, 36.09243 ], [ 24.847063, 36.09282 ] ] } },
{ "type": "Feature", "properties": { "TLID": 184652727, "FEDIRP": null, "FENAME": "Skaldis", "FETYPE": null, "FEDIRS": null, "FRADDL": null, "TOADDL": null, "FRADDR": null, "TOADDR": null }, "geometry": { "type": "LineString", "coordinates": [ [ 24.833689, 36.053109 ], [ 24.828771, 36.053106 ] ] } },
{ "type": "Feature", "properties": { "TLID": 184652729, "FEDIRP": null, "FENAME": "Skaldis", "FETYPE": null, "FEDIRS": null, "FRADDL": null, "TOADDL": null, "FRADDR": null, "TOADDR": null }, "geometry": { "type": "LineString", "coordinates": [ [ 24.828771, 36.053106 ], [ 24.825756, 36.053151 ] ] } },
{ "type": "Feature", "properties": { "TLID": 184652731, "FEDIRP": null, "FENAME": "Skaldis", "FETYPE": null, "FEDIRS": null, "FRADDL": null, "TOADDL": null, "FRADDR": null, "TOADDR": null }, "geometry": { "type": "LineString", "coordinates": [ [ 24.825756, 36.053151 ], [ 24.825413, 36.053166 ] ] } },
{ "type": "Feature", "properties": { "TLID": 184653020, "FEDIRP": "N", "FENAME": "Polvo", "FETYPE": "St", "FEDIRS": null, "FRADDL": 2399.0, "TOADDL": 2201.0, "FRADDR": 2398.0, "TOADDR": 2200.0 }, "geometry": { "type": "LineString", "coordinates": [ [ 24.871464, 36.06382 ], [ 24.871464, 36.06292 ] ] } },
{ "type": "Feature", "properties": { "TLID": 184653030, "FEDIRP": null, "FENAME": "Narwhal", "FETYPE": "Way", "FEDIRS": null, "FRADDL": 407.0, "TOADDL": 499.0, "FRADDR": 406.0, "TOADDR": 498.0 }, "geometry": { "type": "LineString", "coordinates": [ [ 24.906876, 36.053967 ], [ 24.907065, 36.053021 ] ] } },
{ "type": "Feature", "properties": { "TLID": 184656093, "FEDIRP": null, "FENAME": "Grammou", "FETYPE": null, "FEDIRS": null, "FRADDL": null, "TOADDL": null, "FRADDR": null, "TOADDR": null }, "geometry": { "type": "LineString", "coordinates": [ [ 24.834501, 36.085806 ], [ 24.834696, 36.085824 ] ] } },
{ "type": "Feature", "properties": { "TLID": 184656095, "FEDIRP": "N", "FENAME": "Inuti", "FETYPE": "Dr", "FEDIRS": null, "FRADDL": 4642.0, "TOADDL": 4698.0, "FRADDR": 4643.0, "TOADDR": 4699.0 }, "geometry": { "type": "LineString", "coordinates": [ [ 24.837263, 36.08672 ], [ 24.836463, 36.08672 ] ] } },
{ "type": "Feature", "properties": { "TLID": 184656099, "FEDIRP": "N", "FENAME": "Hallanol", "FETYPE": "Dr", "FEDIRS": null, "FRADDL": 3200.0, "TOADDL": 3298.0, "FRADDR": 3201.0, "TOADDR": 3299.0 }, "geometry": { "type": "LineString", "coordinates": [ [ 24.8408, 36.071549 ], [ 24.84054, 36.071725 ], [ 24.840342, 36.071763 ], [ 24.839884, 36.071725 ] ] } },
{ "type": "Feature", "properties": { "TLID": 184656104, "FEDIRP": null, "FENAME": null, "FETYPE": null, "FEDIRS": null, "FRADDL": null, "TOADDL": null, "FRADDR": null, "TOADDR": null }, "geometry": { "type": "LineString", "coordinates": [ [ 24.838541, 36.059609 ], [ 24.838084, 36.059213 ], [ 24.837824, 36.058976 ], [ 24.837763, 36.058404 ], [ 24.837702, 36.058213 ], [ 24.837626, 36.058091 ], [ 24.836863, 36.057923 ] ] } },
{ "type": "Feature", "properties": { "TLID": 184656114, "FEDIRP": "N", "FENAME": "Sialens", "FETYPE": "Pl", "FEDIRS": null, "FRADDL": 7309.0, "TOADDL": 7313.0, "FRADDR": 7308.0, "TOADDR": 7324.0 }, "geometry": { "type": "LineString", "coordinates": [ [ 24.82635, 36.051934 ], [ 24.824702, 36.052514 ] ] } },
{ "type": "Feature", "properties": { "TLID": 184656116, "FEDIRP": null, "FENAME": null, "FETYPE": null, "FEDIRS": null, "FRADDL": null, "TOADDL": null, "FRADDR": null, "TOADDR": null }, "geometry": { "type": "LineString", "coordinates": [ [ 24.835563, 36.046536 ], [ 24.837261, 36.046556 ], [ 24.837245, 36.04622 ] ] } },
{ "type": "Feature", "properties": { "TLID": 184656124, "FEDIRP": "N", "FENAME": "Desafio", "FETYPE": "St", "FEDIRS": null, "FRADDL": 5624.0, "TOADDL": 5698.0, "FRADDR": 5625.0, "TOADDR": 5699.0 }, "geometry": { "type": "LineString", "coordinates": [ [ 24.845463, 36.08952 ], [ 24.844463, 36.08952 ] ] } },
{ "type": "Feature", "properties": { "TLID": 184656126, "FEDIRP": null, "FENAME": "Reto", "FETYPE": "Way", "FEDIRS": null, "FRADDL": null, "TOADDL": null, "FRADDR": null, "TOADDR": null }, "geometry": { "type": "LineString", "coordinates": [ [ 24.846357, 36.090144 ], [ 24.846936, 36.090123 ] ] } },
{ "type": "Feature", "properties": { "TLID": 184656128, "FEDIRP": "N", "FENAME": "Delfon", "FETYPE": "St", "FEDIRS": null, "FRADDL": 6108.0, "TOADDL": 6198.0, "FRADDR": 6109.0, "TOADDR": 6199.0 }, "geometry": { "type": "LineString", "coordinates": [ [ 24.841463, 36.08562 ], [ 24.840363, 36.08562 ] ] } },
{ "type": "Feature", "properties": { "TLID": 184656132, "FEDIRP": "N", "FENAME": "Dentro", "FETYPE": "St", "FEDIRS": null, "FRADDL": 5400.0, "TOADDL": 5448.0, "FRADDR": 5341.0, "TOADDR": 5499.0 }, "geometry": { "type": "LineString", "coordinates": [ [ 24.84964, 36.086334 ], [ 24.849532, 36.086315 ] ] } },
{ "type": "Feature", "properties": { "TLID": 184656134, "FEDIRP": "N", "FENAME": "Leeno", "FETYPE": "St", "FEDIRS": null, "FRADDL": 4100.0, "TOADDL": 4198.0, "FRADDR": 4101.0, "TOADDR": 4199.0 }, "geometry": { "type": "LineString", "coordinates": [ [ 24.845906, 36.081179 ], [ 24.845956, 36.081826 ] ] } },
{ "type": "Feature", "properties": { "TLID": 184656138, "FEDIRP": "N", "FENAME": "Scarkeme", "FETYPE": "St", "FEDIRS": null, "FRADDL": null, "TOADDL": null, "FRADDR": null, "TOADDR": null }, "geometry": { "type": "LineString", "coordinates": [ [ 24.849681, 36.081069 ], [ 24.849632, 36.081709 ] ] } },
{ "type": "Feature", "properties": { "TLID": 184656145, "FEDIRP": "N", "FENAME": "Valmai", "FETYPE": "St", "FEDIRS": null, "FRADDL": 4752.0, "TOADDL": 4902.0, "FRADDR": 4721.0, "TOADDR": 4999.0 }, "geometry": { "type": "LineString", "coordinates": [ [ 24.859163, 36.08902 ], [ 24.857463, 36.08942 ] ] } },
{ "type": "Feature", "properties": { "TLID": 184656153, "FEDIRP": "N", "FENAME": "Pilau", "FETYPE": "St", "FEDIRS": null, "FRADDL": 3198.0, "TOADDL": 3298.0, "FRADDR": 3037.0, "TOADDR": 3047.0 }, "geometry": { "type": "LineString", "coordinates": [ [ 24.844314, 36.071451 ], [ 24.844263, 36.07242 ] ] } },
{ "type": "Feature", "properties": { "TLID": 184656155, "FEDIRP": "N", "FENAME": "Pilau", "FETYPE": "St", "FEDIRS": null, "FRADDL": 3074.0, "TOADDL": 3098.0, "FRADDR": 3023.0, "TOADDR": 3025.0 }, "geometry": { "type": "LineString", "coordinates": [ [ 24.844363, 36.07022 ], [ 24.844363, 36.07052 ] ] } },
{ "type": "Feature", "properties": { "TLID": 184656157, "FEDIRP": "N", "FENAME": "Anrop", "FETYPE": "St", "FEDIRS": null, "FRADDL": 6138.0, "TOADDL": 6198.0, "FRADDR": 6121.0, "TOADDR": 6199.0 }, "geometry": { "type": "LineString", "coordinates": [ [ 24.841363, 36.06342 ], [ 24.840563, 36.06342 ] ] } },
{ "type": "Feature", "properties": { "TLID": 184656159, "FEDIRP": null, "FENAME": null, "FETYPE": null, "FEDIRS": null, "FRADDL": null, "TOADDL": null, "FRADDR": null, "TOADDR": null }, "geometry": { "type": "LineString", "coordinates": [ [ 24.839544, 36.05953 ], [ 24.839442, 36.059861 ], [ 24.838984, 36.059869 ], [ 24.838541, 36.059609 ] ] } },
{ "type": "Feature", "properties": { "TLID": 184656164, "FEDIRP": null, "FENAME": null, "FETYPE": null, "FEDIRS": null, "FRADDL": null, "TOADDL": null, "FRADDR": null, "TOADDR": null }, "geometry": { "type": "LineString", "coordinates": [ [ 24.839676, 36.058705 ], [ 24.839641, 36.059213 ], [ 24.839544, 36.05953 ] ] } },
{ "type": "Feature", "properties": { "TLID": 184656166, "FEDIRP": "N", "FENAME": "Blant", "FETYPE": "St", "FEDIRS": null, "FRADDL": 5402.0, "TOADDL": 5498.0, "FRADDR": 5401.0, "TOADDR": 5499.0 }, "geometry": { "type": "LineString", "coordinates": [ [ 24.850963, 36.07802 ], [ 24.849763, 36.07802 ] ] } },
{ "type": "Feature", "properties": { "TLID": 184656168, "FEDIRP": "N", "FENAME": "Els", "FETYPE": "St", "FEDIRS": null, "FRADDL": 4430.0, "TOADDL": 4598.0, "FRADDR": 4501.0, "TOADDR": 4599.0 }, "geometry": { "type": "LineString", "coordinates": [ [ 24.862464, 36.05192 ], [ 24.861064, 36.05192 ] ] } },
{ "type": "Feature", "properties": { "TLID": 184656171, "FEDIRP": "N", "FENAME": "Valmai", "FETYPE": "St", "FEDIRS": null, "FRADDL": 3644.0, "TOADDL": 3690.0, "FRADDR": 3713.0, "TOADDR": 3799.0 }, "geometry": { "type": "LineString", "coordinates": [ [ 24.875064, 36.07832 ], [ 24.874264, 36.07882 ] ] } },
{ "type": "Feature", "properties": { "TLID": 184656173, "FEDIRP": "N", "FENAME": "Utmana", "FETYPE": "St", "FEDIRS": null, "FRADDL": 3808.0, "TOADDL": 3898.0, "FRADDR": 3801.0, "TOADDR": 3899.0 }, "geometry": { "type": "LineString", "coordinates": [ [ 24.874764, 36.07772 ], [ 24.874764, 36.07802 ] ] } },
{ "type": "Feature", "properties": { "TLID": 184656181, "FEDIRP": "N", "FENAME": "Artakis", "FETYPE": "St", "FEDIRS": null, "FRADDL": 3726.0, "TOADDL": 3898.0, "FRADDR": 3729.0, "TOADDR": 3899.0 }, "geometry": { "type": "LineString", "coordinates": [ [ 24.87331, 36.067496 ], [ 24.871464, 36.06772 ] ] } },
{ "type": "Feature", "properties": { "TLID": 184656185, "FEDIRP": "N", "FENAME": "Avionos", "FETYPE": "St", "FEDIRS": null, "FRADDL": 2904.0, "TOADDL": 3098.0, "FRADDR": 2907.0, "TOADDR": 3099.0 }, "geometry": { "type": "LineString", "coordinates": [ [ 24.885764, 36.07112 ], [ 24.884064, 36.07112 ] ] } },
{ "type": "Feature", "properties": { "TLID": 184656187, "FEDIRP": "N", "FENAME": "Aveny", "FETYPE": "St", "FEDIRS": null, "FRADDL": 2900.0, "TOADDL": 2998.0, "FRADDR": 2903.0, "TOADDR": 2999.0 }, "geometry": { "type": "LineString", "coordinates": [ [ 24.887264, 36.06912 ], [ 24.885864, 36.06912 ] ] } },
{ "type": "Feature", "properties": { "TLID": 184656191, "FEDIRP": "N", "FENAME": "Evzonon", "FETYPE": "St", "FEDIRS": null, "FRADDL": 934.0, "TOADDL": 1098.0, "FRADDR": 931.0, "TOADDR": 949.0 }, "geometry": { "type": "LineString", "coordinates": [ [ 24.882465, 36.053821 ], [ 24.882465, 36.054721 ] ] } },
{ "type": "Feature", "properties": { "TLID": 184656202, "FEDIRP": "S", "FENAME": "Els", "FETYPE": "St", "FEDIRS": null, "FRADDL": null, "TOADDL": null, "FRADDR": 5294.0, "TOADDR": 5200.0 }, "geometry": { "type": "LineString", "coordinates": [ [ 24.851792, 36.048628 ], [ 24.853384, 36.048609 ] ] } },
{ "type": "Feature", "properties": { "TLID": 184656210, "FEDIRP": "S", "FENAME": "Utanfor", "FETYPE": "St", "FEDIRS": null, "FRADDL": 713.0, "TOADDL": 799.0, "FRADDR": 718.0, "TOADDR": 792.0 }, "geometry": { "type": "LineString", "coordinates": [ [ 24.879565, 36.049121 ], [ 24.879565, 36.048321 ] ] } },
{ "type": "Feature", "properties": { "TLID": 184656212, "FEDIRP": "S", "FENAME": "Ermou", "FETYPE": "St", "FEDIRS": null, "FRADDL": 3400.0, "TOADDL": 3498.0, "FRADDR": 3401.0, "TOADDR": 3499.0 }, "geometry": { "type": "LineString", "coordinates": [ [ 24.879565, 36.047421 ], [ 24.878065, 36.04742 ] ] } },
{ "type": "Feature", "properties": { "TLID": 184656239, "FEDIRP": null, "FENAME": "Pamassou", "FETYPE": "Rd", "FEDIRS": null, "FRADDL": 100.0, "TOADDL": 198.0, "FRADDR": 69.0, "TOADDR": 199.0 }, "geometry": { "type": "LineString", "coordinates": [ [ 24.891817, 36.065449 ], [ 24.891765, 36.066021 ] ] } },
{ "type": "Feature", "properties": { "TLID": 184656243, "FEDIRP": null, "FENAME": "Iroon", "FETYPE": "Rd", "FEDIRS": "N", "FRADDL": 100.0, "TOADDL": 198.0, "FRADDR": 101.0, "TOADDR": 199.0 }, "geometry": { "type": "LineString", "coordinates": [ [ 24.891006, 36.065186 ], [ 24.890865, 36.065421 ], [ 24.890865, 36.066521 ] ] } },
{ "type": "Feature", "properties": { "TLID": 184656245, "FEDIRP": "N", "FENAME": "Zefirou", "FETYPE": "Ave", "FEDIRS": null, "FRADDL": 2514.0, "TOADDL": 2598.0, "FRADDR": 2573.0, "TOADDR": 2599.0 }, "geometry": { "type": "LineString", "coordinates": [ [ 24.890465, 36.063121 ], [ 24.890065, 36.063121 ] ] } },
{ "type": "Feature", "properties": { "TLID": 184656247, "FEDIRP": "N", "FENAME": "Gondol", "FETYPE": "St", "FEDIRS": null, "FRADDL": 1058.0, "TOADDL": 2498.0, "FRADDR": 701.0, "TOADDR": 2499.0 }, "geometry": { "type": "LineString", "coordinates": [ [ 24.893465, 36.063621 ], [ 24.893465, 36.065221 ] ] } },
{ "type": "Feature", "properties": { "TLID": 184656813, "FEDIRP": "N", "FENAME": "Desafio", "FETYPE": "St", "FEDIRS": null, "FRADDL": 6575.0, "TOADDL": 6501.0, "FRADDR": null, "TOADDR": null }, "geometry": { "type": "LineString", "coordinates": [ [ 24.835063, 36.08922 ], [ 24.836363, 36.08922 ] ] } },
{ "type": "Feature", "properties": { "TLID": 184656815, "FEDIRP": null, "FENAME": "Rozarol", "FETYPE": "Rd", "FEDIRS": null, "FRADDL": null, "TOADDL": null, "FRADDR": null, "TOADDR": null }, "geometry": { "type": "LineString", "coordinates": [ [ 24.829141, 36.093202 ], [ 24.828965, 36.092895 ] ] } },
{ "type": "Feature", "properties": { "TLID": 184656816, "FEDIRP": null, "FENAME": "Rozarol", "FETYPE": "Rd", "FEDIRS": null, "FRADDL": 1.0, "TOADDL": 107.0, "FRADDR": 2.0, "TOADDR": 110.0 }, "geometry": { "type": "LineString", "coordinates": [ [ 24.828965, 36.092895 ], [ 24.82892, 36.092816 ], [ 24.828955, 36.092618 ], [ 24.829109, 36.092547 ], [ 24.829203, 36.092436 ], [ 24.829191, 36.092224 ], [ 24.829262, 36.092056 ], [ 24.829368, 36.091808 ], [ 24.829616, 36.091653 ], [ 24.829722, 36.09161 ], [ 24.829816, 36.091565 ], [ 24.829899, 36.091384 ], [ 24.829863, 36.091243 ], [ 24.829863, 36.091129 ], [ 24.829959, 36.090966 ], [ 24.830077, 36.090816 ], [ 24.830218, 36.090622 ] ] } },
{ "type": "Feature", "properties": { "TLID": 184656820, "FEDIRP": "N", "FENAME": "Gerantoni", "FETYPE": "St", "FEDIRS": null, "FRADDL": 5100.0, "TOADDL": 5298.0, "FRADDR": 5101.0, "TOADDR": 5199.0 }, "geometry": { "type": "LineString", "coordinates": [ [ 24.840463, 36.09282 ], [ 24.840463, 36.09432 ] ] } },
{ "type": "Feature", "properties": { "TLID": 184656828, "FEDIRP": "N", "FENAME": "Barabla", "FETYPE": "St", "FEDIRS": null, "FRADDL": null, "TOADDL": null, "FRADDR": 3098.0, "TOADDR": 3000.0 }, "geometry": { "type": "LineString", "coordinates": [ [ 24.883964, 36.07292 ], [ 24.885379, 36.072943 ] ] } },
{ "type": "Feature", "properties": { "TLID": 184656830, "FEDIRP": "N", "FENAME": "Medel", "FETYPE": "St", "FEDIRS": null, "FRADDL": null, "TOADDL": null, "FRADDR": 4298.0, "TOADDR": 4200.0 }, "geometry": { "type": "LineString", "coordinates": [ [ 24.835763, 36.08282 ], [ 24.835795, 36.082343 ] ] } },
{ "type": "Feature", "properties": { "TLID": 184656833, "FEDIRP": "N", "FENAME": "Camino", "FETYPE": "St", "FEDIRS": null, "FRADDL": null, "TOADDL": null, "FRADDR": 6605.0, "TOADDR": 6609.0 }, "geometry": { "type": "LineString", "coordinates": [ [ 24.83516, 36.08013 ], [ 24.834391, 36.080201 ] ] } },
{ "type": "Feature", "properties": { "TLID": 184656834, "FEDIRP": "N", "FENAME": "Medel", "FETYPE": "St", "FEDIRS": null, "FRADDL": null, "TOADDL": null, "FRADDR": 3898.0, "TOADDR": 3800.0 }, "geometry": { "type": "LineString", "coordinates": [ [ 24.83516, 36.08013 ], [ 24.835088, 36.078064 ] ] } },
{ "type": "Feature", "properties": { "TLID": 184656835, "FEDIRP": "N", "FENAME": "Blant", "FETYPE": "St", "FEDIRS": null, "FRADDL": null, "TOADDL": null, "FRADDR": null, "TOADDR": null }, "geometry": { "type": "LineString", "coordinates": [ [ 24.835088, 36.078064 ], [ 24.83339, 36.078073 ] ] } },
{ "type": "Feature", "properties": { "TLID": 184656836, "FEDIRP": null, "FENAME": "Obil", "FETYPE": "St", "FEDIRS": null, "FRADDL": 3800.0, "TOADDL": 4098.0, "FRADDR": 3801.0, "TOADDR": 4099.0 }, "geometry": { "type": "LineString", "coordinates": [ [ 24.83339, 36.078073 ], [ 24.833437, 36.080275 ] ] } },
{ "type": "Feature", "properties": { "TLID": 184656837, "FEDIRP": null, "FENAME": null, "FETYPE": null, "FEDIRS": null, "FRADDL": null, "TOADDL": null, "FRADDR": null, "TOADDR": null }, "geometry": { "type": "LineString", "coordinates": [ [ 24.834391, 36.080201 ], [ 24.833811, 36.080506 ], [ 24.833353, 36.080468 ] ] } },
{ "type": "Feature", "properties": { "TLID": 184656838, "FEDIRP": "N", "FENAME": "Camino", "FETYPE": "St", "FEDIRS": null, "FRADDL": 6699.0, "TOADDL": 6611.0, "FRADDR": null, "TOADDR": null }, "geometry": { "type": "LineString", "coordinates": [ [ 24.833437, 36.080275 ], [ 24.834391, 36.080201 ] ] } },
{ "type": "Feature", "properties": { "TLID": 184656841, "FEDIRP": "N", "FENAME": "Havet", "FETYPE": "Dr", "FEDIRS": null, "FRADDL": 3799.0, "TOADDL": 3701.0, "FRADDR": 3722.0, "TOADDR": 3700.0 }, "geometry": { "type": "LineString", "coordinates": [ [ 24.842599, 36.076895 ], [ 24.843553, 36.076884 ] ] } },
{ "type": "Feature", "properties": { "TLID": 184656842, "FEDIRP": "N", "FENAME": "Bilar", "FETYPE": "St", "FEDIRS": null, "FRADDL": 6034.0, "TOADDL": 6298.0, "FRADDR": 6013.0, "TOADDR": 6299.0 }, "geometry": { "type": "LineString", "coordinates": [ [ 24.842586, 36.07622 ], [ 24.841763, 36.07622 ], [ 24.839163, 36.07692 ] ] } },
{ "type": "Feature", "properties": { "TLID": 184656843, "FEDIRP": "N", "FENAME": "Ionnanon", "FETYPE": "St", "FEDIRS": null, "FRADDL": 3799.0, "TOADDL": 3701.0, "FRADDR": null, "TOADDR": null }, "geometry": { "type": "LineString", "coordinates": [ [ 24.842599, 36.076895 ], [ 24.842586, 36.07622 ] ] } },
{ "type": "Feature", "properties": { "TLID": 184656844, "FEDIRP": "N", "FENAME": "Tzavella", "FETYPE": "St", "FEDIRS": null, "FRADDL": 3799.0, "TOADDL": 3701.0, "FRADDR": null, "TOADDR": null }, "geometry": { "type": "LineString", "coordinates": [ [ 24.843597, 36.077536 ], [ 24.843553, 36.076884 ] ] } },
{ "type": "Feature", "properties": { "TLID": 184656845, "FEDIRP": "N", "FENAME": "Gerantoni", "FETYPE": "St", "FEDIRS": null, "FRADDL": 3899.0, "TOADDL": 3701.0, "FRADDR": 3898.0, "TOADDR": 3700.0 }, "geometry": { "type": "LineString", "coordinates": [ [ 24.841319, 36.079515 ], [ 24.841289, 36.078224 ], [ 24.84136, 36.078046 ], [ 24.841443, 36.077826 ], [ 24.841643, 36.077683 ], [ 24.841879, 36.077611 ], [ 24.842162, 36.077545 ], [ 24.842374, 36.077544 ], [ 24.843597, 36.077536 ] ] } },
{ "type": "Feature", "properties": { "TLID": 184656846, "FEDIRP": "N", "FENAME": "Pilau", "FETYPE": "St", "FEDIRS": null, "FRADDL": 3516.0, "TOADDL": 3522.0, "FRADDR": null, "TOADDR": null }, "geometry": { "type": "LineString", "coordinates": [ [ 24.844263, 36.074349 ], [ 24.844263, 36.07442 ] ] } },
{ "type": "Feature", "properties": { "TLID": 184656854, "FEDIRP": "N", "FENAME": "Alexandrias", "FETYPE": "St", "FEDIRS": null, "FRADDL": 6000.0, "TOADDL": 6198.0, "FRADDR": 6001.0, "TOADDR": 6199.0 }, "geometry": { "type": "LineString", "coordinates": [ [ 24.842555, 36.05951 ], [ 24.842296, 36.05967 ], [ 24.842098, 36.059739 ], [ 24.841579, 36.059777 ], [ 24.84048, 36.059815 ] ] } },
{ "type": "Feature", "properties": { "TLID": 184657748, "FEDIRP": "N", "FENAME": "Desafio", "FETYPE": "St", "FEDIRS": null, "FRADDL": 5399.0, "TOADDL": 5301.0, "FRADDR": 5398.0, "TOADDR": 5300.0 }, "geometry": { "type": "LineString", "coordinates": [ [ 24.850663, 36.08952 ], [ 24.851983, 36.08952 ] ] } },
{ "type": "Feature", "properties": { "TLID": 184663754, "FEDIRP": "N", "FENAME": "Lumen", "FETYPE": "St", "FEDIRS": null, "FRADDL": 1500.0, "TOADDL": 1898.0, "FRADDR": 1845.0, "TOADDR": 1899.0 }, "geometry": { "type": "LineString", "coordinates": [ [ 24.885565, 36.060383 ], [ 24.885565, 36.060721 ] ] } },
{ "type": "Feature", "properties": { "TLID": 184663915, "FEDIRP": "N", "FENAME": "Barwyn", "FETYPE": "St", "FEDIRS": null, "FRADDL": null, "TOADDL": null, "FRADDR": 5520.0, "TOADDR": 5500.0 }, "geometry": { "type": "LineString", "coordinates": [ [ 24.845923, 36.074337 ], [ 24.844263, 36.074349 ] ] } },
{ "type": "Feature", "properties": { "TLID": 184663918, "FEDIRP": "N", "FENAME": "Limnou", "FETYPE": "St", "FEDIRS": null, "FRADDL": 4100.0, "TOADDL": 4198.0, "FRADDR": 4101.0, "TOADDR": 4199.0 }, "geometry": { "type": "LineString", "coordinates": [ [ 24.85642, 36.080887 ], [ 24.856364, 36.08172 ] ] } },
{ "type": "Feature", "properties": { "TLID": 184663946, "FEDIRP": null, "FENAME": null, "FETYPE": null, "FEDIRS": null, "FRADDL": null, "TOADDL": null, "FRADDR": null, "TOADDR": null }, "geometry": { "type": "LineString", "coordinates": [ [ 24.83645, 36.069063 ], [ 24.835901, 36.069252 ], [ 24.835465, 36.06947 ], [ 24.835029, 36.069758 ], [ 24.834722, 36.07003 ], [ 24.834534, 36.070267 ], [ 24.834451, 36.070435 ], [ 24.834428, 36.070607 ] ] } },
{ "type": "Feature", "properties": { "TLID": 184663948, "FEDIRP": "N", "FENAME": "Pilau", "FETYPE": "St", "FEDIRS": null, "FRADDL": 1734.0, "TOADDL": 1788.0, "FRADDR": 1735.0, "TOADDR": 1789.0 }, "geometry": { "type": "LineString", "coordinates": [ [ 24.844125, 36.058916 ], [ 24.844051, 36.059342 ] ] } },
{ "type": "Feature", "properties": { "TLID": 184663949, "FEDIRP": "N", "FENAME": "Alamanas", "FETYPE": "St", "FEDIRS": null, "FRADDL": 5999.0, "TOADDL": 5949.0, "FRADDR": 6020.0, "TOADDR": 6000.0 }, "geometry": { "type": "LineString", "coordinates": [ [ 24.842555, 36.05892 ], [ 24.843356, 36.058918 ] ] } },
{ "type": "Feature", "properties": { "TLID": 184663984, "FEDIRP": "S", "FENAME": "Nia", "FETYPE": "Ave", "FEDIRS": null, "FRADDL": null, "TOADDL": null, "FRADDR": 1010.0, "TOADDR": 1098.0 }, "geometry": { "type": "LineString", "coordinates": [ [ 24.865764, 36.04662 ], [ 24.865826, 36.045999 ] ] } },
{ "type": "Feature", "properties": { "TLID": 184663986, "FEDIRP": null, "FENAME": "Seranti", "FETYPE": "Dr", "FEDIRS": null, "FRADDL": 942.0, "TOADDL": 1098.0, "FRADDR": 951.0, "TOADDR": 1099.0 }, "geometry": { "type": "LineString", "coordinates": [ [ 24.828811, 36.054023 ], [ 24.828863, 36.05522 ] ] } },
{ "type": "Feature", "properties": { "TLID": 184663987, "FEDIRP": "N", "FENAME": "Achilleos", "FETYPE": "St", "FEDIRS": null, "FRADDL": 6300.0, "TOADDL": 6808.0, "FRADDR": 6803.0, "TOADDR": 6807.0 }, "geometry": { "type": "LineString", "coordinates": [ [ 24.83348, 36.054897 ], [ 24.832963, 36.05522 ] ] } },
{ "type": "Feature", "properties": { "TLID": 184663991, "FEDIRP": "N", "FENAME": "Acera", "FETYPE": "St", "FEDIRS": null, "FRADDL": 7099.0, "TOADDL": 6701.0, "FRADDR": 7098.0, "TOADDR": 6700.0 }, "geometry": { "type": "LineString", "coordinates": [ [ 24.828811, 36.054023 ], [ 24.833194, 36.054078 ], [ 24.833465, 36.054199 ], [ 24.83348, 36.054897 ] ] } },
{ "type": "Feature", "properties": { "TLID": 184663992, "FEDIRP": "N", "FENAME": "Pilau", "FETYPE": "St", "FEDIRS": null, "FRADDL": 998.0, "TOADDL": 1118.0, "FRADDR": 999.0, "TOADDR": 1119.0 }, "geometry": { "type": "LineString", "coordinates": [ [ 24.844212, 36.053292 ], [ 24.844036, 36.054223 ] ] } },
{ "type": "Feature", "properties": { "TLID": 184663995, "FEDIRP": null, "FENAME": "Skaldis", "FETYPE": null, "FEDIRS": null, "FRADDL": null, "TOADDL": null, "FRADDR": null, "TOADDR": null }, "geometry": { "type": "LineString", "coordinates": [ [ 24.840927, 36.053048 ], [ 24.839412, 36.053126 ], [ 24.837816, 36.053158 ], [ 24.833689, 36.053109 ] ] } },
{ "type": "Feature", "properties": { "TLID": 184663998, "FEDIRP": "N", "FENAME": "Acera", "FETYPE": "St", "FEDIRS": null, "FRADDL": 5900.0, "TOADDL": 6298.0, "FRADDR": 5901.0, "TOADDR": 6299.0 }, "geometry": { "type": "LineString", "coordinates": [ [ 24.844212, 36.053292 ], [ 24.840927, 36.053048 ] ] } },
{ "type": "Feature", "properties": { "TLID": 184664035, "FEDIRP": "N", "FENAME": "Tzavella", "FETYPE": "St", "FEDIRS": null, "FRADDL": null, "TOADDL": null, "FRADDR": null, "TOADDR": null }, "geometry": { "type": "LineString", "coordinates": [ [ 24.843356, 36.058918 ], [ 24.84339, 36.059342 ] ] } },
{ "type": "Feature", "properties": { "TLID": 184664044, "FEDIRP": "N", "FENAME": "Opalante", "FETYPE": "Dr", "FEDIRS": null, "FRADDL": 3000.0, "TOADDL": 3098.0, "FRADDR": 3001.0, "TOADDR": 3099.0 }, "geometry": { "type": "LineString", "coordinates": [ [ 24.83639, 36.068826 ], [ 24.83645, 36.069063 ] ] } },
{ "type": "Feature", "properties": { "TLID": 184664046, "FEDIRP": "N", "FENAME": "Ermou", "FETYPE": "St", "FEDIRS": null, "FRADDL": 7100.0, "TOADDL": 7108.0, "FRADDR": null, "TOADDR": null }, "geometry": { "type": "LineString", "coordinates": [ [ 24.828763, 36.05292 ], [ 24.828016, 36.052945 ] ] } },
{ "type": "Feature", "properties": { "TLID": 184664047, "FEDIRP": "N", "FENAME": "Achilleos", "FETYPE": "St", "FEDIRS": null, "FRADDL": null, "TOADDL": null, "FRADDR": 6751.0, "TOADDR": 6801.0 }, "geometry": { "type": "LineString", "coordinates": [ [ 24.833541, 36.054859 ], [ 24.83348, 36.054897 ] ] } },
{ "type": "Feature", "properties": { "TLID": 184664048, "FEDIRP": null, "FENAME": "Skaldis", "FETYPE": null, "FEDIRS": null, "FRADDL": null, "TOADDL": null, "FRADDR": null, "TOADDR": null }, "geometry": { "type": "LineString", "coordinates": [ [ 24.844136, 36.052391 ], [ 24.842813, 36.052702 ], [ 24.842188, 36.052828 ], [ 24.840927, 36.053048 ] ] } },
{ "type": "Feature", "properties": { "TLID": 184664049, "FEDIRP": null, "FENAME": "Seranti", "FETYPE": "Dr", "FEDIRS": null, "FRADDL": 934.0, "TOADDL": 940.0, "FRADDR": 939.0, "TOADDR": 949.0 }, "geometry": { "type": "LineString", "coordinates": [ [ 24.828782, 36.053367 ], [ 24.828811, 36.054023 ] ] } },
{ "type": "Feature", "properties": { "TLID": 184664052, "FEDIRP": "N", "FENAME": "Leeno", "FETYPE": "St", "FEDIRS": null, "FRADDL": 3923.0, "TOADDL": 3901.0, "FRADDR": 3922.0, "TOADDR": 3900.0 }, "geometry": { "type": "LineString", "coordinates": [ [ 24.845463, 36.07972 ], [ 24.845345, 36.079424 ] ] } },
{ "type": "Feature", "properties": { "TLID": 184664054, "FEDIRP": "N", "FENAME": "Brada", "FETYPE": "St", "FEDIRS": null, "FRADDL": 5600.0, "TOADDL": 5634.0, "FRADDR": 5601.0, "TOADDR": 5639.0 }, "geometry": { "type": "LineString", "coordinates": [ [ 24.84817, 36.079644 ], [ 24.847651, 36.079515 ], [ 24.845713, 36.079515 ], [ 24.845576, 36.079408 ], [ 24.845345, 36.079424 ] ] } },
{ "type": "Feature", "properties": { "TLID": 184664055, "FEDIRP": "N", "FENAME": "Brada", "FETYPE": "St", "FEDIRS": null, "FRADDL": 5636.0, "TOADDL": 5640.0, "FRADDR": 5641.0, "TOADDR": 5699.0 }, "geometry": { "type": "LineString", "coordinates": [ [ 24.845345, 36.079424 ], [ 24.844935, 36.079453 ] ] } },
{ "type": "Feature", "properties": { "TLID": 184664057, "FEDIRP": "N", "FENAME": "Wenna", "FETYPE": "St", "FEDIRS": null, "FRADDL": 3100.0, "TOADDL": 3198.0, "FRADDR": 3101.0, "TOADDR": 3199.0 }, "geometry": { "type": "LineString", "coordinates": [ [ 24.838389, 36.069909 ], [ 24.838493, 36.070611 ] ] } },
{ "type": "Feature", "properties": { "TLID": 184664060, "FEDIRP": "N", "FENAME": "Pilau", "FETYPE": "St", "FEDIRS": null, "FRADDL": 1630.0, "TOADDL": 1732.0, "FRADDR": 1631.0, "TOADDR": 1733.0 }, "geometry": { "type": "LineString", "coordinates": [ [ 24.844264, 36.05812 ], [ 24.844125, 36.058916 ] ] } },
{ "type": "Feature", "properties": { "TLID": 184664061, "FEDIRP": "N", "FENAME": "Pilau", "FETYPE": "St", "FEDIRS": null, "FRADDL": 964.0, "TOADDL": 996.0, "FRADDR": 965.0, "TOADDR": 997.0 }, "geometry": { "type": "LineString", "coordinates": [ [ 24.844136, 36.052391 ], [ 24.844212, 36.053292 ] ] } },
{ "type": "Feature", "properties": { "TLID": 184664062, "FEDIRP": "N", "FENAME": "Finiatur", "FETYPE": "St", "FEDIRS": null, "FRADDL": 3500.0, "TOADDL": 3598.0, "FRADDR": 3501.0, "TOADDR": 3699.0 }, "geometry": { "type": "LineString", "coordinates": [ [ 24.850964, 36.07432 ], [ 24.850964, 36.075349 ] ] } },
{ "type": "Feature", "properties": { "TLID": 184664063, "FEDIRP": "N", "FENAME": "Thessalias", "FETYPE": "St", "FEDIRS": null, "FRADDL": 2700.0, "TOADDL": 2738.0, "FRADDR": 2701.0, "TOADDR": 2739.0 }, "geometry": { "type": "LineString", "coordinates": [ [ 24.862464, 36.06672 ], [ 24.862505, 36.067127 ] ] } },
{ "type": "Feature", "properties": { "TLID": 184664066, "FEDIRP": "N", "FENAME": "Acera", "FETYPE": "St", "FEDIRS": null, "FRADDL": 3600.0, "TOADDL": 3630.0, "FRADDR": 3601.0, "TOADDR": 3631.0 }, "geometry": { "type": "LineString", "coordinates": [ [ 24.876165, 36.05382 ], [ 24.875641, 36.05382 ] ] } },
{ "type": "Feature", "properties": { "TLID": 184664067, "FEDIRP": "N", "FENAME": "Tzavella", "FETYPE": "St", "FEDIRS": null, "FRADDL": 1501.0, "TOADDL": 1609.0, "FRADDR": null, "TOADDR": null }, "geometry": { "type": "LineString", "coordinates": [ [ 24.84339, 36.059342 ], [ 24.843544, 36.061294 ] ] } },
{ "type": "Feature", "properties": { "TLID": 184664068, "FEDIRP": "N", "FENAME": "Fewnol", "FETYPE": "St", "FEDIRS": null, "FRADDL": 1700.0, "TOADDL": 1746.0, "FRADDR": 1701.0, "TOADDR": 1747.0 }, "geometry": { "type": "LineString", "coordinates": [ [ 24.887465, 36.059721 ], [ 24.887465, 36.060055 ] ] } },
{ "type": "Feature", "properties": { "TLID": 184664071, "FEDIRP": "S", "FENAME": "Omirou", "FETYPE": "St", "FEDIRS": null, "FRADDL": null, "TOADDL": null, "FRADDR": 799.0, "TOADDR": 701.0 }, "geometry": { "type": "LineString", "coordinates": [ [ 24.859479, 36.047807 ], [ 24.859464, 36.04932 ] ] } },
{ "type": "Feature", "properties": { "TLID": 184664072, "FEDIRP": "S", "FENAME": "Mikonou", "FETYPE": "St", "FEDIRS": null, "FRADDL": 1101.0, "TOADDL": 1159.0, "FRADDR": 1100.0, "TOADDR": 1106.0 }, "geometry": { "type": "LineString", "coordinates": [ [ 24.870065, 36.04572 ], [ 24.870004, 36.045235 ] ] } },
{ "type": "Feature", "properties": { "TLID": 184664138, "FEDIRP": "N", "FENAME": "Thessalias", "FETYPE": "St", "FEDIRS": null, "FRADDL": 2400.0, "TOADDL": 2498.0, "FRADDR": 2401.0, "TOADDR": 2499.0 }, "geometry": { "type": "LineString", "coordinates": [ [ 24.862564, 36.064433 ], [ 24.862564, 36.06482 ] ] } },
{ "type": "Feature", "properties": { "TLID": 184664188, "FEDIRP": "N", "FENAME": "Ionnanon", "FETYPE": "St", "FEDIRS": null, "FRADDL": null, "TOADDL": null, "FRADDR": null, "TOADDR": null }, "geometry": { "type": "LineString", "coordinates": [ [ 24.842555, 36.05892 ], [ 24.842555, 36.059342 ] ] } },
{ "type": "Feature", "properties": { "TLID": 184664189, "FEDIRP": "N", "FENAME": "Ionnanon", "FETYPE": "St", "FEDIRS": null, "FRADDL": null, "TOADDL": null, "FRADDR": null, "TOADDR": null }, "geometry": { "type": "LineString", "coordinates": [ [ 24.842555, 36.058808 ], [ 24.842555, 36.05892 ] ] } },
{ "type": "Feature", "properties": { "TLID": 184664193, "FEDIRP": "S", "FENAME": "Achilleos", "FETYPE": "St", "FEDIRS": null, "FRADDL": 4000.0, "TOADDL": 4098.0, "FRADDR": 4001.0, "TOADDR": 4099.0 }, "geometry": { "type": "LineString", "coordinates": [ [ 24.870004, 36.045235 ], [ 24.869188, 36.045239 ] ] } },
{ "type": "Feature", "properties": { "TLID": 184664620, "FEDIRP": "N", "FENAME": "Wenna", "FETYPE": "St", "FEDIRS": null, "FRADDL": 3200.0, "TOADDL": 3298.0, "FRADDR": 3201.0, "TOADDR": 3299.0 }, "geometry": { "type": "LineString", "coordinates": [ [ 24.838493, 36.070611 ], [ 24.838541, 36.070931 ] ] } },
{ "type": "Feature", "properties": { "TLID": 184664621, "FEDIRP": null, "FENAME": null, "FETYPE": null, "FEDIRS": null, "FRADDL": null, "TOADDL": null, "FRADDR": null, "TOADDR": null }, "geometry": { "type": "LineString", "coordinates": [ [ 24.838493, 36.070611 ], [ 24.838118, 36.070597 ], [ 24.837811, 36.070582 ], [ 24.837611, 36.070551 ], [ 24.837422, 36.070468 ] ] } },
{ "type": "Feature", "properties": { "TLID": 184664632, "FEDIRP": "S", "FENAME": "Achilleos", "FETYPE": "St", "FEDIRS": null, "FRADDL": 5100.0, "TOADDL": 5198.0, "FRADDR": 5101.0, "TOADDR": 5199.0 }, "geometry": { "type": "LineString", "coordinates": [ [ 24.854754, 36.04592 ], [ 24.853364, 36.04592 ] ] } },
{ "type": "Feature", "properties": { "TLID": 184664636, "FEDIRP": "S", "FENAME": "Isis", "FETYPE": "St", "FEDIRS": null, "FRADDL": null, "TOADDL": null, "FRADDR": null, "TOADDR": null }, "geometry": { "type": "LineString", "coordinates": [ [ 24.8677, 36.047433 ], [ 24.86842, 36.047441 ] ] } },
{ "type": "Feature", "properties": { "TLID": 184665334, "FEDIRP": "N", "FENAME": "Bairn", "FETYPE": "St", "FEDIRS": null, "FRADDL": null, "TOADDL": null, "FRADDR": 3516.0, "TOADDR": 3500.0 }, "geometry": { "type": "LineString", "coordinates": [ [ 24.877768, 36.072439 ], [ 24.877895, 36.072441 ] ] } },
{ "type": "Feature", "properties": { "TLID": 184665376, "FEDIRP": null, "FENAME": "Velestinou", "FETYPE": "Blvd", "FEDIRS": null, "FRADDL": 6000.0, "TOADDL": 6320.0, "FRADDR": 6001.0, "TOADDR": 6099.0 }, "geometry": { "type": "LineString", "coordinates": [ [ 24.843514, 36.061657 ], [ 24.841864, 36.06152 ] ] } },
{ "type": "Feature", "properties": { "TLID": 184666676, "FEDIRP": "N", "FENAME": "Aveny", "FETYPE": "St", "FEDIRS": null, "FRADDL": 1100.0, "TOADDL": 2002.0, "FRADDR": null, "TOADDR": null }, "geometry": { "type": "LineString", "coordinates": [ [ 24.898144, 36.069429 ], [ 24.898065, 36.069421 ] ] } },
{ "type": "Feature", "properties": { "TLID": 184666677, "FEDIRP": null, "FENAME": "Rist", "FETYPE": "Way", "FEDIRS": null, "FRADDL": null, "TOADDL": null, "FRADDR": null, "TOADDR": null }, "geometry": { "type": "LineString", "coordinates": [ [ 24.898205, 36.069383 ], [ 24.898144, 36.069429 ] ] } },
{ "type": "Feature", "properties": { "TLID": 184666678, "FEDIRP": null, "FENAME": "Rist", "FETYPE": "Way", "FEDIRS": null, "FRADDL": null, "TOADDL": null, "FRADDR": null, "TOADDR": null }, "geometry": { "type": "LineString", "coordinates": [ [ 24.89796, 36.069614 ], [ 24.898144, 36.069429 ] ] } },
{ "type": "Feature", "properties": { "TLID": 184667121, "FEDIRP": "N", "FENAME": "Yonille", "FETYPE": "St", "FEDIRS": null, "FRADDL": 3830.0, "TOADDL": 3834.0, "FRADDR": null, "TOADDR": null }, "geometry": { "type": "LineString", "coordinates": [ [ 24.848506, 36.079033 ], [ 24.848429, 36.079278 ] ] } },
{ "type": "Feature", "properties": { "TLID": 184667122, "FEDIRP": "N", "FENAME": "Yonille", "FETYPE": "St", "FEDIRS": null, "FRADDL": 3800.0, "TOADDL": 3828.0, "FRADDR": 3801.0, "TOADDR": 3873.0 }, "geometry": { "type": "LineString", "coordinates": [ [ 24.849763, 36.07802 ], [ 24.848689, 36.078446 ], [ 24.848506, 36.079033 ] ] } },
{ "type": "Feature", "properties": { "TLID": 184667127, "FEDIRP": "N", "FENAME": "Nia", "FETYPE": "Ave", "FEDIRS": null, "FRADDL": 3900.0, "TOADDL": 3998.0, "FRADDR": 3901.0, "TOADDR": 3999.0 }, "geometry": { "type": "LineString", "coordinates": [ [ 24.864764, 36.07932 ], [ 24.865554, 36.080031 ] ] } },
{ "type": "Feature", "properties": { "TLID": 184667536, "FEDIRP": "N", "FENAME": "Opalante", "FETYPE": "Dr", "FEDIRS": null, "FRADDL": 3200.0, "TOADDL": 3298.0, "FRADDR": 3201.0, "TOADDR": 3299.0 }, "geometry": { "type": "LineString", "coordinates": [ [ 24.837229, 36.070595 ], [ 24.837597, 36.071159 ] ] } },
{ "type": "Feature", "properties": { "TLID": 184667662, "FEDIRP": "N", "FENAME": "Anrop", "FETYPE": "St", "FEDIRS": null, "FRADDL": 5100.0, "TOADDL": 5398.0, "FRADDR": 5101.0, "TOADDR": 5399.0 }, "geometry": { "type": "LineString", "coordinates": [ [ 24.852019, 36.06342 ], [ 24.850964, 36.06342 ] ] } },
{ "type": "Feature", "properties": { "TLID": 184667665, "FEDIRP": null, "FENAME": "Filis", "FETYPE": "St", "FEDIRS": null, "FRADDL": 2100.0, "TOADDL": 2298.0, "FRADDR": 2101.0, "TOADDR": 2299.0 }, "geometry": { "type": "LineString", "coordinates": [ [ 24.852264, 36.06202 ], [ 24.852264, 36.063248 ] ] } },
{ "type": "Feature", "properties": { "TLID": 184668033, "FEDIRP": null, "FENAME": "Velestinou", "FETYPE": "Blvd", "FEDIRS": null, "FRADDL": 5900.0, "TOADDL": 5998.0, "FRADDR": 5901.0, "TOADDR": 5999.0 }, "geometry": { "type": "LineString", "coordinates": [ [ 24.844264, 36.06172 ], [ 24.843514, 36.061657 ] ] } },
{ "type": "Feature", "properties": { "TLID": 184668318, "FEDIRP": "N", "FENAME": "Averof", "FETYPE": "St", "FEDIRS": null, "FRADDL": 3700.0, "TOADDL": 3898.0, "FRADDR": 3701.0, "TOADDR": 3899.0 }, "geometry": { "type": "LineString", "coordinates": [ [ 24.873724, 36.070312 ], [ 24.871364, 36.07052 ] ] } },
{ "type": "Feature", "properties": { "TLID": 184668321, "FEDIRP": "N", "FENAME": "Avionos", "FETYPE": "St", "FEDIRS": null, "FRADDL": 2804.0, "TOADDL": 2902.0, "FRADDR": 2809.0, "TOADDR": 2905.0 }, "geometry": { "type": "LineString", "coordinates": [ [ 24.887228, 36.07112 ], [ 24.885764, 36.07112 ] ] } },
{ "type": "Feature", "properties": { "TLID": 184668322, "FEDIRP": "N", "FENAME": "Avionos", "FETYPE": "St", "FEDIRS": null, "FRADDL": 2700.0, "TOADDL": 2802.0, "FRADDR": 2701.0, "TOADDR": 2807.0 }, "geometry": { "type": "LineString", "coordinates": [ [ 24.888764, 36.071121 ], [ 24.887228, 36.07112 ] ] } },
{ "type": "Feature", "properties": { "TLID": 184668323, "FEDIRP": "N", "FENAME": "Pluma", "FETYPE": "St", "FEDIRS": null, "FRADDL": null, "TOADDL": null, "FRADDR": null, "TOADDR": null }, "geometry": { "type": "LineString", "coordinates": [ [ 24.887228, 36.07112 ], [ 24.887138, 36.071504 ], [ 24.88689, 36.071635 ], [ 24.885595, 36.071608 ] ] } },
{ "type": "Feature", "properties": { "TLID": 184668325, "FEDIRP": "S", "FENAME": "Dimitriou", "FETYPE": "St", "FEDIRS": null, "FRADDL": null, "TOADDL": null, "FRADDR": null, "TOADDR": null }, "geometry": { "type": "LineString", "coordinates": [ [ 24.908365, 36.054121 ], [ 24.908061, 36.05409 ] ] } },
{ "type": "Feature", "properties": { "TLID": 184668812, "FEDIRP": "N", "FENAME": "Zefirou", "FETYPE": "Ave", "FEDIRS": null, "FRADDL": 2704.0, "TOADDL": 2798.0, "FRADDR": 2713.0, "TOADDR": 2799.0 }, "geometry": { "type": "LineString", "coordinates": [ [ 24.888221, 36.063121 ], [ 24.887665, 36.063121 ] ] } },
{ "type": "Feature", "properties": { "TLID": 184668813, "FEDIRP": "N", "FENAME": "Zefirou", "FETYPE": "Ave", "FEDIRS": null, "FRADDL": null, "TOADDL": null, "FRADDR": 2709.0, "TOADDR": 2711.0 }, "geometry": { "type": "LineString", "coordinates": [ [ 24.888665, 36.063121 ], [ 24.888221, 36.063121 ] ] } },
{ "type": "Feature", "properties": { "TLID": 184668814, "FEDIRP": "N", "FENAME": "Mattadou", "FETYPE": "St", "FEDIRS": null, "FRADDL": 3170.0, "TOADDL": 3198.0, "FRADDR": 3171.0, "TOADDR": 3199.0 }, "geometry": { "type": "LineString", "coordinates": [ [ 24.880935, 36.070796 ], [ 24.880964, 36.07112 ] ] } },
{ "type": "Feature", "properties": { "TLID": 184668818, "FEDIRP": "N", "FENAME": "Aveny", "FETYPE": "St", "FEDIRS": null, "FRADDL": 3522.0, "TOADDL": 3598.0, "FRADDR": 3509.0, "TOADDR": 3599.0 }, "geometry": { "type": "LineString", "coordinates": [ [ 24.876609, 36.069236 ], [ 24.876184, 36.069264 ] ] } },
{ "type": "Feature", "properties": { "TLID": 184668819, "FEDIRP": "N", "FENAME": "Aveny", "FETYPE": "St", "FEDIRS": null, "FRADDL": 3500.0, "TOADDL": 3520.0, "FRADDR": 3501.0, "TOADDR": 3507.0 }, "geometry": { "type": "LineString", "coordinates": [ [ 24.877864, 36.06912 ], [ 24.876609, 36.069236 ] ] } },
{ "type": "Feature", "properties": { "TLID": 184668821, "FEDIRP": "N", "FENAME": "Asiant", "FETYPE": "St", "FEDIRS": null, "FRADDL": 3522.0, "TOADDL": 3598.0, "FRADDR": 3517.0, "TOADDR": 3599.0 }, "geometry": { "type": "LineString", "coordinates": [ [ 24.87661, 36.068298 ], [ 24.876264, 36.06832 ] ] } },
{ "type": "Feature", "properties": { "TLID": 184668822, "FEDIRP": "N", "FENAME": "Asiant", "FETYPE": "St", "FEDIRS": null, "FRADDL": 3500.0, "TOADDL": 3520.0, "FRADDR": 3501.0, "TOADDR": 3515.0 }, "geometry": { "type": "LineString", "coordinates": [ [ 24.877864, 36.06822 ], [ 24.87661, 36.068298 ] ] } },
{ "type": "Feature", "properties": { "TLID": 184668823, "FEDIRP": null, "FENAME": null, "FETYPE": null, "FEDIRS": null, "FRADDL": null, "TOADDL": null, "FRADDR": null, "TOADDR": null }, "geometry": { "type": "LineString", "coordinates": [ [ 24.876609, 36.069236 ], [ 24.87661, 36.068298 ] ] } },
{ "type": "Feature", "properties": { "TLID": 184668824, "FEDIRP": "N", "FENAME": "Artakis", "FETYPE": "St", "FEDIRS": null, "FRADDL": 3570.0, "TOADDL": 3598.0, "FRADDR": 3569.0, "TOADDR": 3599.0 }, "geometry": { "type": "LineString", "coordinates": [ [ 24.87661, 36.06729 ], [ 24.876308, 36.067321 ] ] } },
{ "type": "Feature", "properties": { "TLID": 184668825, "FEDIRP": "N", "FENAME": "Artakis", "FETYPE": "St", "FEDIRS": null, "FRADDL": 3500.0, "TOADDL": 3568.0, "FRADDR": 3501.0, "TOADDR": 3567.0 }, "geometry": { "type": "LineString", "coordinates": [ [ 24.877883, 36.067293 ], [ 24.87661, 36.06729 ] ] } },
{ "type": "Feature", "properties": { "TLID": 184668826, "FEDIRP": "N", "FENAME": "Taxiarchon", "FETYPE": "Ave", "FEDIRS": null, "FRADDL": null, "TOADDL": null, "FRADDR": null, "TOADDR": null }, "geometry": { "type": "LineString", "coordinates": [ [ 24.87661, 36.068298 ], [ 24.87661, 36.06729 ] ] } },
{ "type": "Feature", "properties": { "TLID": 184668827, "FEDIRP": "N", "FENAME": "Arkadou", "FETYPE": "St", "FEDIRS": null, "FRADDL": null, "TOADDL": null, "FRADDR": null, "TOADDR": null }, "geometry": { "type": "LineString", "coordinates": [ [ 24.87661, 36.06642 ], [ 24.876364, 36.06642 ] ] } },
{ "type": "Feature", "properties": { "TLID": 184668828, "FEDIRP": "N", "FENAME": "Arkadou", "FETYPE": "St", "FEDIRS": null, "FRADDL": null, "TOADDL": null, "FRADDR": null, "TOADDR": null }, "geometry": { "type": "LineString", "coordinates": [ [ 24.877964, 36.06642 ], [ 24.87661, 36.06642 ] ] } },
{ "type": "Feature", "properties": { "TLID": 184668829, "FEDIRP": "N", "FENAME": "Taxiarchon", "FETYPE": "Ave", "FEDIRS": null, "FRADDL": 2709.0, "TOADDL": 2711.0, "FRADDR": null, "TOADDR": null }, "geometry": { "type": "LineString", "coordinates": [ [ 24.87661, 36.06729 ], [ 24.87661, 36.06642 ] ] } },
{ "type": "Feature", "properties": { "TLID": 184668830, "FEDIRP": "N", "FENAME": "Arkadiou", "FETYPE": "St", "FEDIRS": null, "FRADDL": 3516.0, "TOADDL": 3598.0, "FRADDR": 3517.0, "TOADDR": 3599.0 }, "geometry": { "type": "LineString", "coordinates": [ [ 24.87661, 36.065495 ], [ 24.87639, 36.065517 ] ] } },
{ "type": "Feature", "properties": { "TLID": 184668831, "FEDIRP": "N", "FENAME": "Arkadiou", "FETYPE": "St", "FEDIRS": null, "FRADDL": 3500.0, "TOADDL": 3514.0, "FRADDR": 3501.0, "TOADDR": 3515.0 }, "geometry": { "type": "LineString", "coordinates": [ [ 24.877938, 36.065517 ], [ 24.87661, 36.065495 ] ] } },
{ "type": "Feature", "properties": { "TLID": 184668832, "FEDIRP": "N", "FENAME": "Taxiarchon", "FETYPE": "Ave", "FEDIRS": null, "FRADDL": 2609.0, "TOADDL": 2611.0, "FRADDR": null, "TOADDR": null }, "geometry": { "type": "LineString", "coordinates": [ [ 24.87661, 36.06642 ], [ 24.87661, 36.065495 ] ] } },
{ "type": "Feature", "properties": { "TLID": 184668833, "FEDIRP": "N", "FENAME": "Arbete", "FETYPE": "St", "FEDIRS": null, "FRADDL": 3580.0, "TOADDL": 3598.0, "FRADDR": 3583.0, "TOADDR": 3599.0 }, "geometry": { "type": "LineString", "coordinates": [ [ 24.87661, 36.06452 ], [ 24.876364, 36.06452 ] ] } },
{ "type": "Feature", "properties": { "TLID": 184668834, "FEDIRP": "N", "FENAME": "Arbete", "FETYPE": "St", "FEDIRS": null, "FRADDL": 3500.0, "TOADDL": 3578.0, "FRADDR": 3501.0, "TOADDR": 3581.0 }, "geometry": { "type": "LineString", "coordinates": [ [ 24.877764, 36.06452 ], [ 24.87661, 36.06452 ] ] } },
{ "type": "Feature", "properties": { "TLID": 184668835, "FEDIRP": "N", "FENAME": "Taxiarchon", "FETYPE": "Ave", "FEDIRS": null, "FRADDL": null, "TOADDL": null, "FRADDR": null, "TOADDR": null }, "geometry": { "type": "LineString", "coordinates": [ [ 24.87661, 36.065495 ], [ 24.87661, 36.06452 ] ] } },
{ "type": "Feature", "properties": { "TLID": 184668836, "FEDIRP": "N", "FENAME": "Antoniadou", "FETYPE": "St", "FEDIRS": null, "FRADDL": 3516.0, "TOADDL": 3598.0, "FRADDR": 3575.0, "TOADDR": 3599.0 }, "geometry": { "type": "LineString", "coordinates": [ [ 24.87661, 36.063693 ], [ 24.876417, 36.063677 ] ] } },
{ "type": "Feature", "properties": { "TLID": 184668837, "FEDIRP": "N", "FENAME": "Antoniadou", "FETYPE": "St", "FEDIRS": null, "FRADDL": 3500.0, "TOADDL": 3514.0, "FRADDR": 3501.0, "TOADDR": 3573.0 }, "geometry": { "type": "LineString", "coordinates": [ [ 24.877725, 36.063626 ], [ 24.87661, 36.063693 ] ] } },
{ "type": "Feature", "properties": { "TLID": 184668838, "FEDIRP": "N", "FENAME": "Taxiarchon", "FETYPE": "Ave", "FEDIRS": null, "FRADDL": 2403.0, "TOADDL": 2401.0, "FRADDR": null, "TOADDR": null }, "geometry": { "type": "LineString", "coordinates": [ [ 24.87661, 36.06452 ], [ 24.87661, 36.063693 ] ] } },
{ "type": "Feature", "properties": { "TLID": 184668839, "FEDIRP": "N", "FENAME": "Anntigonou", "FETYPE": "St", "FEDIRS": null, "FRADDL": 3588.0, "TOADDL": 3598.0, "FRADDR": 3589.0, "TOADDR": 3599.0 }, "geometry": { "type": "LineString", "coordinates": [ [ 24.876616, 36.062752 ], [ 24.876424, 36.062752 ] ] } },
{ "type": "Feature", "properties": { "TLID": 184668840, "FEDIRP": "N", "FENAME": "Anntigonou", "FETYPE": "St", "FEDIRS": null, "FRADDL": 3500.0, "TOADDL": 3586.0, "FRADDR": 3501.0, "TOADDR": 3587.0 }, "geometry": { "type": "LineString", "coordinates": [ [ 24.877764, 36.06272 ], [ 24.876616, 36.062752 ] ] } },
{ "type": "Feature", "properties": { "TLID": 184668841, "FEDIRP": "N", "FENAME": "Taxiarchon", "FETYPE": "Ave", "FEDIRS": null, "FRADDL": null, "TOADDL": null, "FRADDR": null, "TOADDR": null }, "geometry": { "type": "LineString", "coordinates": [ [ 24.87661, 36.063693 ], [ 24.876616, 36.062752 ] ] } },
{ "type": "Feature", "properties": { "TLID": 184668842, "FEDIRP": "N", "FENAME": "Androutsou", "FETYPE": "St", "FEDIRS": null, "FRADDL": 3582.0, "TOADDL": 3598.0, "FRADDR": 3583.0, "TOADDR": 3599.0 }, "geometry": { "type": "LineString", "coordinates": [ [ 24.87663, 36.062 ], [ 24.876356, 36.061991 ] ] } },
{ "type": "Feature", "properties": { "TLID": 184668843, "FEDIRP": "N", "FENAME": "Androutsou", "FETYPE": "St", "FEDIRS": null, "FRADDL": 3500.0, "TOADDL": 3580.0, "FRADDR": 3501.0, "TOADDR": 3581.0 }, "geometry": { "type": "LineString", "coordinates": [ [ 24.877664, 36.06202 ], [ 24.87663, 36.062 ] ] } },
{ "type": "Feature", "properties": { "TLID": 184668844, "FEDIRP": "N", "FENAME": "Taxiarchon", "FETYPE": "Ave", "FEDIRS": null, "FRADDL": null, "TOADDL": null, "FRADDR": null, "TOADDR": null }, "geometry": { "type": "LineString", "coordinates": [ [ 24.876616, 36.062752 ], [ 24.87663, 36.062 ] ] } },
{ "type": "Feature", "properties": { "TLID": 184668845, "FEDIRP": "N", "FENAME": "Amfitris", "FETYPE": "St", "FEDIRS": null, "FRADDL": 3518.0, "TOADDL": 3598.0, "FRADDR": 3569.0, "TOADDR": 3599.0 }, "geometry": { "type": "LineString", "coordinates": [ [ 24.87661, 36.06122 ], [ 24.876164, 36.06122 ] ] } },
{ "type": "Feature", "properties": { "TLID": 184668846, "FEDIRP": "N", "FENAME": "Amfitris", "FETYPE": "St", "FEDIRS": null, "FRADDL": 3500.0, "TOADDL": 3516.0, "FRADDR": 3501.0, "TOADDR": 3567.0 }, "geometry": { "type": "LineString", "coordinates": [ [ 24.877564, 36.06122 ], [ 24.87661, 36.06122 ] ] } },
{ "type": "Feature", "properties": { "TLID": 184668847, "FEDIRP": "N", "FENAME": "Taxiarchon", "FETYPE": "Ave", "FEDIRS": null, "FRADDL": 1909.0, "TOADDL": 1913.0, "FRADDR": null, "TOADDR": null }, "geometry": { "type": "LineString", "coordinates": [ [ 24.87663, 36.062 ], [ 24.87661, 36.06122 ] ] } },
{ "type": "Feature", "properties": { "TLID": 184668849, "FEDIRP": "N", "FENAME": "Polvo", "FETYPE": "St", "FEDIRS": null, "FRADDL": 3192.0, "TOADDL": 3248.0, "FRADDR": 3223.0, "TOADDR": 3299.0 }, "geometry": { "type": "LineString", "coordinates": [ [ 24.871425, 36.071675 ], [ 24.871464, 36.07242 ] ] } },
{ "type": "Feature", "properties": { "TLID": 184668850, "FEDIRP": "N", "FENAME": "Polvo", "FETYPE": "St", "FEDIRS": null, "FRADDL": 3154.0, "TOADDL": 3190.0, "FRADDR": 3171.0, "TOADDR": 3221.0 }, "geometry": { "type": "LineString", "coordinates": [ [ 24.871399, 36.071185 ], [ 24.871425, 36.071675 ] ] } },
{ "type": "Feature", "properties": { "TLID": 184668857, "FEDIRP": "N", "FENAME": "Taxiarchon", "FETYPE": "Ave", "FEDIRS": null, "FRADDL": 3305.0, "TOADDL": 3301.0, "FRADDR": null, "TOADDR": null }, "geometry": { "type": "LineString", "coordinates": [ [ 24.876264, 36.07242 ], [ 24.876268, 36.072059 ] ] } },
{ "type": "Feature", "properties": { "TLID": 184668858, "FEDIRP": "N", "FENAME": "Bairn", "FETYPE": "St", "FEDIRS": null, "FRADDL": null, "TOADDL": null, "FRADDR": 3520.0, "TOADDR": 3518.0 }, "geometry": { "type": "LineString", "coordinates": [ [ 24.877717, 36.072438 ], [ 24.877768, 36.072439 ] ] } },
{ "type": "Feature", "properties": { "TLID": 184668859, "FEDIRP": "N", "FENAME": "Bairn", "FETYPE": "St", "FEDIRS": null, "FRADDL": null, "TOADDL": null, "FRADDR": 3614.0, "TOADDR": 3522.0 }, "geometry": { "type": "LineString", "coordinates": [ [ 24.876264, 36.07242 ], [ 24.877717, 36.072438 ] ] } },
{ "type": "Feature", "properties": { "TLID": 184668860, "FEDIRP": "N", "FENAME": "Profitou Ilia", "FETYPE": "Ave", "FEDIRS": null, "FRADDL": null, "TOADDL": null, "FRADDR": null, "TOADDR": null }, "geometry": { "type": "LineString", "coordinates": [ [ 24.877717, 36.072438 ], [ 24.877718, 36.072261 ] ] } },
{ "type": "Feature", "properties": { "TLID": 184668863, "FEDIRP": "N", "FENAME": "Alm", "FETYPE": "St", "FEDIRS": null, "FRADDL": 3568.0, "TOADDL": 3598.0, "FRADDR": 3571.0, "TOADDR": 3599.0 }, "geometry": { "type": "LineString", "coordinates": [ [ 24.876583, 36.06032 ], [ 24.876164, 36.06032 ] ] } },
{ "type": "Feature", "properties": { "TLID": 184668864, "FEDIRP": "N", "FENAME": "Alm", "FETYPE": "St", "FEDIRS": null, "FRADDL": 3500.0, "TOADDL": 3566.0, "FRADDR": 3501.0, "TOADDR": 3569.0 }, "geometry": { "type": "LineString", "coordinates": [ [ 24.877564, 36.06032 ], [ 24.876583, 36.06032 ] ] } },
{ "type": "Feature", "properties": { "TLID": 184668866, "FEDIRP": "N", "FENAME": "Achilleos", "FETYPE": "St", "FEDIRS": null, "FRADDL": 3394.0, "TOADDL": 3598.0, "FRADDR": 3321.0, "TOADDR": 3599.0 }, "geometry": { "type": "LineString", "coordinates": [ [ 24.876405, 36.054727 ], [ 24.876165, 36.05472 ] ] } },
{ "type": "Feature", "properties": { "TLID": 184668868, "FEDIRP": "N", "FENAME": "Taxiarchon", "FETYPE": "Ave", "FEDIRS": null, "FRADDL": null, "TOADDL": null, "FRADDR": null, "TOADDR": null }, "geometry": { "type": "LineString", "coordinates": [ [ 24.876583, 36.06032 ], [ 24.876405, 36.054727 ] ] } },
{ "type": "Feature", "properties": { "TLID": 184668869, "FEDIRP": "N", "FENAME": "Taxiarchon", "FETYPE": "Ave", "FEDIRS": null, "FRADDL": 904.0, "TOADDL": 998.0, "FRADDR": 811.0, "TOADDR": 899.0 }, "geometry": { "type": "LineString", "coordinates": [ [ 24.876357, 36.053181 ], [ 24.876165, 36.05382 ] ] } },
{ "type": "Feature", "properties": { "TLID": 184668870, "FEDIRP": "N", "FENAME": "Taxiarchon", "FETYPE": "Ave", "FEDIRS": null, "FRADDL": 901.0, "TOADDL": 935.0, "FRADDR": null, "TOADDR": null }, "geometry": { "type": "LineString", "coordinates": [ [ 24.876465, 36.05282 ], [ 24.876357, 36.053181 ] ] } },
{ "type": "Feature", "properties": { "TLID": 184668871, "FEDIRP": "N", "FENAME": "Taxiarchon", "FETYPE": "Ave", "FEDIRS": null, "FRADDL": null, "TOADDL": null, "FRADDR": null, "TOADDR": null }, "geometry": { "type": "LineString", "coordinates": [ [ 24.876405, 36.054727 ], [ 24.876357, 36.053181 ] ] } },
{ "type": "Feature", "properties": { "TLID": 184673697, "FEDIRP": "S", "FENAME": "Acera", "FETYPE": "St", "FEDIRS": null, "FRADDL": null, "TOADDL": null, "FRADDR": 5518.0, "TOADDR": 5512.0 }, "geometry": { "type": "LineString", "coordinates": [ [ 24.84753, 36.047218 ], [ 24.847674, 36.04722 ], [ 24.848369, 36.047227 ] ] } },
{ "type": "Feature", "properties": { "TLID": 184673708, "FEDIRP": "N", "FENAME": "Ionnanon", "FETYPE": "St", "FEDIRS": null, "FRADDL": 3999.0, "TOADDL": 3937.0, "FRADDR": 3998.0, "TOADDR": 3936.0 }, "geometry": { "type": "LineString", "coordinates": [ [ 24.842629, 36.080767 ], [ 24.842652, 36.080334 ], [ 24.842722, 36.080129 ], [ 24.842855, 36.079812 ], [ 24.842997, 36.079582 ], [ 24.84286, 36.079186 ] ] } },
{ "type": "Feature", "properties": { "TLID": 184673783, "FEDIRP": "N", "FENAME": "Barwyn", "FETYPE": "St", "FEDIRS": null, "FRADDL": 5500.0, "TOADDL": 5898.0, "FRADDR": 5501.0, "TOADDR": 5599.0 }, "geometry": { "type": "LineString", "coordinates": [ [ 24.849663, 36.07432 ], [ 24.848328, 36.07432 ], [ 24.848163, 36.07432 ] ] } },
{ "type": "Feature", "properties": { "TLID": 184674339, "FEDIRP": "N", "FENAME": "Undeg", "FETYPE": "Dr", "FEDIRS": null, "FRADDL": 2700.0, "TOADDL": 3098.0, "FRADDR": 2701.0, "TOADDR": 3099.0 }, "geometry": { "type": "LineString", "coordinates": [ [ 24.826463, 36.06672 ], [ 24.826763, 36.06742 ], [ 24.828303, 36.069139 ] ] } },
{ "type": "Feature", "properties": { "TLID": 184674340, "FEDIRP": "N", "FENAME": "Owena", "FETYPE": "Pl", "FEDIRS": null, "FRADDL": 2832.0, "TOADDL": 2910.0, "FRADDR": 2663.0, "TOADDR": 2821.0 }, "geometry": { "type": "LineString", "coordinates": [ [ 24.831156, 36.067231 ], [ 24.831187, 36.067513 ], [ 24.829981, 36.068162 ] ] } },
{ "type": "Feature", "properties": { "TLID": 184674341, "FEDIRP": "N", "FENAME": "Kakavaki", "FETYPE": "St", "FEDIRS": null, "FRADDL": 3700.0, "TOADDL": 3998.0, "FRADDR": 3701.0, "TOADDR": 3999.0 }, "geometry": { "type": "LineString", "coordinates": [ [ 24.835363, 36.07562 ], [ 24.835363, 36.07592 ], [ 24.835563, 36.07732 ], [ 24.836463, 36.07792 ], [ 24.836263, 36.07862 ], [ 24.836363, 36.08002 ] ] } },
{ "type": "Feature", "properties": { "TLID": 184674342, "FEDIRP": "N", "FENAME": "Opalante", "FETYPE": "Dr", "FEDIRS": null, "FRADDL": 2400.0, "TOADDL": 2498.0, "FRADDR": 2401.0, "TOADDR": 2499.0 }, "geometry": { "type": "LineString", "coordinates": [ [ 24.828863, 36.06462 ], [ 24.831385, 36.06611 ], [ 24.833811, 36.066674 ] ] } },
{ "type": "Feature", "properties": { "TLID": 184674353, "FEDIRP": "N", "FENAME": "Wenna", "FETYPE": "St", "FEDIRS": null, "FRADDL": 5000.0, "TOADDL": 5098.0, "FRADDR": 5001.0, "TOADDR": 5099.0 }, "geometry": { "type": "LineString", "coordinates": [ [ 24.837463, 36.09112 ], [ 24.837463, 36.09162 ], [ 24.837504, 36.09298 ] ] } },
{ "type": "Feature", "properties": { "TLID": 184674356, "FEDIRP": "N", "FENAME": "Havet", "FETYPE": "Dr", "FEDIRS": null, "FRADDL": 3724.0, "TOADDL": 3898.0, "FRADDR": 3801.0, "TOADDR": 3899.0 }, "geometry": { "type": "LineString", "coordinates": [ [ 24.842599, 36.076895 ], [ 24.841761, 36.076905 ], [ 24.841266, 36.076985 ], [ 24.840782, 36.077118 ], [ 24.840499, 36.077278 ], [ 24.840287, 36.077397 ], [ 24.840157, 36.077674 ], [ 24.840157, 36.078002 ], [ 24.840144, 36.079057 ], [ 24.840144, 36.079415 ] ] } },
{ "type": "Feature", "properties": { "TLID": 184674358, "FEDIRP": "N", "FENAME": "Tzavella", "FETYPE": "St", "FEDIRS": null, "FRADDL": 3899.0, "TOADDL": 3801.0, "FRADDR": null, "TOADDR": null }, "geometry": { "type": "LineString", "coordinates": [ [ 24.843714, 36.078851 ], [ 24.843638, 36.078149 ], [ 24.843597, 36.077536 ] ] } },
{ "type": "Feature", "properties": { "TLID": 184674359, "FEDIRP": "N", "FENAME": "Brada", "FETYPE": "St", "FEDIRS": null, "FRADDL": 5500.0, "TOADDL": 5598.0, "FRADDR": 5501.0, "TOADDR": 5599.0 }, "geometry": { "type": "LineString", "coordinates": [ [ 24.849497, 36.079025 ], [ 24.848894, 36.079036 ], [ 24.848506, 36.079033 ] ] } },
{ "type": "Feature", "properties": { "TLID": 184674362, "FEDIRP": "N", "FENAME": "Camino", "FETYPE": "St", "FEDIRS": null, "FRADDL": 6101.0, "TOADDL": 6001.0, "FRADDR": null, "TOADDR": null }, "geometry": { "type": "LineString", "coordinates": [ [ 24.842629, 36.080767 ], [ 24.84341, 36.080772 ], [ 24.843638, 36.080773 ] ] } },
{ "type": "Feature", "properties": { "TLID": 184674364, "FEDIRP": "N", "FENAME": "Filis", "FETYPE": "St", "FEDIRS": null, "FRADDL": 4100.0, "TOADDL": 4198.0, "FRADDR": 4101.0, "TOADDR": 4199.0 }, "geometry": { "type": "LineString", "coordinates": [ [ 24.852863, 36.08082 ], [ 24.852863, 36.080911 ], [ 24.852863, 36.08172 ] ] } },
{ "type": "Feature", "properties": { "TLID": 184674367, "FEDIRP": "N", "FENAME": "Opalante", "FETYPE": "Dr", "FEDIRS": null, "FRADDL": 3400.0, "TOADDL": 3698.0, "FRADDR": 3401.0, "TOADDR": 3699.0 }, "geometry": { "type": "LineString", "coordinates": [ [ 24.838686, 36.073817 ], [ 24.838963, 36.07462 ], [ 24.839163, 36.07692 ] ] } },
{ "type": "Feature", "properties": { "TLID": 184674368, "FEDIRP": "N", "FENAME": "Wenna", "FETYPE": "St", "FEDIRS": null, "FRADDL": 3300.0, "TOADDL": 3498.0, "FRADDR": 3301.0, "TOADDR": 3499.0 }, "geometry": { "type": "LineString", "coordinates": [ [ 24.838541, 36.070931 ], [ 24.838587, 36.071816 ], [ 24.839263, 36.07292 ], [ 24.839663, 36.07342 ] ] } },
{ "type": "Feature", "properties": { "TLID": 184674370, "FEDIRP": "N", "FENAME": "Thramvou", "FETYPE": "Dr", "FEDIRS": null, "FRADDL": 6100.0, "TOADDL": 6198.0, "FRADDR": 6101.0, "TOADDR": 6199.0 }, "geometry": { "type": "LineString", "coordinates": [ [ 24.842363, 36.07202 ], [ 24.841863, 36.07252 ], [ 24.841563, 36.07262 ] ] } },
{ "type": "Feature", "properties": { "TLID": 184674371, "FEDIRP": "N", "FENAME": "Thermopilon", "FETYPE": "St", "FEDIRS": null, "FRADDL": 2600.0, "TOADDL": 2798.0, "FRADDR": 2601.0, "TOADDR": 2799.0 }, "geometry": { "type": "LineString", "coordinates": [ [ 24.839763, 36.06582 ], [ 24.839777, 36.067208 ], [ 24.839686, 36.068559 ] ] } },
{ "type": "Feature", "properties": { "TLID": 184674372, "FEDIRP": "N", "FENAME": "Bairn", "FETYPE": "St", "FEDIRS": null, "FRADDL": 5700.0, "TOADDL": 5898.0, "FRADDR": 5701.0, "TOADDR": 5899.0 }, "geometry": { "type": "LineString", "coordinates": [ [ 24.849564, 36.07242 ], [ 24.846263, 36.07242 ], [ 24.844263, 36.07242 ] ] } },
{ "type": "Feature", "properties": { "TLID": 184674374, "FEDIRP": null, "FENAME": null, "FETYPE": null, "FEDIRS": null, "FRADDL": null, "TOADDL": null, "FRADDR": null, "TOADDR": null }, "geometry": { "type": "LineString", "coordinates": [ [ 24.840602, 36.05565 ], [ 24.84048, 36.055825 ], [ 24.84074, 36.056214 ], [ 24.839385, 36.056276 ], [ 24.839061, 36.056291 ], [ 24.839041, 36.056453 ], [ 24.838985, 36.056893 ] ] } },
{ "type": "Feature", "properties": { "TLID": 184674375, "FEDIRP": null, "FENAME": "Lakendra", "FETYPE": "Pky", "FEDIRS": null, "FRADDL": null, "TOADDL": null, "FRADDR": null, "TOADDR": null }, "geometry": { "type": "LineString", "coordinates": [ [ 24.838985, 36.056893 ], [ 24.839885, 36.057214 ], [ 24.840221, 36.057504 ] ] } },
{ "type": "Feature", "properties": { "TLID": 184674376, "FEDIRP": "N", "FENAME": "Finiatur", "FETYPE": "St", "FEDIRS": null, "FRADDL": 3700.0, "TOADDL": 3798.0, "FRADDR": 3701.0, "TOADDR": 3799.0 }, "geometry": { "type": "LineString", "coordinates": [ [ 24.850963, 36.07612 ], [ 24.850963, 36.07732 ], [ 24.850963, 36.07802 ] ] } },
{ "type": "Feature", "properties": { "TLID": 184674378, "FEDIRP": null, "FENAME": "Rist", "FETYPE": "Way", "FEDIRS": null, "FRADDL": 4100.0, "TOADDL": 4398.0, "FRADDR": 4101.0, "TOADDR": 4399.0 }, "geometry": { "type": "LineString", "coordinates": [ [ 24.871486, 36.081658 ], [ 24.867264, 36.08522 ], [ 24.863918, 36.087884 ] ] } },
{ "type": "Feature", "properties": { "TLID": 184674382, "FEDIRP": "N", "FENAME": "Polvo", "FETYPE": "St", "FEDIRS": null, "FRADDL": 3800.0, "TOADDL": 3908.0, "FRADDR": 3801.0, "TOADDR": 3899.0 }, "geometry": { "type": "LineString", "coordinates": [ [ 24.871464, 36.07712 ], [ 24.871464, 36.07752 ], [ 24.87141, 36.078218 ] ] } },
{ "type": "Feature", "properties": { "TLID": 184674384, "FEDIRP": null, "FENAME": "Exadakitiou", "FETYPE": "Way", "FEDIRS": null, "FRADDL": null, "TOADDL": null, "FRADDR": null, "TOADDR": null }, "geometry": { "type": "LineString", "coordinates": [ [ 24.882075, 36.074956 ], [ 24.882364, 36.07522 ], [ 24.882564, 36.07542 ] ] } },
{ "type": "Feature", "properties": { "TLID": 184674385, "FEDIRP": null, "FENAME": "Exadakitiou", "FETYPE": "Way", "FEDIRS": null, "FRADDL": null, "TOADDL": null, "FRADDR": null, "TOADDR": null }, "geometry": { "type": "LineString", "coordinates": [ [ 24.881264, 36.07362 ], [ 24.881435, 36.074227 ], [ 24.881694, 36.07467 ] ] } },
{ "type": "Feature", "properties": { "TLID": 184674387, "FEDIRP": null, "FENAME": "Rist", "FETYPE": "Way", "FEDIRS": null, "FRADDL": 2600.0, "TOADDL": 3198.0, "FRADDR": 2601.0, "TOADDR": 3099.0 }, "geometry": { "type": "LineString", "coordinates": [ [ 24.890793, 36.071372 ], [ 24.889264, 36.071621 ], [ 24.882964, 36.07522 ], [ 24.882564, 36.07542 ] ] } },
{ "type": "Feature", "properties": { "TLID": 184674391, "FEDIRP": "S", "FENAME": "Ermou", "FETYPE": "St", "FEDIRS": null, "FRADDL": null, "TOADDL": null, "FRADDR": null, "TOADDR": null }, "geometry": { "type": "LineString", "coordinates": [ [ 24.848369, 36.048074 ], [ 24.848615, 36.048079 ], [ 24.849898, 36.048106 ] ] } },
{ "type": "Feature", "properties": { "TLID": 184674392, "FEDIRP": null, "FENAME": null, "FETYPE": null, "FEDIRS": null, "FRADDL": null, "TOADDL": null, "FRADDR": null, "TOADDR": null }, "geometry": { "type": "LineString", "coordinates": [ [ 24.846849, 36.047982 ], [ 24.846828, 36.048104 ], [ 24.846858, 36.049127 ] ] } },
{ "type": "Feature", "properties": { "TLID": 184674404, "FEDIRP": null, "FENAME": "Rist", "FETYPE": "Way", "FEDIRS": null, "FRADDL": 2200.0, "TOADDL": 2498.0, "FRADDR": 2201.0, "TOADDR": 2499.0 }, "geometry": { "type": "LineString", "coordinates": [ [ 24.895165, 36.070621 ], [ 24.893565, 36.070921 ], [ 24.891302, 36.071289 ] ] } },
{ "type": "Feature", "properties": { "TLID": 184674407, "FEDIRP": null, "FENAME": "Kartong", "FETYPE": null, "FEDIRS": null, "FRADDL": null, "TOADDL": null, "FRADDR": null, "TOADDR": null }, "geometry": { "type": "LineString", "coordinates": [ [ 24.902065, 36.063021 ], [ 24.901821, 36.0641 ], [ 24.901595, 36.065101 ] ] } },
{ "type": "Feature", "properties": { "TLID": 184674408, "FEDIRP": "N", "FENAME": "Sannan", "FETYPE": "Pky", "FEDIRS": null, "FRADDL": null, "TOADDL": null, "FRADDR": null, "TOADDR": null }, "geometry": { "type": "LineString", "coordinates": [ [ 24.905534, 36.067183 ], [ 24.905265, 36.067321 ], [ 24.901501, 36.068499 ] ] } },
{ "type": "Feature", "properties": { "TLID": 184674409, "FEDIRP": "N", "FENAME": "Sina", "FETYPE": "Way", "FEDIRS": null, "FRADDL": 900.0, "TOADDL": 998.0, "FRADDR": 901.0, "TOADDR": 999.0 }, "geometry": { "type": "LineString", "coordinates": [ [ 24.903465, 36.066421 ], [ 24.903065, 36.067221 ], [ 24.90243, 36.067645 ] ] } },
{ "type": "Feature", "properties": { "TLID": 184674412, "FEDIRP": null, "FENAME": "Narwhal", "FETYPE": "Way", "FEDIRS": null, "FRADDL": 301.0, "TOADDL": 405.0, "FRADDR": 300.0, "TOADDR": 404.0 }, "geometry": { "type": "LineString", "coordinates": [ [ 24.906665, 36.055021 ], [ 24.906865, 36.054021 ], [ 24.906876, 36.053967 ] ] } },
{ "type": "Feature", "properties": { "TLID": 184674542, "FEDIRP": null, "FENAME": "Isminis", "FETYPE": null, "FEDIRS": null, "FRADDL": null, "TOADDL": null, "FRADDR": null, "TOADDR": null }, "geometry": { "type": "LineString", "coordinates": [ [ 24.82403, 36.05264 ], [ 24.824609, 36.052812 ], [ 24.825413, 36.053166 ] ] } },
{ "type": "Feature", "properties": { "TLID": 184675018, "FEDIRP": "N", "FENAME": "Arkadou", "FETYPE": "St", "FEDIRS": null, "FRADDL": 6900.0, "TOADDL": 6998.0, "FRADDR": 6901.0, "TOADDR": 6999.0 }, "geometry": { "type": "LineString", "coordinates": [ [ 24.831063, 36.06672 ], [ 24.830979, 36.066729 ], [ 24.829263, 36.06692 ] ] } },
{ "type": "Feature", "properties": { "TLID": 184675019, "FEDIRP": "N", "FENAME": "Santaroza", "FETYPE": "St", "FEDIRS": null, "FRADDL": 5700.0, "TOADDL": 5898.0, "FRADDR": 5701.0, "TOADDR": 5899.0 }, "geometry": { "type": "LineString", "coordinates": [ [ 24.845963, 36.08712 ], [ 24.845881, 36.08712 ], [ 24.844473, 36.087127 ] ] } },
{ "type": "Feature", "properties": { "TLID": 184675020, "FEDIRP": "N", "FENAME": "Carnero", "FETYPE": "St", "FEDIRS": null, "FRADDL": 5600.0, "TOADDL": 5698.0, "FRADDR": 5601.0, "TOADDR": 5699.0 }, "geometry": { "type": "LineString", "coordinates": [ [ 24.847868, 36.081808 ], [ 24.847811, 36.081813 ], [ 24.845956, 36.081826 ] ] } },
{ "type": "Feature", "properties": { "TLID": 184675021, "FEDIRP": "N", "FENAME": "Carden", "FETYPE": "St", "FEDIRS": null, "FRADDL": 5300.0, "TOADDL": 5398.0, "FRADDR": 5301.0, "TOADDR": 5399.0 }, "geometry": { "type": "LineString", "coordinates": [ [ 24.852863, 36.08082 ], [ 24.852772, 36.080826 ], [ 24.851337, 36.080789 ] ] } },
{ "type": "Feature", "properties": { "TLID": 184675022, "FEDIRP": "N", "FENAME": "Opalante", "FETYPE": "Dr", "FEDIRS": null, "FRADDL": 3100.0, "TOADDL": 3198.0, "FRADDR": 3101.0, "TOADDR": 3199.0 }, "geometry": { "type": "LineString", "coordinates": [ [ 24.83645, 36.069063 ], [ 24.836478, 36.069176 ], [ 24.836588, 36.069612 ], [ 24.837083, 36.070371 ], [ 24.837229, 36.070595 ] ] } },
{ "type": "Feature", "properties": { "TLID": 184675023, "FEDIRP": "S", "FENAME": "Yonille", "FETYPE": "St", "FEDIRS": null, "FRADDL": 898.0, "TOADDL": 750.0, "FRADDR": 899.0, "TOADDR": 801.0 }, "geometry": { "type": "LineString", "coordinates": [ [ 24.848369, 36.048074 ], [ 24.848363, 36.048495 ], [ 24.848354, 36.049127 ] ] } },
{ "type": "Feature", "properties": { "TLID": 184675024, "FEDIRP": "N", "FENAME": "Arkadiou", "FETYPE": "St", "FEDIRS": null, "FRADDL": 2300.0, "TOADDL": 2998.0, "FRADDR": 2701.0, "TOADDR": 2999.0 }, "geometry": { "type": "LineString", "coordinates": [ [ 24.888065, 36.065621 ], [ 24.887747, 36.065607 ], [ 24.885865, 36.065521 ] ] } },
{ "type": "Feature", "properties": { "TLID": 184675025, "FEDIRP": "N", "FENAME": "Alexandrias", "FETYPE": "St", "FEDIRS": null, "FRADDL": 2900.0, "TOADDL": 2998.0, "FRADDR": 2901.0, "TOADDR": 2999.0 }, "geometry": { "type": "LineString", "coordinates": [ [ 24.886765, 36.059221 ], [ 24.885507, 36.059311 ], [ 24.885365, 36.059321 ] ] } },
{ "type": "Feature", "properties": { "TLID": 184675026, "FEDIRP": "S", "FENAME": "Yonille", "FETYPE": "St", "FEDIRS": null, "FRADDL": 906.0, "TOADDL": 900.0, "FRADDR": 999.0, "TOADDR": 901.0 }, "geometry": { "type": "LineString", "coordinates": [ [ 24.848369, 36.047227 ], [ 24.848369, 36.04762 ], [ 24.848369, 36.048074 ] ] } },
{ "type": "Feature", "properties": { "TLID": 184675028, "FEDIRP": "S", "FENAME": "Omirou", "FETYPE": "St", "FEDIRS": null, "FRADDL": 601.0, "TOADDL": 699.0, "FRADDR": 600.0, "TOADDR": 698.0 }, "geometry": { "type": "LineString", "coordinates": [ [ 24.859464, 36.05022 ], [ 24.859464, 36.049409 ], [ 24.859464, 36.04932 ] ] } },
{ "type": "Feature", "properties": { "TLID": 184675029, "FEDIRP": "S", "FENAME": "Mattadou", "FETYPE": "St", "FEDIRS": null, "FRADDL": 1101.0, "TOADDL": 1199.0, "FRADDR": 1100.0, "TOADDR": 1198.0 }, "geometry": { "type": "LineString", "coordinates": [ [ 24.881165, 36.045721 ], [ 24.881165, 36.045015 ] ] } },
{ "type": "Feature", "properties": { "TLID": 184675031, "FEDIRP": "N", "FENAME": "Asiant", "FETYPE": "St", "FEDIRS": null, "FRADDL": 2600.0, "TOADDL": 2698.0, "FRADDR": 2601.0, "TOADDR": 2699.0 }, "geometry": { "type": "LineString", "coordinates": [ [ 24.890365, 36.068221 ], [ 24.890286, 36.068221 ], [ 24.888765, 36.068221 ] ] } },
{ "type": "Feature", "properties": { "TLID": 184675061, "FEDIRP": "N", "FENAME": "Brada", "FETYPE": "St", "FEDIRS": null, "FRADDL": 4131.0, "TOADDL": 3801.0, "FRADDR": 3898.0, "TOADDR": 3800.0 }, "geometry": { "type": "LineString", "coordinates": [ [ 24.87141, 36.078218 ], [ 24.871494, 36.078213 ], [ 24.872112, 36.078179 ] ] } },
{ "type": "Feature", "properties": { "TLID": 184675062, "FEDIRP": "N", "FENAME": "Carnero", "FETYPE": "St", "FEDIRS": null, "FRADDL": 5900.0, "TOADDL": 6098.0, "FRADDR": 5901.0, "TOADDR": 5999.0 }, "geometry": { "type": "LineString", "coordinates": [ [ 24.844363, 36.08182 ], [ 24.842941, 36.081825 ], [ 24.841761, 36.081869 ] ] } },
{ "type": "Feature", "properties": { "TLID": 184675408, "FEDIRP": "N", "FENAME": "Opalante", "FETYPE": "Dr", "FEDIRS": null, "FRADDL": 3300.0, "TOADDL": 3398.0, "FRADDR": 3301.0, "TOADDR": 3399.0 }, "geometry": { "type": "LineString", "coordinates": [ [ 24.837597, 36.071159 ], [ 24.837795, 36.071462 ], [ 24.837963, 36.07172 ], [ 24.838686, 36.073817 ] ] } },
{ "type": "Feature", "properties": { "TLID": 184675426, "FEDIRP": null, "FENAME": null, "FETYPE": null, "FEDIRS": null, "FRADDL": null, "TOADDL": null, "FRADDR": null, "TOADDR": null }, "geometry": { "type": "LineString", "coordinates": [ [ 24.876264, 36.06972 ], [ 24.876374, 36.069897 ], [ 24.876481, 36.070054 ], [ 24.876547, 36.070109 ], [ 24.87661, 36.06993 ], [ 24.876609, 36.069236 ] ] } },
{ "type": "Feature", "properties": { "TLID": 184675427, "FEDIRP": "N", "FENAME": "Taxiarchon", "FETYPE": "Ave", "FEDIRS": null, "FRADDL": null, "TOADDL": null, "FRADDR": null, "TOADDR": null }, "geometry": { "type": "LineString", "coordinates": [ [ 24.87661, 36.06122 ], [ 24.87661, 36.061147 ], [ 24.876583, 36.06032 ] ] } },
{ "type": "Feature", "properties": { "TLID": 184677061, "FEDIRP": null, "FENAME": "Egeou", "FETYPE": "Ave", "FEDIRS": null, "FRADDL": 7100.0, "TOADDL": 7198.0, "FRADDR": 7101.0, "TOADDR": 7199.0 }, "geometry": { "type": "LineString", "coordinates": [ [ 24.828805, 36.050428 ], [ 24.828239, 36.050438 ], [ 24.827461, 36.050435 ] ] } },
{ "type": "Feature", "properties": { "TLID": 184677096, "FEDIRP": "N", "FENAME": "Lakendra", "FETYPE": "Pky", "FEDIRS": null, "FRADDL": 1236.0, "TOADDL": 1298.0, "FRADDR": 1237.0, "TOADDR": 1299.0 }, "geometry": { "type": "LineString", "coordinates": [ [ 24.837383, 36.056794 ], [ 24.837292, 36.057132 ], [ 24.837163, 36.05752 ] ] } },
{ "type": "Feature", "properties": { "TLID": 184677097, "FEDIRP": "N", "FENAME": "Lakendra", "FETYPE": "Pky", "FEDIRS": null, "FRADDL": 1308.0, "TOADDL": 1598.0, "FRADDR": null, "TOADDR": null }, "geometry": { "type": "LineString", "coordinates": [ [ 24.836863, 36.057923 ], [ 24.836963, 36.05872 ], [ 24.835963, 36.05952 ] ] } },
{ "type": "Feature", "properties": { "TLID": 184679760, "FEDIRP": "N", "FENAME": "Peque", "FETYPE": "Way", "FEDIRS": null, "FRADDL": 6300.0, "TOADDL": 6450.0, "FRADDR": 6301.0, "TOADDR": 6449.0 }, "geometry": { "type": "LineString", "coordinates": [ [ 24.839163, 36.09332 ], [ 24.837626, 36.094033 ] ] } },
{ "type": "Feature", "properties": { "TLID": 184679761, "FEDIRP": "N", "FENAME": "Peque", "FETYPE": "Way", "FEDIRS": null, "FRADDL": 6452.0, "TOADDL": 6598.0, "FRADDR": 6451.0, "TOADDR": 6599.0 }, "geometry": { "type": "LineString", "coordinates": [ [ 24.837626, 36.094033 ], [ 24.837168, 36.094338 ], [ 24.836512, 36.094789 ] ] } },
{ "type": "Feature", "properties": { "TLID": 184679762, "FEDIRP": "N", "FENAME": "Dodonis", "FETYPE": "St", "FEDIRS": null, "FRADDL": 6500.0, "TOADDL": 6698.0, "FRADDR": 6501.0, "TOADDR": 6699.0 }, "geometry": { "type": "LineString", "coordinates": [ [ 24.837626, 36.094033 ], [ 24.835568, 36.093822 ], [ 24.835298, 36.093808 ] ] } },
{ "type": "Feature", "properties": { "TLID": 184679764, "FEDIRP": "N", "FENAME": "Thrakis", "FETYPE": "Dr", "FEDIRS": null, "FRADDL": 6498.0, "TOADDL": 6416.0, "FRADDR": 6499.0, "TOADDR": 6401.0 }, "geometry": { "type": "LineString", "coordinates": [ [ 24.834863, 36.07552 ], [ 24.834585, 36.076012 ] ] } },
{ "type": "Feature", "properties": { "TLID": 184679766, "FEDIRP": "N", "FENAME": "Scarkeme", "FETYPE": "St", "FEDIRS": null, "FRADDL": 3100.0, "TOADDL": 3298.0, "FRADDR": 3101.0, "TOADDR": 3299.0 }, "geometry": { "type": "LineString", "coordinates": [ [ 24.849564, 36.07062 ], [ 24.849543, 36.072159 ], [ 24.849564, 36.07242 ] ] } },
{ "type": "Feature", "properties": { "TLID": 184683540, "FEDIRP": "N", "FENAME": "Derwen", "FETYPE": "St", "FEDIRS": null, "FRADDL": null, "TOADDL": null, "FRADDR": null, "TOADDR": null }, "geometry": { "type": "LineString", "coordinates": [ [ 24.834363, 36.08782 ], [ 24.833882, 36.087907 ] ] } },
{ "type": "Feature", "properties": { "TLID": 184683543, "FEDIRP": "N", "FENAME": "Obil", "FETYPE": "St", "FEDIRS": null, "FRADDL": 4800.0, "TOADDL": 4828.0, "FRADDR": 4801.0, "TOADDR": 4829.0 }, "geometry": { "type": "LineString", "coordinates": [ [ 24.833882, 36.087907 ], [ 24.833878, 36.088374 ] ] } },
{ "type": "Feature", "properties": { "TLID": 184683544, "FEDIRP": "N", "FENAME": "Obil", "FETYPE": "St", "FEDIRS": null, "FRADDL": 4830.0, "TOADDL": 4898.0, "FRADDR": 4831.0, "TOADDR": 4899.0 }, "geometry": { "type": "LineString", "coordinates": [ [ 24.833878, 36.088374 ], [ 24.833869, 36.0894 ], [ 24.833872, 36.089471 ] ] } },
{ "type": "Feature", "properties": { "TLID": 184683545, "FEDIRP": null, "FENAME": null, "FETYPE": null, "FEDIRS": null, "FRADDL": null, "TOADDL": null, "FRADDR": null, "TOADDR": null }, "geometry": { "type": "LineString", "coordinates": [ [ 24.833763, 36.09282 ], [ 24.833788, 36.094619 ] ] } },
{ "type": "Feature", "properties": { "TLID": 184683547, "FEDIRP": "N", "FENAME": "Peque", "FETYPE": "Way", "FEDIRS": null, "FRADDL": 6600.0, "TOADDL": 6698.0, "FRADDR": 6601.0, "TOADDR": 6699.0 }, "geometry": { "type": "LineString", "coordinates": [ [ 24.836512, 36.094789 ], [ 24.83389, 36.094618 ], [ 24.833788, 36.094619 ] ] } },
{ "type": "Feature", "properties": { "TLID": 184683548, "FEDIRP": "S", "FENAME": "Rosyn", "FETYPE": "Dr", "FEDIRS": null, "FRADDL": 4.0, "TOADDL": 4982.0, "FRADDR": 1.0, "TOADDR": 4983.0 }, "geometry": { "type": "LineString", "coordinates": [ [ 24.833763, 36.09282 ], [ 24.832896, 36.093148 ], [ 24.832377, 36.093247 ], [ 24.831797, 36.093377 ], [ 24.831216, 36.093415 ], [ 24.830301, 36.093415 ], [ 24.829843, 36.093461 ], [ 24.829522, 36.093461 ] ] } },
{ "type": "Feature", "properties": { "TLID": 184683549, "FEDIRP": null, "FENAME": "Rozarol", "FETYPE": "Rd", "FEDIRS": null, "FRADDL": null, "TOADDL": null, "FRADDR": null, "TOADDR": null }, "geometry": { "type": "LineString", "coordinates": [ [ 24.829522, 36.093461 ], [ 24.829324, 36.093377 ], [ 24.829141, 36.093202 ] ] } },
{ "type": "Feature", "properties": { "TLID": 184683552, "FEDIRP": "N", "FENAME": "Sachtouri", "FETYPE": "Ln", "FEDIRS": null, "FRADDL": null, "TOADDL": null, "FRADDR": null, "TOADDR": null }, "geometry": { "type": "LineString", "coordinates": [ [ 24.829522, 36.093461 ], [ 24.829619, 36.093219 ], [ 24.829874, 36.093105 ], [ 24.829901, 36.092982 ], [ 24.829902, 36.09288 ] ] } },
{ "type": "Feature", "properties": { "TLID": 184683553, "FEDIRP": "N", "FENAME": "Sachtouri", "FETYPE": "Ln", "FEDIRS": null, "FRADDL": 5099.0, "TOADDL": 4901.0, "FRADDR": 5098.0, "TOADDR": 4900.0 }, "geometry": { "type": "LineString", "coordinates": [ [ 24.829902, 36.09288 ], [ 24.829907, 36.092218 ], [ 24.830296, 36.091612 ], [ 24.83033, 36.091253 ], [ 24.830719, 36.09082 ], [ 24.831323, 36.090197 ], [ 24.831383, 36.089842 ] ] } },
{ "type": "Feature", "properties": { "TLID": 184684213, "FEDIRP": "N", "FENAME": "Achilleos", "FETYPE": "St", "FEDIRS": null, "FRADDL": 400.0, "TOADDL": 412.0, "FRADDR": 401.0, "TOADDR": 449.0 }, "geometry": { "type": "LineString", "coordinates": [ [ 24.899065, 36.065721 ], [ 24.898913, 36.065214 ] ] } },
{ "type": "Feature", "properties": { "TLID": 184684214, "FEDIRP": "N", "FENAME": "Achilleos", "FETYPE": "St", "FEDIRS": null, "FRADDL": 414.0, "TOADDL": 498.0, "FRADDR": 451.0, "TOADDR": 499.0 }, "geometry": { "type": "LineString", "coordinates": [ [ 24.898913, 36.065214 ], [ 24.898765, 36.064721 ] ] } },
{ "type": "Feature", "properties": { "TLID": 184684215, "FEDIRP": null, "FENAME": null, "FETYPE": null, "FEDIRS": null, "FRADDL": null, "TOADDL": null, "FRADDR": null, "TOADDR": null }, "geometry": { "type": "LineString", "coordinates": [ [ 24.898913, 36.065214 ], [ 24.900065, 36.064721 ] ] } },
{ "type": "Feature", "properties": { "TLID": 184684216, "FEDIRP": "N", "FENAME": "Irinis", "FETYPE": "St", "FEDIRS": null, "FRADDL": null, "TOADDL": null, "FRADDR": 701.0, "TOADDR": 707.0 }, "geometry": { "type": "LineString", "coordinates": [ [ 24.904365, 36.062921 ], [ 24.904161, 36.062982 ] ] } },
{ "type": "Feature", "properties": { "TLID": 184689164, "FEDIRP": "N", "FENAME": "Utanfor", "FETYPE": "St", "FEDIRS": null, "FRADDL": null, "TOADDL": null, "FRADDR": null, "TOADDR": null }, "geometry": { "type": "LineString", "coordinates": [ [ 24.879264, 36.06032 ], [ 24.879215, 36.058835 ] ] } },
{ "type": "Feature", "properties": { "TLID": 184692479, "FEDIRP": "N", "FENAME": "Helice", "FETYPE": "St", "FEDIRS": null, "FRADDL": 5419.0, "TOADDL": 5301.0, "FRADDR": 5418.0, "TOADDR": 5300.0 }, "geometry": { "type": "LineString", "coordinates": [ [ 24.849963, 36.09142 ], [ 24.851104, 36.091496 ], [ 24.851968, 36.091381 ] ] } },
{ "type": "Feature", "properties": { "TLID": 184692485, "FEDIRP": "N", "FENAME": "Diogenous", "FETYPE": "St", "FEDIRS": null, "FRADDL": 5400.0, "TOADDL": 5598.0, "FRADDR": 5401.0, "TOADDR": 5599.0 }, "geometry": { "type": "LineString", "coordinates": [ [ 24.847912, 36.090892 ], [ 24.846963, 36.09092 ] ] } },
{ "type": "Feature", "properties": { "TLID": 184692488, "FEDIRP": "N", "FENAME": "Distomou", "FETYPE": "St", "FEDIRS": null, "FRADDL": 5500.0, "TOADDL": 5598.0, "FRADDR": 5501.0, "TOADDR": 5599.0 }, "geometry": { "type": "LineString", "coordinates": [ [ 24.84843, 36.092985 ], [ 24.847594, 36.092945 ], [ 24.847063, 36.09282 ] ] } },
{ "type": "Feature", "properties": { "TLID": 184692491, "FEDIRP": "N", "FENAME": "Distomou", "FETYPE": "St", "FEDIRS": null, "FRADDL": 5300.0, "TOADDL": 5398.0, "FRADDR": 5301.0, "TOADDR": 5399.0 }, "geometry": { "type": "LineString", "coordinates": [ [ 24.851836, 36.093863 ], [ 24.850482, 36.093404 ], [ 24.849824, 36.092985 ] ] } },
{ "type": "Feature", "properties": { "TLID": 184692500, "FEDIRP": "N", "FENAME": "Rees", "FETYPE": "St", "FEDIRS": null, "FRADDL": 5100.0, "TOADDL": 5200.0, "FRADDR": 5101.0, "TOADDR": 5201.0 }, "geometry": { "type": "LineString", "coordinates": [ [ 24.855016, 36.088604 ], [ 24.853506, 36.088604 ] ] } },
{ "type": "Feature", "properties": { "TLID": 184692501, "FEDIRP": "N", "FENAME": "Rees", "FETYPE": "St", "FEDIRS": null, "FRADDL": 5202.0, "TOADDL": 5298.0, "FRADDR": 5203.0, "TOADDR": 5299.0 }, "geometry": { "type": "LineString", "coordinates": [ [ 24.853506, 36.088604 ], [ 24.852045, 36.088604 ] ] } },
{ "type": "Feature", "properties": { "TLID": 184692505, "FEDIRP": "N", "FENAME": "Desafio", "FETYPE": "St", "FEDIRS": null, "FRADDL": 4810.0, "TOADDL": 5098.0, "FRADDR": 4801.0, "TOADDR": 5099.0 }, "geometry": { "type": "LineString", "coordinates": [ [ 24.855003, 36.089515 ], [ 24.853482, 36.089518 ] ] } },
{ "type": "Feature", "properties": { "TLID": 184692506, "FEDIRP": "N", "FENAME": "Desafio", "FETYPE": "St", "FEDIRS": null, "FRADDL": 5100.0, "TOADDL": 5298.0, "FRADDR": 5101.0, "TOADDR": 5299.0 }, "geometry": { "type": "LineString", "coordinates": [ [ 24.853482, 36.089518 ], [ 24.851983, 36.08952 ] ] } },
{ "type": "Feature", "properties": { "TLID": 184692513, "FEDIRP": "N", "FENAME": "Hix", "FETYPE": "St", "FEDIRS": null, "FRADDL": 5499.0, "TOADDL": 5401.0, "FRADDR": 5498.0, "TOADDR": 5400.0 }, "geometry": { "type": "LineString", "coordinates": [ [ 24.848132, 36.090437 ], [ 24.849901, 36.090425 ], [ 24.850263, 36.09052 ], [ 24.850651, 36.090521 ] ] } },
{ "type": "Feature", "properties": { "TLID": 184696119, "FEDIRP": "N", "FENAME": "Alamanas", "FETYPE": "St", "FEDIRS": null, "FRADDL": 4893.0, "TOADDL": 4801.0, "FRADDR": 4892.0, "TOADDR": 4800.0 }, "geometry": { "type": "LineString", "coordinates": [ [ 24.857967, 36.058526 ], [ 24.859364, 36.05842 ] ] } },
{ "type": "Feature", "properties": { "TLID": 184696120, "FEDIRP": "N", "FENAME": "Ithakis", "FETYPE": "St", "FEDIRS": null, "FRADDL": 1400.0, "TOADDL": 1498.0, "FRADDR": 1401.0, "TOADDR": 1499.0 }, "geometry": { "type": "LineString", "coordinates": [ [ 24.857964, 36.05752 ], [ 24.857967, 36.058526 ] ] } },
{ "type": "Feature", "properties": { "TLID": 184696121, "FEDIRP": "N", "FENAME": "Alexandrias", "FETYPE": "St", "FEDIRS": null, "FRADDL": 4800.0, "TOADDL": 4894.0, "FRADDR": 4801.0, "TOADDR": 4895.0 }, "geometry": { "type": "LineString", "coordinates": [ [ 24.859364, 36.05942 ], [ 24.857965, 36.05942 ] ] } },
{ "type": "Feature", "properties": { "TLID": 184696122, "FEDIRP": "N", "FENAME": "Alexandrias", "FETYPE": "St", "FEDIRS": null, "FRADDL": 4896.0, "TOADDL": 4998.0, "FRADDR": 4897.0, "TOADDR": 4999.0 }, "geometry": { "type": "LineString", "coordinates": [ [ 24.857965, 36.05942 ], [ 24.856464, 36.05942 ] ] } },
{ "type": "Feature", "properties": { "TLID": 184696123, "FEDIRP": "N", "FENAME": "Ithakis", "FETYPE": "St", "FEDIRS": null, "FRADDL": 1500.0, "TOADDL": 1620.0, "FRADDR": 1501.0, "TOADDR": 1599.0 }, "geometry": { "type": "LineString", "coordinates": [ [ 24.857967, 36.058526 ], [ 24.857965, 36.05942 ] ] } },
{ "type": "Feature", "properties": { "TLID": 184696124, "FEDIRP": "N", "FENAME": "Tolleniau", "FETYPE": "St", "FEDIRS": null, "FRADDL": 2100.0, "TOADDL": 2298.0, "FRADDR": 2101.0, "TOADDR": 2299.0 }, "geometry": { "type": "LineString", "coordinates": [ [ 24.853664, 36.06202 ], [ 24.853659, 36.063504 ] ] } },
{ "type": "Feature", "properties": { "TLID": 184696125, "FEDIRP": "N", "FENAME": "Achilleos", "FETYPE": "St", "FEDIRS": null, "FRADDL": 3300.0, "TOADDL": 3332.0, "FRADDR": 3301.0, "TOADDR": 3305.0 }, "geometry": { "type": "LineString", "coordinates": [ [ 24.880865, 36.05482 ], [ 24.879465, 36.05482 ], [ 24.879301, 36.054815 ] ] } },
{ "type": "Feature", "properties": { "TLID": 184696126, "FEDIRP": "N", "FENAME": "Achilleos", "FETYPE": "St", "FEDIRS": null, "FRADDL": 3334.0, "TOADDL": 3392.0, "FRADDR": 3307.0, "TOADDR": 3319.0 }, "geometry": { "type": "LineString", "coordinates": [ [ 24.879301, 36.054815 ], [ 24.876405, 36.054727 ] ] } },
{ "type": "Feature", "properties": { "TLID": 184696127, "FEDIRP": "N", "FENAME": "Utanfor", "FETYPE": "St", "FEDIRS": null, "FRADDL": 1100.0, "TOADDL": 1198.0, "FRADDR": 1101.0, "TOADDR": 1199.0 }, "geometry": { "type": "LineString", "coordinates": [ [ 24.879301, 36.054815 ], [ 24.879302, 36.055626 ] ] } },
{ "type": "Feature", "properties": { "TLID": 184696739, "FEDIRP": "N", "FENAME": "Bilar", "FETYPE": "St", "FEDIRS": null, "FRADDL": 5100.0, "TOADDL": 5198.0, "FRADDR": 5101.0, "TOADDR": 5199.0 }, "geometry": { "type": "LineString", "coordinates": [ [ 24.855064, 36.07662 ], [ 24.853364, 36.07612 ] ] } },
{ "type": "Feature", "properties": { "TLID": 184696740, "FEDIRP": "N", "FENAME": "Bairn", "FETYPE": "St", "FEDIRS": null, "FRADDL": 4000.0, "TOADDL": 4046.0, "FRADDR": 3901.0, "TOADDR": 3985.0 }, "geometry": { "type": "LineString", "coordinates": [ [ 24.87119, 36.072412 ], [ 24.869858, 36.072373 ] ] } },
{ "type": "Feature", "properties": { "TLID": 184696741, "FEDIRP": "N", "FENAME": "Bairn", "FETYPE": "St", "FEDIRS": null, "FRADDL": 4048.0, "TOADDL": 4098.0, "FRADDR": 3987.0, "TOADDR": 4099.0 }, "geometry": { "type": "LineString", "coordinates": [ [ 24.869858, 36.072373 ], [ 24.868064, 36.07232 ] ] } },
{ "type": "Feature", "properties": { "TLID": 184696742, "FEDIRP": "N", "FENAME": "Mikonou", "FETYPE": "St", "FEDIRS": null, "FRADDL": 3200.0, "TOADDL": 3298.0, "FRADDR": 3201.0, "TOADDR": 3299.0 }, "geometry": { "type": "LineString", "coordinates": [ [ 24.869964, 36.07132 ], [ 24.869858, 36.072373 ] ] } },
{ "type": "Feature", "properties": { "TLID": 184696743, "FEDIRP": "N", "FENAME": "Mikonou", "FETYPE": "St", "FEDIRS": null, "FRADDL": 3300.0, "TOADDL": 3398.0, "FRADDR": 3301.0, "TOADDR": 3399.0 }, "geometry": { "type": "LineString", "coordinates": [ [ 24.869858, 36.072373 ], [ 24.869764, 36.07332 ] ] } },
{ "type": "Feature", "properties": { "TLID": 184697542, "FEDIRP": "S", "FENAME": "Achilleos", "FETYPE": "St", "FEDIRS": null, "FRADDL": 5500.0, "TOADDL": 5598.0, "FRADDR": 5517.0, "TOADDR": 5599.0 }, "geometry": { "type": "LineString", "coordinates": [ [ 24.847066, 36.046145 ], [ 24.845664, 36.04612 ] ] } },
{ "type": "Feature", "properties": { "TLID": 184697554, "FEDIRP": null, "FENAME": null, "FETYPE": null, "FEDIRS": null, "FRADDL": null, "TOADDL": null, "FRADDR": null, "TOADDR": null }, "geometry": { "type": "LineString", "coordinates": [ [ 24.839164, 36.04662 ], [ 24.839272, 36.046698 ], [ 24.839542, 36.04672 ], [ 24.839731, 36.046687 ], [ 24.840111, 36.046591 ], [ 24.840491, 36.046612 ], [ 24.841108, 36.046795 ], [ 24.84133, 36.047192 ], [ 24.841425, 36.047546 ] ] } },
{ "type": "Feature", "properties": { "TLID": 184699899, "FEDIRP": null, "FENAME": null, "FETYPE": null, "FEDIRS": null, "FRADDL": null, "TOADDL": null, "FRADDR": null, "TOADDR": null }, "geometry": { "type": "LineString", "coordinates": [ [ 24.850141, 36.091361 ], [ 24.849963, 36.09142 ] ] } },
{ "type": "Feature", "properties": { "TLID": 184699900, "FEDIRP": null, "FENAME": null, "FETYPE": null, "FEDIRS": null, "FRADDL": null, "TOADDL": null, "FRADDR": null, "TOADDR": null }, "geometry": { "type": "LineString", "coordinates": [ [ 24.851968, 36.091381 ], [ 24.851828, 36.091348 ] ] } },
{ "type": "Feature", "properties": { "TLID": 184699903, "FEDIRP": "N", "FENAME": "Leeno", "FETYPE": "St", "FEDIRS": null, "FRADDL": 4950.0, "TOADDL": 4974.0, "FRADDR": 4951.0, "TOADDR": 4975.0 }, "geometry": { "type": "LineString", "coordinates": [ [ 24.845463, 36.09007 ], [ 24.845463, 36.09012 ], [ 24.845463, 36.090173 ] ] } },
{ "type": "Feature", "properties": { "TLID": 184699904, "FEDIRP": "N", "FENAME": "Leeno", "FETYPE": "St", "FEDIRS": null, "FRADDL": 4900.0, "TOADDL": 4948.0, "FRADDR": 4901.0, "TOADDR": 4949.0 }, "geometry": { "type": "LineString", "coordinates": [ [ 24.845463, 36.08952 ], [ 24.845463, 36.08962 ] ] } },
{ "type": "Feature", "properties": { "TLID": 184701174, "FEDIRP": "N", "FENAME": "Agiasou", "FETYPE": "St", "FEDIRS": null, "FRADDL": 3300.0, "TOADDL": 3398.0, "FRADDR": 3301.0, "TOADDR": 3399.0 }, "geometry": { "type": "LineString", "coordinates": [ [ 24.880765, 36.05662 ], [ 24.879248, 36.056603 ] ] } },
{ "type": "Feature", "properties": { "TLID": 184701175, "FEDIRP": "N", "FENAME": "Utanfor", "FETYPE": "St", "FEDIRS": null, "FRADDL": 1300.0, "TOADDL": 1450.0, "FRADDR": 1301.0, "TOADDR": 1451.0 }, "geometry": { "type": "LineString", "coordinates": [ [ 24.879248, 36.056603 ], [ 24.879208, 36.058383 ] ] } },
{ "type": "Feature", "properties": { "TLID": 184701231, "FEDIRP": "N", "FENAME": "Estos", "FETYPE": "St", "FEDIRS": null, "FRADDL": 3800.0, "TOADDL": 3824.0, "FRADDR": 3801.0, "TOADDR": 3821.0 }, "geometry": { "type": "LineString", "coordinates": [ [ 24.873464, 36.07822 ], [ 24.873567, 36.078297 ] ] } },
{ "type": "Feature", "properties": { "TLID": 184701232, "FEDIRP": "N", "FENAME": "Estos", "FETYPE": "St", "FEDIRS": null, "FRADDL": 3908.0, "TOADDL": 3998.0, "FRADDR": 3909.0, "TOADDR": 3999.0 }, "geometry": { "type": "LineString", "coordinates": [ [ 24.873567, 36.078297 ], [ 24.874264, 36.07882 ] ] } },
{ "type": "Feature", "properties": { "TLID": 184701233, "FEDIRP": "N", "FENAME": "Brada", "FETYPE": "St", "FEDIRS": null, "FRADDL": 3700.0, "TOADDL": 3726.0, "FRADDR": 3701.0, "TOADDR": 3727.0 }, "geometry": { "type": "LineString", "coordinates": [ [ 24.874764, 36.07802 ], [ 24.873567, 36.078297 ] ] } },
{ "type": "Feature", "properties": { "TLID": 184701235, "FEDIRP": "N", "FENAME": "Ionnanon", "FETYPE": "St", "FEDIRS": null, "FRADDL": 4200.0, "TOADDL": 4218.0, "FRADDR": 4201.0, "TOADDR": 4213.0 }, "geometry": { "type": "LineString", "coordinates": [ [ 24.841761, 36.081869 ], [ 24.841804, 36.083447 ] ] } },
{ "type": "Feature", "properties": { "TLID": 184705371, "FEDIRP": "S", "FENAME": "Agentes", "FETYPE": "St", "FEDIRS": null, "FRADDL": 1270.0, "TOADDL": 1298.0, "FRADDR": 1271.0, "TOADDR": 1299.0 }, "geometry": { "type": "LineString", "coordinates": [ [ 24.906399, 36.045479 ], [ 24.905965, 36.045421 ] ] } },
{ "type": "Feature", "properties": { "TLID": 184705373, "FEDIRP": "S", "FENAME": "Achilleos", "FETYPE": "St", "FEDIRS": null, "FRADDL": 1270.0, "TOADDL": 1298.0, "FRADDR": 1271.0, "TOADDR": 1299.0 }, "geometry": { "type": "LineString", "coordinates": [ [ 24.906104, 36.04658 ], [ 24.905665, 36.046521 ] ] } },
{ "type": "Feature", "properties": { "TLID": 184705374, "FEDIRP": null, "FENAME": "Heriau", "FETYPE": null, "FEDIRS": null, "FRADDL": null, "TOADDL": null, "FRADDR": null, "TOADDR": null }, "geometry": { "type": "LineString", "coordinates": [ [ 24.906399, 36.045479 ], [ 24.906104, 36.04658 ] ] } },
{ "type": "Feature", "properties": { "TLID": 184705375, "FEDIRP": "S", "FENAME": "Agentes", "FETYPE": "St", "FEDIRS": null, "FRADDL": 1200.0, "TOADDL": 1226.0, "FRADDR": 1201.0, "TOADDR": 1227.0 }, "geometry": { "type": "LineString", "coordinates": [ [ 24.907465, 36.045621 ], [ 24.907028, 36.045563 ] ] } },
{ "type": "Feature", "properties": { "TLID": 184705376, "FEDIRP": "S", "FENAME": "Agentes", "FETYPE": "St", "FEDIRS": null, "FRADDL": 1228.0, "TOADDL": 1268.0, "FRADDR": 1229.0, "TOADDR": 1269.0 }, "geometry": { "type": "LineString", "coordinates": [ [ 24.907028, 36.045563 ], [ 24.906399, 36.045479 ] ] } },
{ "type": "Feature", "properties": { "TLID": 184705377, "FEDIRP": "S", "FENAME": "Achilleos", "FETYPE": "St", "FEDIRS": null, "FRADDL": 1200.0, "TOADDL": 1224.0, "FRADDR": 1201.0, "TOADDR": 1225.0 }, "geometry": { "type": "LineString", "coordinates": [ [ 24.907165, 36.046721 ], [ 24.906775, 36.046669 ] ] } },
{ "type": "Feature", "properties": { "TLID": 184705378, "FEDIRP": "S", "FENAME": "Achilleos", "FETYPE": "St", "FEDIRS": null, "FRADDL": 1226.0, "TOADDL": 1268.0, "FRADDR": 1227.0, "TOADDR": 1269.0 }, "geometry": { "type": "LineString", "coordinates": [ [ 24.906775, 36.046669 ], [ 24.906104, 36.04658 ] ] } },
{ "type": "Feature", "properties": { "TLID": 184705379, "FEDIRP": null, "FENAME": "HelmouIera Odos", "FETYPE": null, "FEDIRS": null, "FRADDL": null, "TOADDL": null, "FRADDR": null, "TOADDR": null }, "geometry": { "type": "LineString", "coordinates": [ [ 24.907028, 36.045563 ], [ 24.906775, 36.046669 ] ] } },
{ "type": "Feature", "properties": { "TLID": 184705521, "FEDIRP": "S", "FENAME": "Achilleos", "FETYPE": "St", "FEDIRS": null, "FRADDL": 3700.0, "TOADDL": 3798.0, "FRADDR": 3701.0, "TOADDR": 3799.0 }, "geometry": { "type": "LineString", "coordinates": [ [ 24.874551, 36.045726 ], [ 24.873765, 36.04572 ] ] } },
{ "type": "Feature", "properties": { "TLID": 184705685, "FEDIRP": "S", "FENAME": "Edessis", "FETYPE": "St", "FEDIRS": null, "FRADDL": 1000.0, "TOADDL": 1048.0, "FRADDR": 1001.0, "TOADDR": 1049.0 }, "geometry": { "type": "LineString", "coordinates": [ [ 24.908465, 36.053121 ], [ 24.907838, 36.053076 ] ] } },
{ "type": "Feature", "properties": { "TLID": 184705688, "FEDIRP": "S", "FENAME": "Edessis", "FETYPE": "St", "FEDIRS": null, "FRADDL": 1050.0, "TOADDL": 1098.0, "FRADDR": 1051.0, "TOADDR": 1099.0 }, "geometry": { "type": "LineString", "coordinates": [ [ 24.907697, 36.053066 ], [ 24.907065, 36.053021 ] ] } },
{ "type": "Feature", "properties": { "TLID": 184705692, "FEDIRP": "S", "FENAME": "Eleftherias", "FETYPE": "St", "FEDIRS": null, "FRADDL": 3400.0, "TOADDL": 3498.0, "FRADDR": 3401.0, "TOADDR": 3499.0 }, "geometry": { "type": "LineString", "coordinates": [ [ 24.8788, 36.049119 ], [ 24.878965, 36.04912 ], [ 24.878065, 36.04912 ] ] } },
{ "type": "Feature", "properties": { "TLID": 184705696, "FEDIRP": "S", "FENAME": "Achilleos", "FETYPE": "St", "FEDIRS": null, "FRADDL": 3346.0, "TOADDL": 3398.0, "FRADDR": 3347.0, "TOADDR": 3399.0 }, "geometry": { "type": "LineString", "coordinates": [ [ 24.880015, 36.045722 ], [ 24.879565, 36.04572 ] ] } },
{ "type": "Feature", "properties": { "TLID": 184705697, "FEDIRP": "S", "FENAME": "Achilleos", "FETYPE": "St", "FEDIRS": null, "FRADDL": 3300.0, "TOADDL": 3344.0, "FRADDR": 3301.0, "TOADDR": 3345.0 }, "geometry": { "type": "LineString", "coordinates": [ [ 24.881165, 36.045721 ], [ 24.880786, 36.045722 ] ] } },
{ "type": "Feature", "properties": { "TLID": 184705702, "FEDIRP": "S", "FENAME": "Ermou", "FETYPE": "St", "FEDIRS": null, "FRADDL": 3100.0, "TOADDL": 3198.0, "FRADDR": 3101.0, "TOADDR": 3199.0 }, "geometry": { "type": "LineString", "coordinates": [ [ 24.883427, 36.04742 ], [ 24.882565, 36.047421 ] ] } },
{ "type": "Feature", "properties": { "TLID": 184705703, "FEDIRP": "S", "FENAME": "Els", "FETYPE": "St", "FEDIRS": null, "FRADDL": 3100.0, "TOADDL": 3148.0, "FRADDR": 3101.0, "TOADDR": 3149.0 }, "geometry": { "type": "LineString", "coordinates": [ [ 24.883965, 36.048321 ], [ 24.883446, 36.048309 ] ] } },
{ "type": "Feature", "properties": { "TLID": 184705705, "FEDIRP": "S", "FENAME": "Evzonon", "FETYPE": "St", "FEDIRS": null, "FRADDL": 601.0, "TOADDL": 699.0, "FRADDR": 600.0, "TOADDR": 698.0 }, "geometry": { "type": "LineString", "coordinates": [ [ 24.882482, 36.050112 ], [ 24.882465, 36.049121 ] ] } },
{ "type": "Feature", "properties": { "TLID": 184705707, "FEDIRP": "N", "FENAME": "Irinis", "FETYPE": "St", "FEDIRS": null, "FRADDL": 1000.0, "TOADDL": 1098.0, "FRADDR": 1001.0, "TOADDR": 1099.0 }, "geometry": { "type": "LineString", "coordinates": [ [ 24.899396, 36.064516 ], [ 24.898765, 36.064721 ] ] } },
{ "type": "Feature", "properties": { "TLID": 184705708, "FEDIRP": "N", "FENAME": "Acera", "FETYPE": "St", "FEDIRS": null, "FRADDL": null, "TOADDL": null, "FRADDR": null, "TOADDR": null }, "geometry": { "type": "LineString", "coordinates": [ [ 24.900065, 36.064721 ], [ 24.900018, 36.065756 ] ] } },
{ "type": "Feature", "properties": { "TLID": 184705710, "FEDIRP": "N", "FENAME": "Arkadiou", "FETYPE": "St", "FEDIRS": null, "FRADDL": 2200.0, "TOADDL": 2298.0, "FRADDR": 2201.0, "TOADDR": 2299.0 }, "geometry": { "type": "LineString", "coordinates": [ [ 24.894297, 36.065706 ], [ 24.893465, 36.065721 ] ] } },
{ "type": "Feature", "properties": { "TLID": 184705711, "FEDIRP": "N", "FENAME": "Lumen", "FETYPE": "St", "FEDIRS": null, "FRADDL": null, "TOADDL": null, "FRADDR": null, "TOADDR": null }, "geometry": { "type": "LineString", "coordinates": [ [ 24.885564, 36.07202 ], [ 24.885595, 36.071608 ] ] } },
{ "type": "Feature", "properties": { "TLID": 184705712, "FEDIRP": "N", "FENAME": "Pluma", "FETYPE": "St", "FEDIRS": null, "FRADDL": null, "TOADDL": null, "FRADDR": null, "TOADDR": null }, "geometry": { "type": "LineString", "coordinates": [ [ 24.887228, 36.07112 ], [ 24.887307, 36.070853 ] ] } },
{ "type": "Feature", "properties": { "TLID": 184705713, "FEDIRP": "N", "FENAME": "Lumen", "FETYPE": "St", "FEDIRS": null, "FRADDL": 3000.0, "TOADDL": 3098.0, "FRADDR": 3001.0, "TOADDR": 3099.0 }, "geometry": { "type": "LineString", "coordinates": [ [ 24.885864, 36.06912 ], [ 24.885855, 36.069552 ] ] } },
{ "type": "Feature", "properties": { "TLID": 184705715, "FEDIRP": "N", "FENAME": "Averof", "FETYPE": "St", "FEDIRS": null, "FRADDL": 2324.0, "TOADDL": 2398.0, "FRADDR": 2301.0, "TOADDR": 2399.0 }, "geometry": { "type": "LineString", "coordinates": [ [ 24.893465, 36.070421 ], [ 24.89274, 36.070326 ] ] } },
{ "type": "Feature", "properties": { "TLID": 184705716, "FEDIRP": "N", "FENAME": "Averof", "FETYPE": "St", "FEDIRS": null, "FRADDL": null, "TOADDL": null, "FRADDR": 2401.0, "TOADDR": 2499.0 }, "geometry": { "type": "LineString", "coordinates": [ [ 24.89274, 36.070326 ], [ 24.891165, 36.070121 ] ] } },
{ "type": "Feature", "properties": { "TLID": 184705717, "FEDIRP": "N", "FENAME": "Souliou", "FETYPE": "St", "FEDIRS": null, "FRADDL": null, "TOADDL": null, "FRADDR": null, "TOADDR": null }, "geometry": { "type": "LineString", "coordinates": [ [ 24.89274, 36.070326 ], [ 24.89283, 36.069903 ] ] } },
{ "type": "Feature", "properties": { "TLID": 184705719, "FEDIRP": "S", "FENAME": "Achilleos", "FETYPE": "St", "FEDIRS": null, "FRADDL": 4399.0, "TOADDL": 4301.0, "FRADDR": 4398.0, "TOADDR": 4312.0 }, "geometry": { "type": "LineString", "coordinates": [ [ 24.86442, 36.045838 ], [ 24.865826, 36.045999 ] ] } },
{ "type": "Feature", "properties": { "TLID": 184705720, "FEDIRP": "S", "FENAME": "Scarkeme", "FETYPE": "St", "FEDIRS": null, "FRADDL": 1101.0, "TOADDL": 1145.0, "FRADDR": null, "TOADDR": null }, "geometry": { "type": "LineString", "coordinates": [ [ 24.849964, 36.04592 ], [ 24.849966, 36.045745 ] ] } },
{ "type": "Feature", "properties": { "TLID": 184705721, "FEDIRP": "S", "FENAME": "Scarkeme", "FETYPE": "St", "FEDIRS": null, "FRADDL": 1147.0, "TOADDL": 1199.0, "FRADDR": null, "TOADDR": null }, "geometry": { "type": "LineString", "coordinates": [ [ 24.849966, 36.045745 ], [ 24.849969, 36.045537 ] ] } },
{ "type": "Feature", "properties": { "TLID": 184705722, "FEDIRP": "S", "FENAME": "Achilleos", "FETYPE": "St", "FEDIRS": null, "FRADDL": null, "TOADDL": null, "FRADDR": null, "TOADDR": null }, "geometry": { "type": "LineString", "coordinates": [ [ 24.849966, 36.045745 ], [ 24.848744, 36.045745 ] ] } },
{ "type": "Feature", "properties": { "TLID": 184705724, "FEDIRP": "N", "FENAME": "Alamanas", "FETYPE": "St", "FEDIRS": null, "FRADDL": 5947.0, "TOADDL": 5901.0, "FRADDR": 5998.0, "TOADDR": 5900.0 }, "geometry": { "type": "LineString", "coordinates": [ [ 24.843356, 36.058918 ], [ 24.844048, 36.058916 ] ] } },
{ "type": "Feature", "properties": { "TLID": 184705726, "FEDIRP": "N", "FENAME": "Avionos", "FETYPE": "St", "FEDIRS": null, "FRADDL": 3998.0, "TOADDL": 4148.0, "FRADDR": 3999.0, "TOADDR": 4105.0 }, "geometry": { "type": "LineString", "coordinates": [ [ 24.869964, 36.07132 ], [ 24.869264, 36.07122 ], [ 24.868164, 36.07152 ] ] } },
{ "type": "Feature", "properties": { "TLID": 184705729, "FEDIRP": "N", "FENAME": "Avionos", "FETYPE": "St", "FEDIRS": null, "FRADDL": 3900.0, "TOADDL": 3996.0, "FRADDR": 3901.0, "TOADDR": 3997.0 }, "geometry": { "type": "LineString", "coordinates": [ [ 24.871256, 36.071198 ], [ 24.869964, 36.07132 ] ] } },
{ "type": "Feature", "properties": { "TLID": 184705730, "FEDIRP": "N", "FENAME": "Tavla", "FETYPE": "St", "FEDIRS": null, "FRADDL": 3800.0, "TOADDL": 3898.0, "FRADDR": 3801.0, "TOADDR": 3899.0 }, "geometry": { "type": "LineString", "coordinates": [ [ 24.867664, 36.07692 ], [ 24.867662, 36.077307 ] ] } },
{ "type": "Feature", "properties": { "TLID": 184705733, "FEDIRP": "N", "FENAME": "Nikomidias", "FETYPE": "St", "FEDIRS": null, "FRADDL": null, "TOADDL": null, "FRADDR": 4701.0, "TOADDR": 4799.0 }, "geometry": { "type": "LineString", "coordinates": [ [ 24.859653, 36.078708 ], [ 24.859064, 36.07872 ] ] } },
{ "type": "Feature", "properties": { "TLID": 184705735, "FEDIRP": "N", "FENAME": "Carden", "FETYPE": "St", "FEDIRS": null, "FRADDL": 4350.0, "TOADDL": 4398.0, "FRADDR": 4301.0, "TOADDR": 4399.0 }, "geometry": { "type": "LineString", "coordinates": [ [ 24.865435, 36.080449 ], [ 24.864264, 36.08052 ] ] } },
{ "type": "Feature", "properties": { "TLID": 184705737, "FEDIRP": "N", "FENAME": "Bairn", "FETYPE": "St", "FEDIRS": null, "FRADDL": null, "TOADDL": null, "FRADDR": null, "TOADDR": null }, "geometry": { "type": "LineString", "coordinates": [ [ 24.849958, 36.07242 ], [ 24.849564, 36.07242 ] ] } },
{ "type": "Feature", "properties": { "TLID": 184705738, "FEDIRP": "N", "FENAME": "Arkadou", "FETYPE": "St", "FEDIRS": null, "FRADDL": null, "TOADDL": null, "FRADDR": null, "TOADDR": null }, "geometry": { "type": "LineString", "coordinates": [ [ 24.827341, 36.066705 ], [ 24.827932, 36.066759 ] ] } },
{ "type": "Feature", "properties": { "TLID": 184705744, "FEDIRP": "N", "FENAME": "Thermopilon", "FETYPE": "St", "FEDIRS": null, "FRADDL": null, "TOADDL": null, "FRADDR": 3201.0, "TOADDR": 3399.0 }, "geometry": { "type": "LineString", "coordinates": [ [ 24.839884, 36.071725 ], [ 24.83995, 36.072293 ], [ 24.840021, 36.072645 ], [ 24.839926, 36.072981 ], [ 24.839785, 36.073197 ] ] } },
{ "type": "Feature", "properties": { "TLID": 184705746, "FEDIRP": "N", "FENAME": "Thermopilon", "FETYPE": "St", "FEDIRS": null, "FRADDL": null, "TOADDL": null, "FRADDR": null, "TOADDR": null }, "geometry": { "type": "LineString", "coordinates": [ [ 24.839663, 36.07342 ], [ 24.839785, 36.073197 ] ] } },
{ "type": "Feature", "properties": { "TLID": 184707285, "FEDIRP": "N", "FENAME": "Olimou", "FETYPE": null, "FEDIRS": null, "FRADDL": 2705.0, "TOADDL": 2701.0, "FRADDR": null, "TOADDR": null }, "geometry": { "type": "LineString", "coordinates": [ [ 24.85954, 36.066881 ], [ 24.859464, 36.06772 ] ] } },
{ "type": "Feature", "properties": { "TLID": 184707349, "FEDIRP": "N", "FENAME": "Thermopilon", "FETYPE": "St", "FEDIRS": null, "FRADDL": 1707.0, "TOADDL": 1701.0, "FRADDR": null, "TOADDR": null }, "geometry": { "type": "LineString", "coordinates": [ [ 24.839163, 36.06102 ], [ 24.839185, 36.06052 ] ] } },
{ "type": "Feature", "properties": { "TLID": 184708128, "FEDIRP": "N", "FENAME": "Finiatur", "FETYPE": "St", "FEDIRS": null, "FRADDL": null, "TOADDL": null, "FRADDR": 3818.0, "TOADDR": 3800.0 }, "geometry": { "type": "LineString", "coordinates": [ [ 24.851263, 36.07902 ], [ 24.851278, 36.078873 ] ] } },
{ "type": "Feature", "properties": { "TLID": 184708131, "FEDIRP": "N", "FENAME": "Omirou", "FETYPE": "St", "FEDIRS": null, "FRADDL": 1614.0, "TOADDL": 1698.0, "FRADDR": null, "TOADDR": null }, "geometry": { "type": "LineString", "coordinates": [ [ 24.859364, 36.05942 ], [ 24.859417, 36.059865 ] ] } },
{ "type": "Feature", "properties": { "TLID": 184708134, "FEDIRP": "N", "FENAME": "Ithakis", "FETYPE": "St", "FEDIRS": null, "FRADDL": 1699.0, "TOADDL": 1601.0, "FRADDR": 1698.0, "TOADDR": 1622.0 }, "geometry": { "type": "LineString", "coordinates": [ [ 24.857971, 36.059707 ], [ 24.857965, 36.05942 ] ] } },
{ "type": "Feature", "properties": { "TLID": 184709249, "FEDIRP": "N", "FENAME": "Desafio", "FETYPE": "St", "FEDIRS": null, "FRADDL": null, "TOADDL": null, "FRADDR": null, "TOADDR": null }, "geometry": { "type": "LineString", "coordinates": [ [ 24.857563, 36.08782 ], [ 24.857616, 36.088333 ], [ 24.85838, 36.088308 ] ] } },
{ "type": "Feature", "properties": { "TLID": 184709396, "FEDIRP": "S", "FENAME": "Achilleos", "FETYPE": "St", "FEDIRS": null, "FRADDL": 2000.0, "TOADDL": 2070.0, "FRADDR": 2001.0, "TOADDR": 2071.0 }, "geometry": { "type": "LineString", "coordinates": [ [ 24.897265, 36.045621 ], [ 24.896315, 36.045036 ] ] } },
{ "type": "Feature", "properties": { "TLID": 184709439, "FEDIRP": null, "FENAME": "Acera", "FETYPE": "St", "FEDIRS": null, "FRADDL": 7022.0, "TOADDL": 7030.0, "FRADDR": null, "TOADDR": null }, "geometry": { "type": "LineString", "coordinates": [ [ 24.828782, 36.053367 ], [ 24.825744, 36.05337 ] ] } },
{ "type": "Feature", "properties": { "TLID": 184709440, "FEDIRP": null, "FENAME": "Isminis", "FETYPE": null, "FEDIRS": null, "FRADDL": null, "TOADDL": null, "FRADDR": null, "TOADDR": null }, "geometry": { "type": "LineString", "coordinates": [ [ 24.824794, 36.053519 ], [ 24.825054, 36.053371 ] ] } },
{ "type": "Feature", "properties": { "TLID": 184709441, "FEDIRP": null, "FENAME": "Isminis", "FETYPE": null, "FEDIRS": null, "FRADDL": null, "TOADDL": null, "FRADDR": null, "TOADDR": null }, "geometry": { "type": "LineString", "coordinates": [ [ 24.825054, 36.053371 ], [ 24.825413, 36.053166 ] ] } },
{ "type": "Feature", "properties": { "TLID": 184709442, "FEDIRP": null, "FENAME": "Acera", "FETYPE": "St", "FEDIRS": null, "FRADDL": null, "TOADDL": null, "FRADDR": null, "TOADDR": null }, "geometry": { "type": "LineString", "coordinates": [ [ 24.825744, 36.05337 ], [ 24.825054, 36.053371 ] ] } },
{ "type": "Feature", "properties": { "TLID": 184709449, "FEDIRP": null, "FENAME": "Kakavaki", "FETYPE": "St", "FEDIRS": null, "FRADDL": 1200.0, "TOADDL": 1252.0, "FRADDR": 1201.0, "TOADDR": 1253.0 }, "geometry": { "type": "LineString", "coordinates": [ [ 24.835505, 36.055993 ], [ 24.835627, 36.056298 ], [ 24.835882, 36.056568 ] ] } },
{ "type": "Feature", "properties": { "TLID": 184710128, "FEDIRP": "N", "FENAME": "Nia", "FETYPE": "Ave", "FEDIRS": null, "FRADDL": 4000.0, "TOADDL": 4076.0, "FRADDR": 4001.0, "TOADDR": 4091.0 }, "geometry": { "type": "LineString", "coordinates": [ [ 24.865554, 36.080031 ], [ 24.865567, 36.080326 ], [ 24.865567, 36.080415 ] ] } },
{ "type": "Feature", "properties": { "TLID": 184710129, "FEDIRP": "N", "FENAME": "Nia", "FETYPE": "Ave", "FEDIRS": null, "FRADDL": 4078.0, "TOADDL": 4098.0, "FRADDR": 4093.0, "TOADDR": 4099.0 }, "geometry": { "type": "LineString", "coordinates": [ [ 24.865567, 36.080415 ], [ 24.865564, 36.08052 ] ] } },
{ "type": "Feature", "properties": { "TLID": 184710130, "FEDIRP": "N", "FENAME": "Carden", "FETYPE": "St", "FEDIRS": null, "FRADDL": null, "TOADDL": null, "FRADDR": null, "TOADDR": null }, "geometry": { "type": "LineString", "coordinates": [ [ 24.865435, 36.080449 ], [ 24.865567, 36.080415 ] ] } },
{ "type": "Feature", "properties": { "TLID": 184711025, "FEDIRP": "N", "FENAME": "Alamanas", "FETYPE": "St", "FEDIRS": null, "FRADDL": 4999.0, "TOADDL": 4895.0, "FRADDR": 4998.0, "TOADDR": 4894.0 }, "geometry": { "type": "LineString", "coordinates": [ [ 24.856466, 36.058526 ], [ 24.857498, 36.05853 ], [ 24.857885, 36.058526 ], [ 24.857967, 36.058526 ] ] } },
{ "type": "Feature", "properties": { "TLID": 184713284, "FEDIRP": null, "FENAME": "Rist", "FETYPE": "Way", "FEDIRS": null, "FRADDL": 2199.0, "TOADDL": 2001.0, "FRADDR": 2198.0, "TOADDR": 2000.0 }, "geometry": { "type": "LineString", "coordinates": [ [ 24.895165, 36.070621 ], [ 24.897565, 36.070021 ], [ 24.89796, 36.069614 ] ] } },
{ "type": "Feature", "properties": { "TLID": 184714846, "FEDIRP": null, "FENAME": null, "FETYPE": null, "FEDIRS": null, "FRADDL": null, "TOADDL": null, "FRADDR": null, "TOADDR": null }, "geometry": { "type": "LineString", "coordinates": [ [ 24.834363, 36.08922 ], [ 24.834363, 36.09002 ], [ 24.834339, 36.091057 ] ] } },
{ "type": "Feature", "properties": { "TLID": 184714849, "FEDIRP": "N", "FENAME": "Camino", "FETYPE": "St", "FEDIRS": null, "FRADDL": 6500.0, "TOADDL": 6698.0, "FRADDR": 6501.0, "TOADDR": 6601.0 }, "geometry": { "type": "LineString", "coordinates": [ [ 24.836363, 36.08002 ], [ 24.835263, 36.08012 ], [ 24.83516, 36.08013 ] ] } },
{ "type": "Feature", "properties": { "TLID": 184714852, "FEDIRP": "N", "FENAME": "Opalante", "FETYPE": "Dr", "FEDIRS": null, "FRADDL": 2500.0, "TOADDL": 2598.0, "FRADDR": 2501.0, "TOADDR": 2599.0 }, "geometry": { "type": "LineString", "coordinates": [ [ 24.833811, 36.066674 ], [ 24.835688, 36.066812 ], [ 24.836253, 36.066896 ] ] } },
{ "type": "Feature", "properties": { "TLID": 184714853, "FEDIRP": "N", "FENAME": "Undeg", "FETYPE": "Dr", "FEDIRS": null, "FRADDL": 2300.0, "TOADDL": 2440.0, "FRADDR": 2301.0, "TOADDR": 2385.0 }, "geometry": { "type": "LineString", "coordinates": [ [ 24.825963, 36.06352 ], [ 24.825963, 36.06422 ], [ 24.825724, 36.064645 ] ] } },
{ "type": "Feature", "properties": { "TLID": 184714855, "FEDIRP": "N", "FENAME": "Tzavella", "FETYPE": "St", "FEDIRS": null, "FRADDL": 4300.0, "TOADDL": 4498.0, "FRADDR": 4301.0, "TOADDR": 4499.0 }, "geometry": { "type": "LineString", "coordinates": [ [ 24.842931, 36.082769 ], [ 24.84286, 36.082879 ], [ 24.842963, 36.08392 ], [ 24.843063, 36.08462 ] ] } },
{ "type": "Feature", "properties": { "TLID": 184714856, "FEDIRP": "N", "FENAME": "Leeno", "FETYPE": "St", "FEDIRS": null, "FRADDL": 4400.0, "TOADDL": 4498.0, "FRADDR": 4401.0, "TOADDR": 4499.0 }, "geometry": { "type": "LineString", "coordinates": [ [ 24.845963, 36.08362 ], [ 24.845963, 36.08412 ], [ 24.845963, 36.08462 ] ] } },
{ "type": "Feature", "properties": { "TLID": 184714859, "FEDIRP": "N", "FENAME": "Valmai", "FETYPE": "St", "FEDIRS": null, "FRADDL": 3970.0, "TOADDL": 4626.0, "FRADDR": 4201.0, "TOADDR": 4699.0 }, "geometry": { "type": "LineString", "coordinates": [ [ 24.87083, 36.081269 ], [ 24.869884, 36.081712 ], [ 24.866064, 36.08532 ], [ 24.860063, 36.08902 ] ] } },
{ "type": "Feature", "properties": { "TLID": 184714862, "FEDIRP": "S", "FENAME": "Els", "FETYPE": "St", "FEDIRS": null, "FRADDL": null, "TOADDL": null, "FRADDR": null, "TOADDR": null }, "geometry": { "type": "LineString", "coordinates": [ [ 24.848354, 36.049127 ], [ 24.848664, 36.049127 ], [ 24.849949, 36.049133 ] ] } },
{ "type": "Feature", "properties": { "TLID": 184714863, "FEDIRP": "S", "FENAME": "Finiatur", "FETYPE": "St", "FEDIRS": null, "FRADDL": 801.0, "TOADDL": 899.0, "FRADDR": 800.0, "TOADDR": 898.0 }, "geometry": { "type": "LineString", "coordinates": [ [ 24.851792, 36.048628 ], [ 24.851764, 36.04822 ], [ 24.851764, 36.04782 ] ] } },
{ "type": "Feature", "properties": { "TLID": 184714864, "FEDIRP": "S", "FENAME": "Tolleniau", "FETYPE": "St", "FEDIRS": null, "FRADDL": 898.0, "TOADDL": 800.0, "FRADDR": 899.0, "TOADDR": 801.0 }, "geometry": { "type": "LineString", "coordinates": [ [ 24.853364, 36.04782 ], [ 24.853364, 36.04822 ], [ 24.853384, 36.048609 ] ] } },
{ "type": "Feature", "properties": { "TLID": 184714865, "FEDIRP": "S", "FENAME": "Omirou", "FETYPE": "St", "FEDIRS": null, "FRADDL": null, "TOADDL": null, "FRADDR": null, "TOADDR": null }, "geometry": { "type": "LineString", "coordinates": [ [ 24.857724, 36.048004 ], [ 24.857817, 36.047845 ], [ 24.858196, 36.047807 ], [ 24.859479, 36.047807 ] ] } },
{ "type": "Feature", "properties": { "TLID": 184714866, "FEDIRP": "S", "FENAME": "Taxiarchon", "FETYPE": "Ave", "FEDIRS": null, "FRADDL": 901.0, "TOADDL": 999.0, "FRADDR": 900.0, "TOADDR": 998.0 }, "geometry": { "type": "LineString", "coordinates": [ [ 24.876767, 36.047439 ], [ 24.876765, 36.047015 ], [ 24.876765, 36.04662 ] ] } },
{ "type": "Feature", "properties": { "TLID": 184714867, "FEDIRP": "S", "FENAME": "Profitou Ilia", "FETYPE": "Ave", "FEDIRS": null, "FRADDL": 901.0, "TOADDL": 999.0, "FRADDR": 900.0, "TOADDR": 998.0 }, "geometry": { "type": "LineString", "coordinates": [ [ 24.878065, 36.04742 ], [ 24.87811, 36.047015 ], [ 24.878165, 36.04652 ] ] } },
{ "type": "Feature", "properties": { "TLID": 184714868, "FEDIRP": "S", "FENAME": "Gounaraki", "FETYPE": "St", "FEDIRS": null, "FRADDL": 601.0, "TOADDL": 699.0, "FRADDR": 600.0, "TOADDR": 698.0 }, "geometry": { "type": "LineString", "coordinates": [ [ 24.884065, 36.050121 ], [ 24.88402, 36.049674 ], [ 24.883965, 36.049121 ] ] } },
{ "type": "Feature", "properties": { "TLID": 184714869, "FEDIRP": "S", "FENAME": "Gounaraki", "FETYPE": "St", "FEDIRS": null, "FRADDL": 801.0, "TOADDL": 899.0, "FRADDR": 800.0, "TOADDR": 898.0 }, "geometry": { "type": "LineString", "coordinates": [ [ 24.883965, 36.048321 ], [ 24.883986, 36.047773 ], [ 24.883965, 36.047421 ] ] } }
]
}
