CarID,start_time,end_time,duration,lat,lon,cluster_id,location
1,2014-01-06 08:04:08,2014-01-06 12:17:01,15173.0,36.048025,24.879573,2,Brew've Been Served
1,2014-01-06 12:26:27,2014-01-06 13:25:01,3514.0,36.076676,24.857626,1,Guy's Gyros
1,2014-01-06 13:34:26,2014-01-06 17:44:01,14975.0,36.048052,24.879569,2,Brew've Been Served
1,2014-01-06 19:49:01,2014-01-06 20:27:01,2280.0,36.075275,24.85632,1,Guy's Gyros
1,2014-01-06 23:01:01,2014-01-07 01:10:01,7740.0,36.048056,24.87957,2,Brew've Been Served
1,2014-01-07 03:20:01,2014-01-07 07:20:01,14400.0,36.066473,24.882612,0,Kronos Mart
1,2014-01-07 07:22:04,2014-01-07 07:56:01,2037.0,36.063658,24.885903,23,Hallowed Grounds
1,2014-01-07 08:03:08,2014-01-07 12:09:01,14753.0,36.048049,24.879572,2,Brew've Been Served
1,2014-01-07 12:15:16,2014-01-07 13:43:01,5265.0,36.059711,24.858019,12,Gelatogalore
1,2014-01-07 13:49:15,2014-01-07 17:40:01,13846.0,36.048049,24.879569,2,Brew've Been Served
1,2014-01-07 18:55:52,2014-01-07 20:42:01,6369.0,36.051949,24.870827,9,Ouzeri Elian
1,2014-01-07 20:46:51,2014-01-08 07:47:01,39610.0,36.06646,24.882631,0,Kronos Mart
1,2014-01-08 08:07:08,2014-01-08 12:08:01,14453.0,36.048048,24.87957,2,Brew've Been Served
1,2014-01-08 13:57:26,2014-01-08 17:51:01,14015.0,36.048052,24.879573,2,Brew've Been Served
1,2014-01-08 21:29:01,2014-01-08 23:53:01,8640.0,36.04806,24.879571,2,Brew've Been Served
1,2014-01-09 03:20:01,2014-01-09 07:21:01,14460.0,36.066464,24.88259,0,Kronos Mart
1,2014-01-09 07:23:04,2014-01-09 07:51:01,1677.0,36.063678,24.885892,23,Hallowed Grounds
1,2014-01-09 07:58:08,2014-01-09 12:09:01,15053.0,36.048048,24.879574,2,Brew've Been Served
1,2014-01-10 07:52:04,2014-01-10 08:08:01,957.0,36.063682,24.885931,23,Hallowed Grounds
1,2014-01-10 08:15:08,2014-01-10 12:21:01,14753.0,36.048051,24.879571,2,Brew've Been Served
1,2014-01-10 12:23:05,2014-01-10 13:21:01,3476.0,36.051943,24.870828,9,Ouzeri Elian
1,2014-01-10 19:20:01,2014-01-10 23:32:01,15120.0,36.085461,24.860411,8,Shoppers' Delight
1,2014-01-10 23:39:32,2014-01-11 12:40:01,46829.0,36.066484,24.882603,0,Kronos Mart
1,2014-01-11 15:49:01,2014-01-11 18:42:01,10380.0,36.066449,24.882591,0,Kronos Mart
1,2014-01-11 19:52:07,2014-01-12 12:45:01,60774.0,36.066449,24.882602,0,Kronos Mart
1,2014-01-12 15:14:01,2014-01-13 07:36:01,58920.0,36.066432,24.882627,0,Kronos Mart
1,2014-01-13 08:18:08,2014-01-13 12:15:01,14213.0,36.048049,24.879572,2,Brew've Been Served
1,2014-01-13 13:44:26,2014-01-13 17:30:01,13535.0,36.048049,24.879571,2,Brew've Been Served
1,2014-01-13 20:10:01,2014-01-14 07:24:01,40440.0,36.066423,24.882624,0,Kronos Mart
1,2014-01-14 07:26:04,2014-01-14 08:04:01,2277.0,36.063668,24.885934,23,Hallowed Grounds
1,2014-01-14 08:11:08,2014-01-14 12:07:01,14153.0,36.048049,24.879572,2,Brew've Been Served
1,2014-01-14 12:15:26,2014-01-14 13:22:01,3995.0,36.065825,24.852405,4,Hippokampos
1,2014-01-14 13:30:26,2014-01-14 17:42:01,15095.0,36.04806,24.879568,2,Brew've Been Served
1,2014-01-14 19:31:01,2014-01-14 21:15:01,6240.0,36.051953,24.870788,9,Ouzeri Elian
1,2014-01-15 08:06:08,2014-01-15 12:07:01,14453.0,36.048046,24.879573,2,Brew've Been Served
1,2014-01-15 12:09:05,2014-01-15 13:29:01,4796.0,36.051963,24.870801,9,Ouzeri Elian
1,2014-01-15 19:50:01,2014-01-15 20:40:01,3000.0,36.051956,24.870819,9,Ouzeri Elian
1,2014-01-15 20:53:01,2014-01-15 22:33:01,6000.0,36.066461,24.88264,0,Kronos Mart
1,2014-01-15 22:37:02,2014-01-16 00:09:01,5519.0,36.048057,24.879571,2,Brew've Been Served
1,2014-01-16 06:30:01,2014-01-16 07:48:01,4680.0,36.066486,24.882628,0,Kronos Mart
1,2014-01-16 08:17:08,2014-01-16 12:23:01,14753.0,36.048046,24.879572,2,Brew've Been Served
1,2014-01-16 13:37:41,2014-01-16 17:25:01,13640.0,36.048051,24.879572,2,Brew've Been Served
1,2014-01-17 07:47:04,2014-01-17 08:05:01,1077.0,36.063656,24.885894,23,Hallowed Grounds
1,2014-01-17 08:12:08,2014-01-17 17:52:01,34793.0,36.048049,24.879573,2,Brew've Been Served
1,2014-01-18 10:02:01,2014-01-18 12:48:01,9960.0,36.066455,24.882576,0,Kronos Mart
1,2014-01-18 13:36:43,2014-01-18 15:58:01,8478.0,36.065829,24.849819,4,Hippokampos
1,2014-01-18 19:37:01,2014-01-19 18:26:01,82140.0,36.06642,24.882604,0,Kronos Mart
1,2014-01-19 18:31:01,2014-01-19 19:52:01,4860.0,36.051951,24.870825,9,Ouzeri Elian
2,2014-01-06 13:29:41,2014-01-06 17:17:01,13640.0,36.048052,24.879571,2,Brew've Been Served
2,2014-01-06 19:00:01,2014-01-06 20:49:01,6540.0,36.076684,24.857617,1,Guy's Gyros
2,2014-01-06 20:52:01,2014-01-07 08:02:01,40200.0,36.08547,24.860409,8,Shoppers' Delight
2,2014-01-07 08:38:10,2014-01-07 12:05:01,12411.0,36.04806,24.879571,2,Brew've Been Served
2,2014-01-07 18:49:13,2014-01-07 20:10:01,4848.0,36.076687,24.857601,1,Guy's Gyros
2,2014-01-08 18:20:01,2014-01-08 19:25:01,3900.0,36.07666,24.857617,1,Guy's Gyros
2,2014-01-08 19:27:13,2014-01-09 08:01:01,45228.0,36.085453,24.860385,8,Shoppers' Delight
2,2014-01-09 13:47:41,2014-01-09 17:19:01,12680.0,36.048048,24.879572,2,Brew've Been Served
2,2014-01-10 08:32:10,2014-01-10 12:09:01,13011.0,36.04806,24.879573,2,Brew've Been Served
2,2014-01-10 13:50:15,2014-01-10 17:06:01,11746.0,36.048052,24.879568,2,Brew've Been Served
2,2014-01-11 20:31:12,2014-01-12 18:28:01,79009.0,36.085425,24.860441,8,Shoppers' Delight
2,2014-01-12 18:30:13,2014-01-12 19:30:01,3588.0,36.076628,24.857587,1,Guy's Gyros
2,2014-01-12 19:32:13,2014-01-13 07:39:01,43608.0,36.085436,24.86042,8,Shoppers' Delight
2,2014-01-13 13:49:15,2014-01-13 17:18:01,12526.0,36.048048,24.879572,2,Brew've Been Served
2,2014-01-13 20:50:13,2014-01-14 07:49:01,39528.0,36.08548,24.860372,8,Shoppers' Delight
2,2014-01-14 13:42:41,2014-01-14 17:21:01,13100.0,36.048052,24.879574,2,Brew've Been Served
2,2014-01-14 18:28:01,2014-01-14 19:45:01,4620.0,36.07666,24.857591,1,Guy's Gyros
2,2014-01-14 20:02:01,2014-01-15 08:10:01,43680.0,36.085458,24.860417,8,Shoppers' Delight
2,2014-01-15 13:31:41,2014-01-15 17:17:01,13520.0,36.048052,24.879569,2,Brew've Been Served
2,2014-01-15 18:36:12,2014-01-15 19:58:01,4909.0,36.076681,24.857606,1,Guy's Gyros
2,2014-01-16 08:46:10,2014-01-16 11:59:01,11571.0,36.048064,24.879571,2,Brew've Been Served
2,2014-01-16 13:55:26,2014-01-16 17:20:01,12275.0,36.048049,24.879572,2,Brew've Been Served
2,2014-01-17 12:26:05,2014-01-17 13:41:01,4496.0,36.05195,24.87083,9,Ouzeri Elian
2,2014-01-18 20:21:13,2014-01-19 18:16:01,78888.0,36.085502,24.860406,8,Shoppers' Delight
2,2014-01-19 18:18:12,2014-01-19 20:25:01,7609.0,36.076702,24.857585,1,Guy's Gyros
3,2014-01-07 13:57:41,2014-01-07 17:44:01,13580.0,36.04805,24.879572,2,Brew've Been Served
3,2014-01-07 17:55:11,2014-01-08 07:03:01,47270.0,36.086664,24.857633,33,Desafio Golf Course
3,2014-01-08 14:01:26,2014-01-08 17:37:01,12935.0,36.048049,24.879569,2,Brew've Been Served
3,2014-01-08 20:56:01,2014-01-09 07:42:01,38760.0,36.086691,24.857638,33,Desafio Golf Course
3,2014-01-09 08:01:32,2014-01-09 12:16:01,15269.0,36.048031,24.87957,2,Brew've Been Served
3,2014-01-09 12:25:27,2014-01-09 13:47:01,4894.0,36.076641,24.857634,1,Guy's Gyros
3,2014-01-09 13:56:26,2014-01-09 17:43:01,13595.0,36.048051,24.879574,2,Brew've Been Served
3,2014-01-10 06:21:01,2014-01-10 07:40:01,4740.0,36.086666,24.857564,33,Desafio Golf Course
3,2014-01-10 07:43:48,2014-01-10 08:04:01,1213.0,36.081758,24.850928,18,Abila Airport
3,2014-01-10 13:55:41,2014-01-10 17:44:01,13700.0,36.04805,24.879571,2,Brew've Been Served
3,2014-01-11 18:11:01,2014-01-11 20:04:01,6780.0,36.0767,24.857597,1,Guy's Gyros
3,2014-01-11 20:07:01,2014-01-12 18:35:01,80880.0,36.086637,24.857633,33,Desafio Golf Course
3,2014-01-14 07:42:48,2014-01-14 08:03:01,1213.0,36.081803,24.850909,18,Abila Airport
3,2014-01-14 12:06:26,2014-01-14 13:31:01,5075.0,36.065835,24.852412,4,Hippokampos
3,2014-01-14 13:39:25,2014-01-14 17:29:01,13776.0,36.048045,24.879572,2,Brew've Been Served
3,2014-01-14 21:09:01,2014-01-15 07:21:01,36720.0,36.086667,24.85762,33,Desafio Golf Course
3,2014-01-15 20:20:01,2014-01-16 07:24:01,39840.0,36.086672,24.857662,33,Desafio Golf Course
3,2014-01-16 12:21:25,2014-01-16 13:52:01,5436.0,36.065834,24.8524,4,Hippokampos
3,2014-01-16 14:00:25,2014-01-16 17:29:01,12516.0,36.048051,24.879571,2,Brew've Been Served
3,2014-01-16 18:39:28,2014-01-16 20:18:01,5913.0,36.076649,24.857582,1,Guy's Gyros
3,2014-01-17 13:43:15,2014-01-17 17:57:01,15226.0,36.048027,24.879573,2,Brew've Been Served
3,2014-01-17 19:48:28,2014-01-17 21:59:01,7833.0,36.076661,24.857616,1,Guy's Gyros
3,2014-01-17 22:41:01,2014-01-18 18:00:01,69540.0,36.086678,24.857585,33,Desafio Golf Course
3,2014-01-18 18:07:01,2014-01-18 18:40:01,1980.0,36.072162,24.841339,15,Jack's Magical Beans
3,2014-01-18 18:43:09,2014-01-18 19:44:01,3652.0,36.065861,24.852383,4,Hippokampos
3,2014-01-18 19:49:01,2014-01-19 18:21:01,81120.0,36.086664,24.857576,33,Desafio Golf Course
3,2014-01-19 18:23:28,2014-01-19 19:47:01,5013.0,36.07668,24.857618,1,Guy's Gyros
4,2014-01-06 06:53:01,2014-01-06 07:15:01,1320.0,36.073336,24.864177,14,Chostus Hotel
4,2014-01-06 07:28:18,2014-01-06 12:34:01,18343.0,36.048027,24.879575,2,Brew've Been Served
4,2014-01-06 13:00:01,2014-01-06 13:29:01,1740.0,36.063428,24.850978,4,Hippokampos
4,2014-01-06 18:27:21,2014-01-06 19:54:01,5200.0,36.078191,24.8721,7,Daily Dealz
4,2014-01-06 20:56:01,2014-01-07 06:42:01,35160.0,36.078199,24.872101,7,Daily Dealz
4,2014-01-07 06:56:01,2014-01-07 07:07:01,660.0,36.073337,24.864179,14,Chostus Hotel
4,2014-01-07 07:20:18,2014-01-07 12:09:01,17323.0,36.048051,24.879568,2,Brew've Been Served
4,2014-01-07 12:17:17,2014-01-07 13:39:01,4904.0,36.063415,24.851002,4,Hippokampos
4,2014-01-07 19:33:13,2014-01-07 21:25:01,6708.0,36.076658,24.857608,1,Guy's Gyros
4,2014-01-08 07:19:18,2014-01-08 12:32:01,18763.0,36.048048,24.879569,2,Brew've Been Served
4,2014-01-08 12:34:05,2014-01-08 13:34:01,3596.0,36.051968,24.870826,9,Ouzeri Elian
4,2014-01-08 18:17:01,2014-01-08 19:14:01,3420.0,36.078212,24.872099,7,Daily Dealz
4,2014-01-08 19:18:01,2014-01-08 21:02:01,6240.0,36.076682,24.857622,1,Guy's Gyros
4,2014-01-08 21:05:12,2014-01-09 06:56:01,35449.0,36.078201,24.872105,7,Daily Dealz
4,2014-01-09 06:59:01,2014-01-09 07:15:01,960.0,36.073321,24.864185,14,Chostus Hotel
4,2014-01-09 07:29:01,2014-01-09 12:28:01,17940.0,36.04806,24.879571,2,Brew've Been Served
4,2014-01-09 21:46:24,2014-01-10 06:46:01,32377.0,36.078203,24.872128,7,Daily Dealz
4,2014-01-10 07:01:01,2014-01-10 07:31:01,1800.0,36.073333,24.864179,14,Chostus Hotel
4,2014-01-10 07:44:18,2014-01-10 12:24:01,16783.0,36.048051,24.879573,2,Brew've Been Served
4,2014-01-10 13:37:22,2014-01-10 18:02:01,15879.0,36.04805,24.879569,2,Brew've Been Served
4,2014-01-10 18:13:01,2014-01-10 19:41:01,5280.0,36.07821,24.87211,7,Daily Dealz
4,2014-01-10 19:48:01,2014-01-10 20:11:01,1380.0,36.076632,24.857611,1,Guy's Gyros
4,2014-01-11 19:31:01,2014-01-12 13:01:01,63000.0,36.078208,24.872107,7,Daily Dealz
4,2014-01-12 16:11:01,2014-01-12 18:40:01,8940.0,36.078209,24.872104,7,Daily Dealz
4,2014-01-12 20:49:12,2014-01-13 06:32:01,34969.0,36.078195,24.87212,7,Daily Dealz
4,2014-01-13 06:46:01,2014-01-13 07:12:01,1560.0,36.073333,24.864188,14,Chostus Hotel
4,2014-01-13 07:25:18,2014-01-13 12:20:01,17683.0,36.048049,24.879572,2,Brew've Been Served
4,2014-01-13 20:39:35,2014-01-14 07:00:01,37226.0,36.078206,24.872135,7,Daily Dealz
4,2014-01-14 07:07:01,2014-01-14 07:17:02,601.0,36.073294,24.864184,14,Chostus Hotel
4,2014-01-14 07:30:18,2014-01-14 12:09:01,16723.0,36.048049,24.879572,2,Brew've Been Served
4,2014-01-14 13:35:27,2014-01-14 17:59:01,15814.0,36.048056,24.879572,2,Brew've Been Served
4,2014-01-15 07:23:18,2014-01-15 12:11:01,17263.0,36.048048,24.87957,2,Brew've Been Served
4,2014-01-15 20:23:12,2014-01-16 06:30:01,36409.0,36.078198,24.872099,7,Daily Dealz
4,2014-01-16 06:57:01,2014-01-16 07:12:01,900.0,36.073316,24.864188,14,Chostus Hotel
4,2014-01-16 07:25:18,2014-01-16 12:18:01,17563.0,36.04803,24.87957,2,Brew've Been Served
4,2014-01-16 13:28:08,2014-01-16 18:21:01,17573.0,36.048053,24.879573,2,Brew've Been Served
4,2014-01-16 21:19:01,2014-01-17 07:18:01,35940.0,36.078193,24.872113,7,Daily Dealz
4,2014-01-17 07:22:13,2014-01-17 07:31:01,528.0,36.073313,24.864183,14,Chostus Hotel
4,2014-01-17 07:44:18,2014-01-17 12:19:01,16483.0,36.04805,24.87957,2,Brew've Been Served
4,2014-01-17 12:22:42,2014-01-17 13:22:01,3559.0,36.055748,24.90254,22,Abila Zacharo
4,2014-01-17 13:25:42,2014-01-17 18:04:01,16699.0,36.048057,24.879568,2,Brew've Been Served
4,2014-01-17 20:58:12,2014-01-18 12:40:01,56509.0,36.078195,24.872106,7,Daily Dealz
4,2014-01-18 19:57:01,2014-01-19 12:31:01,59640.0,36.078202,24.872116,7,Daily Dealz
5,2014-01-06 12:03:23,2014-01-06 13:48:01,6278.0,36.054491,24.899917,6,Katerina's Cafe
5,2014-01-06 13:51:22,2014-01-06 17:22:01,12639.0,36.04805,24.879569,2,Brew've Been Served
5,2014-01-07 17:21:29,2014-01-08 07:38:02,51393.0,36.067337,24.877888,11,U-Pump
5,2014-01-08 07:39:34,2014-01-08 08:14:01,2067.0,36.067543,24.873349,11,U-Pump
5,2014-01-08 13:36:22,2014-01-08 17:34:01,14259.0,36.04805,24.87957,2,Brew've Been Served
5,2014-01-08 17:38:29,2014-01-08 19:25:01,6392.0,36.067312,24.877954,11,U-Pump
5,2014-01-08 21:43:01,2014-01-09 07:12:01,34140.0,36.067334,24.87791,11,U-Pump
5,2014-01-09 07:53:30,2014-01-09 12:02:01,14911.0,36.048054,24.879571,2,Brew've Been Served
5,2014-01-09 13:34:15,2014-01-09 17:16:01,13306.0,36.048049,24.879571,2,Brew've Been Served
5,2014-01-10 17:16:29,2014-01-10 18:30:01,4412.0,36.067305,24.877905,11,U-Pump
5,2014-01-10 18:34:09,2014-01-10 18:54:01,1192.0,36.051949,24.870821,9,Ouzeri Elian
5,2014-01-10 23:30:01,2014-01-11 18:13:01,67380.0,36.067314,24.877928,11,U-Pump
5,2014-01-13 08:13:30,2014-01-13 12:11:01,14251.0,36.048054,24.87957,2,Brew've Been Served
5,2014-01-13 13:40:22,2014-01-13 17:28:01,13659.0,36.048048,24.87957,2,Brew've Been Served
5,2014-01-14 12:06:05,2014-01-14 13:45:01,5936.0,36.051929,24.870833,9,Ouzeri Elian
5,2014-01-15 06:59:01,2014-01-15 07:45:01,2760.0,36.067525,24.873353,11,U-Pump
5,2014-01-15 13:37:26,2014-01-15 17:12:01,12875.0,36.048052,24.87957,2,Brew've Been Served
5,2014-01-15 20:34:09,2014-01-16 07:44:01,40192.0,36.067319,24.877906,11,U-Pump
5,2014-01-16 13:37:27,2014-01-16 17:22:01,13474.0,36.048057,24.87957,2,Brew've Been Served
5,2014-01-16 18:46:08,2014-01-16 20:26:01,5993.0,36.051942,24.870827,9,Ouzeri Elian
5,2014-01-17 07:42:34,2014-01-17 07:54:01,687.0,36.067532,24.873364,11,U-Pump
5,2014-01-17 18:49:01,2014-01-17 19:44:01,3300.0,36.051954,24.870831,9,Ouzeri Elian
6,2014-01-06 07:56:32,2014-01-06 12:01:01,14669.0,36.048053,24.879569,2,Brew've Been Served
6,2014-01-06 13:31:15,2014-01-06 17:30:01,14326.0,36.048048,24.87957,2,Brew've Been Served
6,2014-01-06 20:16:02,2014-01-07 07:17:01,39659.0,36.059472,24.894812,21,Coffee Shack
6,2014-01-07 08:02:32,2014-01-07 11:55:01,13949.0,36.048051,24.879571,2,Brew've Been Served
6,2014-01-07 12:03:01,2014-01-07 13:37:01,5640.0,36.059728,24.858026,12,Gelatogalore
6,2014-01-07 13:43:15,2014-01-07 17:45:01,14506.0,36.048051,24.87957,2,Brew've Been Served
6,2014-01-07 20:15:02,2014-01-08 07:24:01,40139.0,36.059458,24.894789,21,Coffee Shack
6,2014-01-08 07:26:42,2014-01-08 07:57:01,1819.0,36.054661,24.889793,17,Coffee Cameleon
6,2014-01-08 08:02:32,2014-01-08 12:10:01,14849.0,36.04803,24.879569,2,Brew've Been Served
6,2014-01-08 13:37:26,2014-01-08 17:52:01,15275.0,36.048049,24.879568,2,Brew've Been Served
6,2014-01-09 07:49:32,2014-01-09 11:55:01,14729.0,36.04805,24.879569,2,Brew've Been Served
6,2014-01-09 13:12:22,2014-01-09 17:28:01,15339.0,36.048048,24.879571,2,Brew've Been Served
6,2014-01-10 07:49:33,2014-01-10 12:11:01,15688.0,36.048058,24.879571,2,Brew've Been Served
6,2014-01-10 13:31:41,2014-01-10 14:40:01,4100.0,36.048048,24.879569,2,Brew've Been Served
6,2014-01-10 16:22:02,2014-01-10 17:41:01,4739.0,36.048038,24.879572,2,Brew've Been Served
6,2014-01-10 22:31:01,2014-01-11 12:32:01,50460.0,36.0595,24.894799,21,Coffee Shack
6,2014-01-12 18:18:01,2014-01-12 19:26:01,4080.0,36.05451,24.899947,6,Katerina's Cafe
6,2014-01-13 07:53:42,2014-01-13 08:03:01,559.0,36.054659,24.889806,17,Coffee Cameleon
6,2014-01-13 08:08:32,2014-01-13 11:46:01,13049.0,36.048048,24.879572,2,Brew've Been Served
6,2014-01-13 13:43:26,2014-01-13 17:50:01,14795.0,36.048029,24.879571,2,Brew've Been Served
6,2014-01-13 19:17:01,2014-01-13 20:49:01,5520.0,36.054496,24.899936,6,Katerina's Cafe
6,2014-01-14 08:01:32,2014-01-14 12:12:01,15029.0,36.048049,24.879571,2,Brew've Been Served
6,2014-01-14 13:29:26,2014-01-14 17:54:01,15875.0,36.048046,24.87957,2,Brew've Been Served
6,2014-01-14 17:59:01,2014-01-15 07:30:01,48660.0,36.059448,24.894805,21,Coffee Shack
6,2014-01-15 21:10:01,2014-01-16 07:08:01,35880.0,36.059462,24.894802,21,Coffee Shack
6,2014-01-16 07:58:32,2014-01-16 11:53:01,14069.0,36.048055,24.87957,2,Brew've Been Served
6,2014-01-16 13:48:26,2014-01-16 17:34:01,13535.0,36.048046,24.879568,2,Brew've Been Served
6,2014-01-16 21:02:02,2014-01-17 07:31:01,37739.0,36.059448,24.894809,21,Coffee Shack
6,2014-01-17 07:58:32,2014-01-17 17:42:01,35009.0,36.048049,24.879569,2,Brew've Been Served
6,2014-01-17 19:38:02,2014-01-17 20:23:01,2699.0,36.054489,24.89994,6,Katerina's Cafe
6,2014-01-17 20:25:02,2014-01-18 12:20:01,57299.0,36.059459,24.894825,21,Coffee Shack
6,2014-01-18 12:35:01,2014-01-18 13:27:01,3120.0,36.063446,24.850987,4,Hippokampos
7,2014-01-06 08:00:18,2014-01-06 11:46:01,13543.0,36.048028,24.879568,2,Brew've Been Served
7,2014-01-07 07:59:18,2014-01-07 12:09:01,14983.0,36.04805,24.879569,2,Brew've Been Served
7,2014-01-07 13:21:41,2014-01-07 17:41:01,15560.0,36.048053,24.87957,2,Brew've Been Served
7,2014-01-08 07:23:48,2014-01-08 07:53:01,1753.0,36.073336,24.864188,14,Chostus Hotel
7,2014-01-08 08:06:18,2014-01-08 11:10:01,11023.0,36.04805,24.87957,2,Brew've Been Served
7,2014-01-08 13:16:01,2014-01-08 17:22:01,14760.0,36.048047,24.879573,2,Brew've Been Served
7,2014-01-08 19:41:01,2014-01-09 07:44:01,43380.0,36.084447,24.864214,27,Unknown
7,2014-01-09 08:11:18,2014-01-09 11:51:01,13183.0,36.048049,24.87957,2,Brew've Been Served
7,2014-01-09 13:34:15,2014-01-09 17:47:01,15166.0,36.048047,24.879573,2,Brew've Been Served
7,2014-01-09 20:16:01,2014-01-10 07:15:01,39540.0,36.084433,24.864209,27,Unknown
7,2014-01-10 07:53:19,2014-01-10 11:00:01,11202.0,36.048058,24.879574,2,Brew've Been Served
7,2014-01-10 11:10:01,2014-01-10 13:13:01,7380.0,36.07065,24.895212,32,Brewed Awakenings
7,2014-01-10 13:20:07,2014-01-10 17:28:01,14874.0,36.048049,24.879571,2,Brew've Been Served
7,2014-01-10 23:00:01,2014-01-11 12:31:01,48660.0,36.084442,24.864163,27,Unknown
7,2014-01-11 18:25:51,2014-01-11 19:45:01,4750.0,36.054476,24.899883,6,Katerina's Cafe
7,2014-01-11 19:56:51,2014-01-12 12:31:01,59650.0,36.084442,24.864217,27,Unknown
7,2014-01-12 20:46:01,2014-01-13 07:26:01,38400.0,36.08445,24.8642,27,Unknown
7,2014-01-13 08:06:18,2014-01-13 11:57:01,13843.0,36.048051,24.87957,2,Brew've Been Served
7,2014-01-13 12:00:42,2014-01-13 13:35:01,5659.0,36.055764,24.902486,22,Abila Zacharo
7,2014-01-13 13:38:41,2014-01-13 17:17:01,13100.0,36.048029,24.879567,2,Brew've Been Served
7,2014-01-13 17:26:41,2014-01-14 07:21:01,50060.0,36.084434,24.864222,27,Unknown
7,2014-01-14 08:03:19,2014-01-14 11:13:01,11382.0,36.04806,24.879569,2,Brew've Been Served
7,2014-01-14 13:27:07,2014-01-14 17:32:01,14694.0,36.048057,24.879567,2,Brew've Been Served
7,2014-01-14 19:43:01,2014-01-14 21:42:01,7140.0,36.076663,24.857652,1,Guy's Gyros
7,2014-01-14 21:44:41,2014-01-15 07:10:01,33920.0,36.08445,24.864226,27,Unknown
7,2014-01-15 07:53:18,2014-01-15 12:16:01,15763.0,36.048053,24.87957,2,Brew've Been Served
7,2014-01-15 13:53:26,2014-01-15 17:35:01,13295.0,36.048049,24.879571,2,Brew've Been Served
7,2014-01-15 17:44:41,2014-01-15 18:51:01,3980.0,36.084419,24.864213,27,Unknown
7,2014-01-15 19:03:02,2014-01-15 19:53:01,2999.0,36.055005,24.901806,22,Abila Zacharo
7,2014-01-16 07:26:49,2014-01-16 07:44:01,1032.0,36.073328,24.864194,14,Chostus Hotel
7,2014-01-16 07:57:18,2014-01-16 12:11:01,15223.0,36.048051,24.879573,2,Brew've Been Served
7,2014-01-16 13:40:27,2014-01-16 17:45:01,14674.0,36.04806,24.87957,2,Brew've Been Served
7,2014-01-16 17:54:41,2014-01-17 07:08:01,47600.0,36.084455,24.864202,27,Unknown
7,2014-01-17 07:11:48,2014-01-17 07:55:01,2593.0,36.073338,24.86419,14,Chostus Hotel
7,2014-01-17 08:08:18,2014-01-17 11:20:01,11503.0,36.048048,24.879569,2,Brew've Been Served
7,2014-01-17 11:34:57,2014-01-17 14:00:01,8704.0,36.070667,24.895223,32,Brewed Awakenings
7,2014-01-17 14:07:07,2014-01-17 17:32:01,12294.0,36.048058,24.879576,2,Brew've Been Served
8,2014-01-06 07:37:14,2014-01-06 07:59:01,1307.0,36.063649,24.885935,23,Hallowed Grounds
8,2014-01-06 08:06:08,2014-01-06 12:18:01,15113.0,36.048051,24.879573,2,Brew've Been Served
8,2014-01-06 13:56:15,2014-01-06 17:33:01,13006.0,36.048047,24.879571,2,Brew've Been Served
8,2014-01-07 07:46:08,2014-01-07 12:29:01,16973.0,36.048048,24.879574,2,Brew've Been Served
8,2014-01-07 13:40:22,2014-01-07 17:17:01,12999.0,36.048048,24.879569,2,Brew've Been Served
8,2014-01-08 08:09:08,2014-01-08 12:11:01,14513.0,36.048047,24.879569,2,Brew've Been Served
8,2014-01-08 13:50:15,2014-01-08 17:39:01,13726.0,36.048049,24.879568,2,Brew've Been Served
8,2014-01-08 20:46:55,2014-01-09 07:43:01,39366.0,36.067262,24.88592,0,Kronos Mart
8,2014-01-09 08:02:08,2014-01-09 12:06:01,14633.0,36.048048,24.879571,2,Brew've Been Served
8,2014-01-09 13:38:41,2014-01-09 17:31:01,13940.0,36.048049,24.879573,2,Brew've Been Served
8,2014-01-09 19:04:01,2014-01-09 20:30:01,5160.0,36.055776,24.902569,22,Abila Zacharo
8,2014-01-10 07:21:01,2014-01-10 08:01:01,2400.0,36.063639,24.885897,23,Hallowed Grounds
8,2014-01-10 08:08:08,2014-01-10 12:28:01,15593.0,36.048047,24.879572,2,Brew've Been Served
8,2014-01-10 23:53:00,2014-01-11 18:53:01,68401.0,36.067264,24.885902,0,Kronos Mart
8,2014-01-11 19:12:01,2014-01-11 19:54:01,2520.0,36.054438,24.899928,6,Katerina's Cafe
8,2014-01-12 18:47:40,2014-01-12 19:20:01,1941.0,36.054503,24.899886,6,Katerina's Cafe
8,2014-01-13 07:17:14,2014-01-13 07:37:01,1187.0,36.063654,24.88592,23,Hallowed Grounds
8,2014-01-13 07:44:08,2014-01-13 12:25:01,16853.0,36.048047,24.879569,2,Brew've Been Served
8,2014-01-13 13:52:22,2014-01-13 17:22:01,12579.0,36.048051,24.879571,2,Brew've Been Served
8,2014-01-13 21:05:40,2014-01-14 07:15:01,36561.0,36.067224,24.885885,0,Kronos Mart
8,2014-01-14 07:16:14,2014-01-14 07:36:01,1187.0,36.063646,24.885901,23,Hallowed Grounds
8,2014-01-14 07:43:08,2014-01-14 12:05:01,15713.0,36.048048,24.879574,2,Brew've Been Served
8,2014-01-14 14:00:27,2014-01-14 17:39:01,13114.0,36.048056,24.879571,2,Brew've Been Served
8,2014-01-15 07:49:08,2014-01-15 12:23:01,16433.0,36.048047,24.879572,2,Brew've Been Served
8,2014-01-16 07:28:14,2014-01-16 07:45:01,1007.0,36.063666,24.885909,23,Hallowed Grounds
8,2014-01-16 07:52:08,2014-01-16 12:29:01,16613.0,36.048046,24.879571,2,Brew've Been Served
8,2014-01-16 12:32:42,2014-01-16 13:26:02,3200.0,36.05573,24.902477,22,Abila Zacharo
8,2014-01-16 13:29:42,2014-01-16 17:29:01,14359.0,36.048029,24.879568,2,Brew've Been Served
8,2014-01-16 18:47:40,2014-01-16 19:45:01,3441.0,36.054468,24.899875,6,Katerina's Cafe
8,2014-01-17 07:42:08,2014-01-17 12:05:01,15773.0,36.048047,24.879569,2,Brew've Been Served
8,2014-01-17 12:13:26,2014-01-17 13:18:01,3875.0,36.065823,24.852411,4,Hippokampos
8,2014-01-17 13:26:25,2014-01-17 17:12:01,13536.0,36.048048,24.879572,2,Brew've Been Served
8,2014-01-17 19:23:01,2014-01-17 20:30:01,4020.0,36.054464,24.899869,6,Katerina's Cafe
8,2014-01-18 18:34:40,2014-01-18 19:37:01,3741.0,36.054501,24.899863,6,Katerina's Cafe
8,2014-01-18 19:41:40,2014-01-19 18:46:01,83061.0,36.067273,24.885944,0,Kronos Mart
9,2014-01-06 08:37:10,2014-01-06 12:10:00,12770.0,36.051765,24.877878,2,Brew've Been Served
9,2014-01-06 19:19:01,2014-01-07 07:15:01,42960.0,36.081734,24.856798,8,Shoppers' Delight
9,2014-01-07 12:26:25,2014-01-07 13:50:01,5016.0,36.064877,24.853293,4,Hippokampos
9,2014-01-07 13:57:25,2014-01-07 17:10:00,11555.0,36.055227,24.876075,10,Carlyle Chemical Inc.
9,2014-01-07 17:15:01,2014-01-08 08:10:01,53700.0,36.082634,24.852735,18,Abila Airport
9,2014-01-08 13:59:22,2014-01-08 17:10:00,11438.0,36.049029,24.878828,2,Brew've Been Served
9,2014-01-09 14:15:22,2014-01-09 17:23:01,11259.0,36.04805,24.87957,2,Brew've Been Served
9,2014-01-09 18:26:22,2014-01-09 20:16:01,6579.0,36.076683,24.85756,1,Guy's Gyros
9,2014-01-10 19:12:00,2014-01-10 23:55:01,16981.0,36.085458,24.860402,8,Shoppers' Delight
9,2014-01-10 23:57:01,2014-01-11 19:34:01,70620.0,36.079194,24.857168,1,Guy's Gyros
9,2014-01-13 08:52:26,2014-01-13 12:13:01,12035.0,36.048058,24.879569,2,Brew've Been Served
9,2014-01-15 08:38:10,2014-01-15 12:17:01,13131.0,36.048063,24.879571,2,Brew've Been Served
9,2014-01-15 13:58:27,2014-01-15 17:30:01,12694.0,36.048055,24.879568,2,Brew've Been Served
9,2014-01-16 14:10:41,2014-01-16 17:19:01,11300.0,36.048048,24.87957,2,Brew've Been Served
9,2014-01-17 08:31:10,2014-01-17 12:25:01,14031.0,36.048062,24.879571,2,Brew've Been Served
9,2014-01-17 12:34:27,2014-01-17 14:10:00,5733.0,36.06977,24.867026,14,Chostus Hotel
9,2014-01-17 14:13:26,2014-01-17 17:12:01,10715.0,36.048051,24.879571,2,Brew've Been Served
9,2014-01-17 18:53:01,2014-01-17 20:27:01,5640.0,36.07667,24.857591,1,Guy's Gyros
9,2014-01-17 20:29:13,2014-01-18 12:50:00,58847.0,36.082361,24.855645,8,Shoppers' Delight
9,2014-01-18 18:23:13,2014-01-18 20:34:01,7848.0,36.076655,24.8576,1,Guy's Gyros
9,2014-01-18 23:57:01,2014-01-19 18:20:01,66180.0,36.08431,24.856389,8,Shoppers' Delight
10,2014-01-06 07:01:01,2014-01-06 07:34:01,1980.0,36.073317,24.864186,14,Chostus Hotel
10,2014-01-06 07:47:18,2014-01-06 11:52:01,14683.0,36.048052,24.87957,2,Brew've Been Served
10,2014-01-06 11:56:01,2014-01-06 13:00:01,3840.0,36.054468,24.899901,6,Katerina's Cafe
10,2014-01-06 13:03:22,2014-01-06 18:14:01,18639.0,36.048048,24.879568,2,Brew've Been Served
10,2014-01-06 19:54:01,2014-01-06 21:57:01,7380.0,36.076684,24.857642,1,Guy's Gyros
10,2014-01-06 22:11:01,2014-01-07 07:18:01,32820.0,36.076818,24.865871,31,Unknown
10,2014-01-07 07:50:18,2014-01-07 12:10:01,15583.0,36.048052,24.879573,2,Brew've Been Served
10,2014-01-07 13:33:15,2014-01-07 18:13:01,16786.0,36.048052,24.879571,2,Brew've Been Served
10,2014-01-07 19:55:01,2014-01-07 21:56:01,7260.0,36.076634,24.857623,1,Guy's Gyros
10,2014-01-08 06:22:01,2014-01-08 06:46:01,1440.0,36.076802,24.865882,31,Unknown
10,2014-01-08 06:51:01,2014-01-08 07:25:01,2040.0,36.073326,24.86419,14,Chostus Hotel
10,2014-01-08 07:38:18,2014-01-08 11:57:01,15523.0,36.048051,24.879572,2,Brew've Been Served
10,2014-01-08 13:25:26,2014-01-08 18:21:01,17735.0,36.048052,24.879568,2,Brew've Been Served
10,2014-01-08 19:45:01,2014-01-08 20:56:01,4260.0,36.076646,24.857622,1,Guy's Gyros
10,2014-01-08 20:59:01,2014-01-09 07:06:01,36420.0,36.076829,24.865874,31,Unknown
10,2014-01-09 07:50:18,2014-01-09 12:13:01,15763.0,36.048053,24.879569,2,Brew've Been Served
10,2014-01-09 12:15:05,2014-01-09 13:03:01,2876.0,36.051945,24.870823,9,Ouzeri Elian
10,2014-01-09 18:09:59,2014-01-09 19:43:01,5582.0,36.076835,24.865897,31,Unknown
10,2014-01-09 19:45:08,2014-01-09 21:29:01,6233.0,36.075292,24.856303,1,Guy's Gyros
10,2014-01-09 21:40:01,2014-01-10 06:40:01,32400.0,36.076805,24.865865,31,Unknown
10,2014-01-10 06:46:01,2014-01-10 07:24:01,2280.0,36.073312,24.864186,14,Chostus Hotel
10,2014-01-10 07:37:18,2014-01-10 12:17:01,16783.0,36.048052,24.879571,2,Brew've Been Served
10,2014-01-10 13:22:26,2014-01-10 18:13:01,17435.0,36.048051,24.879569,2,Brew've Been Served
10,2014-01-10 19:50:01,2014-01-10 20:54:01,3840.0,36.076646,24.857571,1,Guy's Gyros
10,2014-01-10 21:20:01,2014-01-11 18:20:01,75600.0,36.076817,24.865879,31,Unknown
10,2014-01-12 13:26:35,2014-01-12 16:12:01,9926.0,36.089594,24.860683,33,Desafio Golf Course
10,2014-01-12 18:05:01,2014-01-12 19:53:01,6480.0,36.076644,24.857623,1,Guy's Gyros
10,2014-01-13 06:52:01,2014-01-13 07:20:01,1680.0,36.073323,24.864183,14,Chostus Hotel
10,2014-01-13 07:33:18,2014-01-13 12:05:01,16303.0,36.048051,24.879572,2,Brew've Been Served
10,2014-01-13 13:27:15,2014-01-13 17:56:01,16126.0,36.048049,24.879572,2,Brew've Been Served
10,2014-01-13 18:03:59,2014-01-13 19:31:01,5222.0,36.076807,24.865877,31,Unknown
10,2014-01-13 21:25:01,2014-01-14 07:17:01,35520.0,36.076828,24.865878,31,Unknown
10,2014-01-14 07:18:44,2014-01-14 07:42:01,1397.0,36.073332,24.864195,14,Chostus Hotel
10,2014-01-14 07:55:18,2014-01-14 12:03:01,14863.0,36.048052,24.87957,2,Brew've Been Served
10,2014-01-14 12:11:25,2014-01-14 13:28:01,4596.0,36.065837,24.852402,4,Hippokampos
10,2014-01-14 13:36:25,2014-01-14 18:13:01,16596.0,36.04805,24.879571,2,Brew've Been Served
10,2014-01-14 18:23:01,2014-01-14 19:32:01,4140.0,36.076802,24.865882,31,Unknown
10,2014-01-14 20:58:01,2014-01-15 06:41:01,34980.0,36.076814,24.865877,31,Unknown
10,2014-01-15 06:51:01,2014-01-15 07:16:01,1500.0,36.073315,24.864195,14,Chostus Hotel
10,2014-01-15 07:29:18,2014-01-15 11:57:01,16063.0,36.048051,24.879573,2,Brew've Been Served
10,2014-01-15 13:26:26,2014-01-15 18:21:01,17675.0,36.048051,24.879568,2,Brew've Been Served
10,2014-01-15 18:34:01,2014-01-15 19:36:01,3720.0,36.076841,24.865886,31,Unknown
10,2014-01-16 07:11:44,2014-01-16 07:32:01,1217.0,36.073331,24.864189,14,Chostus Hotel
10,2014-01-16 07:45:19,2014-01-16 12:04:01,15522.0,36.048055,24.879569,2,Brew've Been Served
10,2014-01-16 12:13:27,2014-01-16 13:24:47,4280.0,36.076658,24.857619,1,Guy's Gyros
10,2014-01-16 13:34:12,2014-01-16 18:12:01,16669.0,36.048047,24.879574,2,Brew've Been Served
10,2014-01-16 18:19:59,2014-01-16 19:32:01,4322.0,36.076807,24.865879,31,Unknown
10,2014-01-17 07:04:43,2014-01-17 07:31:01,1578.0,36.073335,24.864182,14,Chostus Hotel
10,2014-01-17 07:44:18,2014-01-17 12:12:01,16063.0,36.048053,24.879571,2,Brew've Been Served
10,2014-01-17 18:18:59,2014-01-17 19:43:01,5042.0,36.076843,24.865879,31,Unknown
10,2014-01-17 20:44:01,2014-01-18 12:23:01,56340.0,36.076815,24.865869,31,Unknown
10,2014-01-18 15:56:59,2014-01-18 18:20:01,8582.0,36.076816,24.865885,31,Unknown
10,2014-01-19 16:38:01,2014-01-19 18:20:01,6120.0,36.076801,24.865889,31,Unknown
11,2014-01-06 14:03:25,2014-01-06 17:15:01,11496.0,36.048049,24.879569,2,Brew've Been Served
11,2014-01-07 20:41:34,2014-01-08 07:35:01,39207.0,36.084198,24.859001,8,Shoppers' Delight
11,2014-01-08 13:42:26,2014-01-08 17:11:01,12515.0,36.048051,24.879573,2,Brew've Been Served
11,2014-01-09 07:25:32,2014-01-09 08:08:01,2549.0,36.081743,24.850958,18,Abila Airport
11,2014-01-09 12:19:27,2014-01-09 13:40:01,4834.0,36.07668,24.857572,1,Guy's Gyros
11,2014-01-09 13:49:26,2014-01-09 17:26:01,12995.0,36.048048,24.879573,2,Brew've Been Served
11,2014-01-09 17:36:27,2014-01-09 19:06:01,5374.0,36.084138,24.859012,8,Shoppers' Delight
11,2014-01-09 19:19:01,2014-01-09 20:28:01,4140.0,36.054998,24.901804,22,Abila Zacharo
11,2014-01-09 20:41:01,2014-01-10 07:06:01,37500.0,36.084159,24.859045,8,Shoppers' Delight
11,2014-01-10 14:02:41,2014-01-10 17:32:01,12560.0,36.048053,24.879572,2,Brew've Been Served
11,2014-01-12 19:26:01,2014-01-13 07:42:01,44160.0,36.084186,24.858982,8,Shoppers' Delight
11,2014-01-13 07:45:29,2014-01-13 08:07:01,1292.0,36.081801,24.850903,18,Abila Airport
11,2014-01-13 20:51:08,2014-01-14 07:18:01,37613.0,36.084152,24.858986,8,Shoppers' Delight
11,2014-01-14 12:23:25,2014-01-14 13:52:01,5316.0,36.065837,24.852398,4,Hippokampos
11,2014-01-14 14:00:25,2014-01-14 17:15:01,11676.0,36.048048,24.879572,2,Brew've Been Served
11,2014-01-15 11:59:05,2014-01-15 13:37:01,5876.0,36.051949,24.870823,9,Ouzeri Elian
11,2014-01-16 07:43:32,2014-01-16 08:11:01,1649.0,36.08176,24.850921,18,Abila Airport
11,2014-01-16 12:07:27,2014-01-16 13:51:01,6214.0,36.076676,24.857609,1,Guy's Gyros
11,2014-01-16 14:00:26,2014-01-16 17:19:01,11915.0,36.048051,24.879573,2,Brew've Been Served
11,2014-01-16 18:32:44,2014-01-16 20:23:01,6617.0,36.076716,24.857599,1,Guy's Gyros
11,2014-01-17 13:56:22,2014-01-17 17:22:01,12339.0,36.048051,24.879572,2,Brew've Been Served
11,2014-01-18 18:35:44,2014-01-18 19:23:01,2837.0,36.076651,24.857607,1,Guy's Gyros
12,2014-01-06 07:51:08,2014-01-06 12:28:01,16613.0,36.048048,24.879573,2,Brew've Been Served
12,2014-01-06 14:20:16,2014-01-06 17:12:01,10305.0,36.048064,24.87957,2,Brew've Been Served
12,2014-01-06 20:41:01,2014-01-07 07:08:01,37620.0,36.067826,24.899106,26,Kalami Kafenion
12,2014-01-07 07:14:16,2014-01-07 07:52:01,2265.0,36.063636,24.88593,23,Hallowed Grounds
12,2014-01-07 07:59:08,2014-01-07 12:07:01,14873.0,36.048049,24.879574,2,Brew've Been Served
12,2014-01-07 12:15:25,2014-01-07 13:48:01,5556.0,36.065836,24.852404,4,Hippokampos
12,2014-01-07 13:56:25,2014-01-07 17:15:01,11916.0,36.048048,24.879573,2,Brew've Been Served
12,2014-01-08 07:54:08,2014-01-08 12:14:01,15593.0,36.048049,24.87957,2,Brew've Been Served
12,2014-01-08 14:11:23,2014-01-08 17:28:01,11798.0,36.048059,24.879569,2,Brew've Been Served
12,2014-01-08 19:33:01,2014-01-08 21:04:01,5460.0,36.060372,24.856516,12,Gelatogalore
12,2014-01-08 21:15:01,2014-01-09 07:04:01,35340.0,36.067818,24.89913,26,Kalami Kafenion
12,2014-01-09 07:58:08,2014-01-09 12:32:01,16433.0,36.04805,24.879569,2,Brew've Been Served
12,2014-01-10 07:59:08,2014-01-10 12:22:01,15773.0,36.048046,24.879574,2,Brew've Been Served
12,2014-01-10 14:16:22,2014-01-10 17:14:01,10659.0,36.048049,24.879571,2,Brew've Been Served
12,2014-01-11 13:24:01,2014-01-11 14:18:01,3240.0,36.06587,24.852377,4,Hippokampos
12,2014-01-11 20:54:01,2014-01-12 18:27:01,77580.0,36.067807,24.899135,26,Kalami Kafenion
12,2014-01-12 18:31:01,2014-01-12 19:29:01,3480.0,36.05577,24.90249,22,Abila Zacharo
12,2014-01-13 08:04:08,2014-01-13 12:11:01,14813.0,36.048046,24.879571,2,Brew've Been Served
12,2014-01-13 14:02:41,2014-01-13 17:27:01,12260.0,36.04805,24.879569,2,Brew've Been Served
12,2014-01-13 18:52:19,2014-01-13 21:09:01,8202.0,36.055826,24.902558,22,Abila Zacharo
12,2014-01-13 21:19:01,2014-01-14 07:15:01,35760.0,36.067812,24.899095,26,Kalami Kafenion
12,2014-01-14 07:57:08,2014-01-14 12:05:01,14873.0,36.048049,24.879572,2,Brew've Been Served
12,2014-01-15 07:17:16,2014-01-15 07:49:01,1905.0,36.063648,24.885914,23,Hallowed Grounds
12,2014-01-15 07:56:08,2014-01-15 12:20:01,15833.0,36.048052,24.879571,2,Brew've Been Served
12,2014-01-16 07:53:08,2014-01-16 12:17:01,15833.0,36.048048,24.879572,2,Brew've Been Served
12,2014-01-17 07:49:40,2014-01-17 12:27:01,16641.0,36.048057,24.879572,2,Brew've Been Served
12,2014-01-17 12:35:25,2014-01-17 14:07:01,5496.0,36.065834,24.852396,4,Hippokampos
12,2014-01-17 14:15:25,2014-01-17 17:36:01,12036.0,36.048053,24.879571,2,Brew've Been Served
12,2014-01-17 19:03:01,2014-01-17 20:51:01,6480.0,36.060352,24.856526,12,Gelatogalore
12,2014-01-17 21:01:01,2014-01-19 18:22:01,163260.0,36.067835,24.899151,26,Kalami Kafenion
12,2014-01-19 18:25:19,2014-01-19 20:18:01,6762.0,36.055819,24.902556,22,Abila Zacharo
13,2014-01-06 07:29:36,2014-01-06 08:03:01,2005.0,36.054059,24.901244,6,Katerina's Cafe
13,2014-01-06 14:17:15,2014-01-06 17:40:01,12166.0,36.048049,24.879569,2,Brew've Been Served
13,2014-01-06 19:21:47,2014-01-06 20:29:01,4034.0,36.055761,24.902555,22,Abila Zacharo
13,2014-01-07 11:54:01,2014-01-07 12:18:01,1440.0,36.063237,24.90017,3,Frydos Autosupply n' More
13,2014-01-07 19:52:01,2014-01-08 07:17:01,41100.0,36.060343,24.905679,16,Albert's Fine Clothing
13,2014-01-08 12:10:16,2014-01-08 13:53:01,6165.0,36.059769,24.85804,12,Gelatogalore
13,2014-01-08 13:59:15,2014-01-08 17:27:01,12466.0,36.048047,24.879573,2,Brew've Been Served
13,2014-01-08 17:31:46,2014-01-08 19:06:01,5655.0,36.060374,24.905629,16,Albert's Fine Clothing
13,2014-01-09 11:43:24,2014-01-09 12:25:01,2497.0,36.069496,24.841561,15,Jack's Magical Beans
13,2014-01-10 12:25:57,2014-01-10 14:09:01,6184.0,36.063438,24.850998,4,Hippokampos
13,2014-01-10 18:56:13,2014-01-10 20:23:01,5208.0,36.052847,24.868625,9,Ouzeri Elian
13,2014-01-11 18:38:44,2014-01-11 19:19:01,2417.0,36.065833,24.852396,4,Hippokampos
13,2014-01-12 12:46:45,2014-01-12 13:31:01,2656.0,36.05196,24.870814,9,Ouzeri Elian
13,2014-01-12 15:53:01,2014-01-13 08:10:01,58620.0,36.060395,24.90563,16,Albert's Fine Clothing
13,2014-01-13 08:12:36,2014-01-13 08:24:01,685.0,36.054043,24.901225,6,Katerina's Cafe
13,2014-01-13 08:29:12,2014-01-13 11:51:01,12109.0,36.048059,24.879572,2,Brew've Been Served
13,2014-01-13 12:41:51,2014-01-13 13:53:01,4270.0,36.063432,24.85101,4,Hippokampos
13,2014-01-13 19:14:01,2014-01-13 20:22:01,4080.0,36.055801,24.902544,22,Abila Zacharo
13,2014-01-14 14:06:22,2014-01-14 17:27:01,12039.0,36.048049,24.87957,2,Brew've Been Served
13,2014-01-14 20:41:01,2014-01-15 07:12:01,37860.0,36.060394,24.905586,16,Albert's Fine Clothing
13,2014-01-15 14:13:15,2014-01-15 17:39:01,12346.0,36.048051,24.879571,2,Brew've Been Served
13,2014-01-16 13:52:41,2014-01-16 17:28:01,12920.0,36.04805,24.879568,2,Brew've Been Served
13,2014-01-17 14:05:15,2014-01-17 17:29:01,12226.0,36.048051,24.879571,2,Brew've Been Served
13,2014-01-18 12:14:01,2014-01-18 12:59:01,2700.0,36.080671,24.846839,18,Abila Airport
13,2014-01-18 13:13:42,2014-01-18 14:08:01,3259.0,36.054483,24.899909,6,Katerina's Cafe
14,2014-01-06 07:29:44,2014-01-06 08:06:01,2177.0,36.063686,24.885953,23,Hallowed Grounds
14,2014-01-06 08:13:08,2014-01-06 12:24:01,15053.0,36.04805,24.87957,2,Brew've Been Served
14,2014-01-06 14:01:22,2014-01-06 17:32:01,12639.0,36.04805,24.87957,2,Brew've Been Served
14,2014-01-06 20:18:01,2014-01-07 07:01:01,38580.0,36.063402,24.896149,3,Frydos Autosupply n' More
14,2014-01-07 07:50:08,2014-01-07 12:12:01,15713.0,36.048051,24.879568,2,Brew've Been Served
14,2014-01-07 12:18:16,2014-01-07 14:00:01,6105.0,36.059748,24.858065,12,Gelatogalore
14,2014-01-07 14:06:15,2014-01-07 17:40:01,12826.0,36.048047,24.879572,2,Brew've Been Served
14,2014-01-07 17:45:38,2014-01-07 18:47:01,3683.0,36.063381,24.896163,3,Frydos Autosupply n' More
14,2014-01-07 18:50:05,2014-01-07 20:17:01,5216.0,36.054514,24.899931,6,Katerina's Cafe
14,2014-01-08 07:15:46,2014-01-08 07:48:01,1935.0,36.063686,24.885911,23,Hallowed Grounds
14,2014-01-08 07:55:08,2014-01-08 12:25:01,16193.0,36.048049,24.879572,2,Brew've Been Served
14,2014-01-08 14:01:41,2014-01-08 17:43:01,13280.0,36.048052,24.879569,2,Brew've Been Served
14,2014-01-08 19:52:01,2014-01-08 21:17:01,5100.0,36.05452,24.899922,6,Katerina's Cafe
14,2014-01-08 21:22:01,2014-01-09 07:17:01,35700.0,36.063396,24.896161,3,Frydos Autosupply n' More
14,2014-01-09 08:06:08,2014-01-09 12:00:01,14033.0,36.048049,24.879573,2,Brew've Been Served
14,2014-01-10 07:11:46,2014-01-10 07:44:01,1935.0,36.063664,24.88591,23,Hallowed Grounds
14,2014-01-10 07:51:08,2014-01-10 12:19:01,16073.0,36.048048,24.879574,2,Brew've Been Served
14,2014-01-12 11:32:01,2014-01-12 12:30:01,3480.0,36.063376,24.896076,3,Frydos Autosupply n' More
14,2014-01-12 23:21:01,2014-01-13 07:05:01,27840.0,36.063408,24.896133,3,Frydos Autosupply n' More
14,2014-01-13 13:46:22,2014-01-13 17:48:01,14499.0,36.04805,24.879574,2,Brew've Been Served
14,2014-01-13 19:05:01,2014-01-13 21:04:01,7140.0,36.054457,24.89997,6,Katerina's Cafe
14,2014-01-13 21:09:01,2014-01-14 07:43:01,38040.0,36.063389,24.896125,3,Frydos Autosupply n' More
14,2014-01-14 08:04:08,2014-01-14 12:05:01,14453.0,36.048046,24.87957,2,Brew've Been Served
14,2014-01-14 13:53:41,2014-01-14 17:41:01,13640.0,36.048049,24.879572,2,Brew've Been Served
14,2014-01-14 20:36:01,2014-01-15 07:41:01,39900.0,36.063353,24.896096,3,Frydos Autosupply n' More
14,2014-01-15 13:50:25,2014-01-15 17:48:01,14256.0,36.048047,24.879571,2,Brew've Been Served
14,2014-01-16 08:02:08,2014-01-16 12:17:01,15293.0,36.048049,24.87957,2,Brew've Been Served
14,2014-01-16 13:57:15,2014-01-16 17:38:01,13246.0,36.048051,24.879573,2,Brew've Been Served
14,2014-01-17 08:07:08,2014-01-17 11:56:01,13733.0,36.048048,24.879572,2,Brew've Been Served
14,2014-01-17 12:04:25,2014-01-17 13:59:01,6876.0,36.065839,24.852372,4,Hippokampos
14,2014-01-17 14:07:25,2014-01-17 17:40:01,12756.0,36.048049,24.879572,2,Brew've Been Served
14,2014-01-18 15:39:45,2014-01-18 18:21:01,9676.0,36.063366,24.896183,3,Frydos Autosupply n' More
15,2014-01-06 07:48:36,2014-01-06 08:14:01,1525.0,36.054045,24.901244,6,Katerina's Cafe
15,2014-01-06 12:04:23,2014-01-06 14:00:01,6938.0,36.054446,24.89992,6,Katerina's Cafe
15,2014-01-06 14:03:22,2014-01-06 17:22:01,11919.0,36.048049,24.879568,2,Brew've Been Served
15,2014-01-07 06:37:01,2014-01-07 07:29:01,3120.0,36.07682,24.865888,31,Unknown
15,2014-01-07 08:26:18,2014-01-07 11:33:01,11203.0,36.048051,24.879572,2,Brew've Been Served
15,2014-01-07 14:06:26,2014-01-07 17:26:01,11975.0,36.048049,24.879573,2,Brew've Been Served
15,2014-01-07 18:31:01,2014-01-07 20:24:01,6780.0,36.055832,24.902526,22,Abila Zacharo
15,2014-01-07 20:35:01,2014-01-08 07:18:01,38580.0,36.060408,24.905596,16,Albert's Fine Clothing
15,2014-01-08 11:45:01,2014-01-08 12:33:01,2880.0,36.072181,24.841321,15,Jack's Magical Beans
15,2014-01-08 13:49:41,2014-01-08 17:37:01,13640.0,36.048049,24.879568,2,Brew've Been Served
15,2014-01-08 18:56:01,2014-01-08 20:19:01,4980.0,36.054985,24.901859,22,Abila Zacharo
15,2014-01-09 03:32:43,2014-01-09 07:23:01,13818.0,36.072152,24.874603,20,Roberts and Sons
15,2014-01-09 07:26:24,2014-01-09 08:10:01,2617.0,36.067515,24.87334,11,U-Pump
15,2014-01-09 13:43:22,2014-01-09 17:33:01,13779.0,36.048052,24.87957,2,Brew've Been Served
15,2014-01-09 20:55:01,2014-01-10 07:23:01,37680.0,36.06043,24.905622,16,Albert's Fine Clothing
15,2014-01-10 20:54:01,2014-01-11 11:00:01,50760.0,36.060391,24.905628,16,Albert's Fine Clothing
15,2014-01-11 12:27:01,2014-01-11 12:44:01,1020.0,36.069469,24.841538,15,Jack's Magical Beans
15,2014-01-12 19:36:01,2014-01-13 07:31:01,42900.0,36.060352,24.905685,16,Albert's Fine Clothing
15,2014-01-13 11:53:18,2014-01-13 12:10:01,1003.0,36.050129,24.900411,6,Katerina's Cafe
15,2014-01-13 19:39:01,2014-01-14 07:31:01,42720.0,36.060367,24.905608,16,Albert's Fine Clothing
15,2014-01-14 13:51:27,2014-01-14 17:37:01,13534.0,36.048056,24.879572,2,Brew've Been Served
15,2014-01-14 20:27:04,2014-01-15 07:43:01,40557.0,36.060378,24.905585,16,Albert's Fine Clothing
15,2014-01-15 14:03:15,2014-01-15 17:13:01,11386.0,36.048051,24.879573,2,Brew've Been Served
15,2014-01-15 21:06:01,2014-01-16 07:34:01,37680.0,36.060381,24.905617,16,Albert's Fine Clothing
15,2014-01-16 08:15:12,2014-01-16 12:00:01,13489.0,36.048059,24.879569,2,Brew've Been Served
15,2014-01-17 13:48:41,2014-01-17 17:22:01,12800.0,36.048051,24.879572,2,Brew've Been Served
15,2014-01-18 13:01:44,2014-01-18 13:10:01,497.0,36.065836,24.852395,4,Hippokampos
15,2014-01-18 15:26:01,2014-01-18 18:32:01,11160.0,36.060375,24.90565,16,Albert's Fine Clothing
15,2014-01-19 18:29:05,2014-01-19 20:35:01,7556.0,36.055817,24.902587,22,Abila Zacharo
16,2014-01-06 18:07:01,2014-01-06 19:29:01,4920.0,36.06038,24.905634,16,Albert's Fine Clothing
16,2014-01-07 01:10:01,2014-01-07 07:30:01,22800.0,36.076829,24.865883,31,Unknown
16,2014-01-07 07:31:44,2014-01-07 07:45:01,797.0,36.073327,24.864183,14,Chostus Hotel
16,2014-01-07 07:58:18,2014-01-07 11:56:01,14263.0,36.048048,24.87957,2,Brew've Been Served
16,2014-01-07 13:32:41,2014-01-07 17:39:01,14780.0,36.048051,24.879569,2,Brew've Been Served
16,2014-01-08 06:54:01,2014-01-08 07:39:01,2700.0,36.054028,24.90122,6,Katerina's Cafe
16,2014-01-08 11:53:25,2014-01-08 13:46:01,6756.0,36.065834,24.852399,4,Hippokampos
16,2014-01-08 13:54:25,2014-01-08 17:27:01,12756.0,36.04805,24.87957,2,Brew've Been Served
16,2014-01-08 19:43:01,2014-01-09 07:30:01,42420.0,36.060385,24.905627,16,Albert's Fine Clothing
16,2014-01-09 12:00:42,2014-01-09 13:27:01,5179.0,36.055811,24.902484,22,Abila Zacharo
16,2014-01-09 13:30:41,2014-01-09 17:29:01,14300.0,36.048051,24.87957,2,Brew've Been Served
16,2014-01-10 12:04:22,2014-01-10 13:37:01,5559.0,36.054443,24.899892,6,Katerina's Cafe
16,2014-01-10 13:40:23,2014-01-10 17:29:01,13718.0,36.048059,24.87957,2,Brew've Been Served
16,2014-01-10 19:39:01,2014-01-10 21:20:01,6060.0,36.063268,24.852285,4,Hippokampos
16,2014-01-10 21:31:01,2014-01-10 23:00:01,5340.0,36.060403,24.905647,16,Albert's Fine Clothing
16,2014-01-10 23:21:01,2014-01-11 03:23:01,14520.0,36.076226,24.87468,30,Frank's Fuel
16,2014-01-11 11:00:01,2014-01-11 18:01:01,25260.0,36.060338,24.905631,16,Albert's Fine Clothing
16,2014-01-11 18:02:04,2014-01-11 20:18:01,8157.0,36.055811,24.902566,22,Abila Zacharo
16,2014-01-12 19:50:01,2014-01-13 07:33:01,42180.0,36.060395,24.905624,16,Albert's Fine Clothing
16,2014-01-13 11:59:27,2014-01-13 13:39:01,5974.0,36.076657,24.85764,1,Guy's Gyros
16,2014-01-13 13:48:26,2014-01-13 17:30:01,13295.0,36.048049,24.87957,2,Brew've Been Served
16,2014-01-13 20:11:04,2014-01-14 07:10:01,39537.0,36.060353,24.905578,16,Albert's Fine Clothing
16,2014-01-14 07:12:36,2014-01-14 07:43:01,1825.0,36.054055,24.901221,6,Katerina's Cafe
16,2014-01-14 13:45:22,2014-01-14 17:49:01,14619.0,36.048053,24.879574,2,Brew've Been Served
16,2014-01-14 21:42:01,2014-01-15 07:23:01,34860.0,36.060395,24.905639,16,Albert's Fine Clothing
16,2014-01-15 13:53:41,2014-01-15 17:29:01,12920.0,36.048052,24.879568,2,Brew've Been Served
16,2014-01-16 07:00:01,2014-01-16 07:45:01,2700.0,36.054051,24.901216,6,Katerina's Cafe
16,2014-01-16 14:02:26,2014-01-16 17:26:01,12215.0,36.048053,24.879571,2,Brew've Been Served
16,2014-01-17 07:46:36,2014-01-17 07:59:01,745.0,36.054096,24.901246,6,Katerina's Cafe
16,2014-01-17 20:51:01,2014-01-18 18:39:01,78480.0,36.060425,24.90563,16,Albert's Fine Clothing
16,2014-01-18 18:40:45,2014-01-18 20:14:01,5596.0,36.054476,24.899943,6,Katerina's Cafe
16,2014-01-19 12:31:01,2014-01-19 13:01:01,1800.0,36.0545,24.899975,6,Katerina's Cafe
16,2014-01-19 15:42:01,2014-01-19 18:18:01,9360.0,36.060405,24.905635,16,Albert's Fine Clothing
16,2014-01-19 18:20:01,2014-01-19 20:01:01,6060.0,36.055814,24.902556,22,Abila Zacharo
17,2014-01-06 07:55:12,2014-01-06 12:23:01,16069.0,36.048055,24.879574,2,Brew've Been Served
17,2014-01-06 13:37:41,2014-01-06 17:15:01,13040.0,36.048049,24.879571,2,Brew've Been Served
17,2014-01-06 19:29:01,2014-01-07 06:56:01,41220.0,36.062442,24.898811,3,Frydos Autosupply n' More
17,2014-01-07 06:58:48,2014-01-07 07:38:01,2353.0,36.054065,24.901229,6,Katerina's Cafe
17,2014-01-07 12:40:25,2014-01-07 13:28:01,2856.0,36.065828,24.852402,4,Hippokampos
17,2014-01-07 13:36:25,2014-01-07 17:34:01,14256.0,36.048049,24.879572,2,Brew've Been Served
17,2014-01-08 07:44:53,2014-01-08 08:02:01,1028.0,36.054081,24.901181,6,Katerina's Cafe
17,2014-01-08 13:44:41,2014-01-08 17:32:01,13640.0,36.048048,24.879573,2,Brew've Been Served
17,2014-01-09 07:37:01,2014-01-09 07:53:01,960.0,36.054087,24.901236,6,Katerina's Cafe
17,2014-01-09 12:33:25,2014-01-09 13:40:01,3996.0,36.065835,24.85239,4,Hippokampos
17,2014-01-09 13:48:25,2014-01-09 17:28:01,13176.0,36.048046,24.879572,2,Brew've Been Served
17,2014-01-09 19:31:01,2014-01-09 20:41:01,4200.0,36.055769,24.902526,22,Abila Zacharo
17,2014-01-10 13:49:41,2014-01-10 17:14:01,12260.0,36.048048,24.879571,2,Brew've Been Served
17,2014-01-10 18:40:01,2014-01-10 20:18:01,5880.0,36.054962,24.901861,22,Abila Zacharo
17,2014-01-10 20:23:01,2014-01-11 18:52:01,80940.0,36.062511,24.898802,3,Frydos Autosupply n' More
17,2014-01-12 18:42:53,2014-01-12 19:27:01,2648.0,36.052852,24.868644,9,Ouzeri Elian
17,2014-01-13 07:15:53,2014-01-13 07:40:01,1448.0,36.054033,24.901248,6,Katerina's Cafe
17,2014-01-13 14:00:26,2014-01-13 17:28:01,12455.0,36.048052,24.87957,2,Brew've Been Served
17,2014-01-14 13:45:15,2014-01-14 17:34:01,13726.0,36.048051,24.879571,2,Brew've Been Served
17,2014-01-14 17:39:38,2014-01-14 18:42:01,3743.0,36.062458,24.898856,3,Frydos Autosupply n' More
17,2014-01-15 06:54:46,2014-01-15 07:38:01,2595.0,36.054096,24.901207,6,Katerina's Cafe
17,2014-01-15 21:00:01,2014-01-16 07:28:01,37680.0,36.062478,24.898833,3,Frydos Autosupply n' More
17,2014-01-16 12:20:25,2014-01-16 13:50:01,5376.0,36.065841,24.852406,4,Hippokampos
17,2014-01-16 13:58:25,2014-01-16 17:19:01,12036.0,36.04805,24.87957,2,Brew've Been Served
17,2014-01-17 19:35:01,2014-01-17 20:08:01,1980.0,36.05285,24.868633,9,Ouzeri Elian
17,2014-01-18 12:20:01,2014-01-18 13:28:01,4080.0,36.05578,24.902504,22,Abila Zacharo
17,2014-01-18 18:15:01,2014-01-19 12:49:01,66840.0,36.062507,24.898831,3,Frydos Autosupply n' More
17,2014-01-19 14:23:01,2014-01-19 18:24:01,14460.0,36.062465,24.898812,3,Frydos Autosupply n' More
18,2014-01-06 07:48:08,2014-01-06 12:34:01,17153.0,36.048049,24.879572,2,Brew've Been Served
18,2014-01-06 14:00:23,2014-01-06 17:28:01,12458.0,36.048055,24.87957,2,Brew've Been Served
18,2014-01-06 18:57:05,2014-01-06 21:05:01,7676.0,36.054494,24.899947,6,Katerina's Cafe
18,2014-01-07 08:09:08,2014-01-07 12:08:01,14333.0,36.048048,24.879571,2,Brew've Been Served
18,2014-01-07 14:20:29,2014-01-07 17:38:01,11852.0,36.048057,24.879569,2,Brew've Been Served
18,2014-01-08 07:55:08,2014-01-08 12:24:01,16133.0,36.048046,24.87957,2,Brew've Been Served
18,2014-01-09 08:07:08,2014-01-09 12:20:01,15173.0,36.048047,24.879572,2,Brew've Been Served
18,2014-01-09 13:54:41,2014-01-09 17:46:01,13880.0,36.048048,24.879568,2,Brew've Been Served
18,2014-01-09 21:07:01,2014-01-10 07:29:01,37320.0,36.063385,24.896068,3,Frydos Autosupply n' More
18,2014-01-10 07:50:08,2014-01-10 12:18:01,16073.0,36.048048,24.879572,2,Brew've Been Served
18,2014-01-10 12:20:05,2014-01-10 14:09:01,6536.0,36.051948,24.870813,9,Ouzeri Elian
18,2014-01-10 22:43:01,2014-01-11 12:47:01,50640.0,36.063364,24.896118,3,Frydos Autosupply n' More
18,2014-01-11 15:36:01,2014-01-11 18:28:01,10320.0,36.06338,24.896156,3,Frydos Autosupply n' More
18,2014-01-11 19:19:01,2014-01-13 07:04:01,128700.0,36.063382,24.896147,3,Frydos Autosupply n' More
18,2014-01-13 07:22:06,2014-01-13 07:38:01,955.0,36.081757,24.850909,18,Abila Airport
18,2014-01-13 12:21:27,2014-01-13 14:09:01,6454.0,36.076642,24.857619,1,Guy's Gyros
18,2014-01-13 14:18:26,2014-01-13 17:35:01,11795.0,36.048051,24.879575,2,Brew've Been Served
18,2014-01-13 17:40:39,2014-01-14 07:41:01,50422.0,36.063399,24.896139,3,Frydos Autosupply n' More
18,2014-01-14 08:02:08,2014-01-14 12:07:01,14693.0,36.048052,24.87957,2,Brew've Been Served
18,2014-01-14 13:57:41,2014-01-14 17:46:01,13700.0,36.048051,24.879568,2,Brew've Been Served
18,2014-01-15 07:01:58,2014-01-15 07:37:01,2103.0,36.063655,24.885915,23,Hallowed Grounds
18,2014-01-15 07:44:08,2014-01-15 12:24:01,16793.0,36.048047,24.879573,2,Brew've Been Served
18,2014-01-15 14:11:41,2014-01-15 17:37:01,12320.0,36.04805,24.879571,2,Brew've Been Served
18,2014-01-15 18:43:01,2014-01-15 20:06:01,4980.0,36.054462,24.899966,6,Katerina's Cafe
18,2014-01-16 08:07:08,2014-01-16 12:32:01,15893.0,36.048023,24.879573,2,Brew've Been Served
18,2014-01-16 14:01:27,2014-01-16 17:20:01,11914.0,36.048057,24.879569,2,Brew've Been Served
18,2014-01-17 07:18:01,2014-01-17 07:41:01,1380.0,36.063638,24.885917,23,Hallowed Grounds
18,2014-01-17 07:48:08,2014-01-17 12:13:01,15893.0,36.048046,24.879569,2,Brew've Been Served
18,2014-01-17 14:06:26,2014-01-17 17:45:01,13115.0,36.048049,24.879569,2,Brew've Been Served
18,2014-01-17 19:43:01,2014-01-17 20:25:01,2520.0,36.060393,24.856549,12,Gelatogalore
18,2014-01-18 14:18:01,2014-01-18 18:38:01,15600.0,36.063365,24.896086,3,Frydos Autosupply n' More
19,2014-01-06 06:57:01,2014-01-06 07:40:01,2580.0,36.08176,24.850918,18,Abila Airport
19,2014-01-06 12:00:01,2014-01-06 13:53:01,6780.0,36.051936,24.870831,9,Ouzeri Elian
19,2014-01-07 18:13:01,2014-01-07 19:08:01,3300.0,36.087923,24.856278,33,Desafio Golf Course
19,2014-01-07 20:10:01,2014-01-08 07:10:01,39600.0,36.087865,24.85629,33,Desafio Golf Course
19,2014-01-08 13:48:22,2014-01-08 17:30:01,13299.0,36.048048,24.879572,2,Brew've Been Served
19,2014-01-08 17:41:35,2014-01-08 19:22:01,6026.0,36.087863,24.856337,33,Desafio Golf Course
19,2014-01-08 19:24:53,2014-01-08 20:03:01,2288.0,36.076647,24.857575,1,Guy's Gyros
19,2014-01-08 20:10:01,2014-01-09 07:03:01,39180.0,36.087884,24.856319,33,Desafio Golf Course
19,2014-01-09 12:03:25,2014-01-09 13:31:01,5256.0,36.065826,24.852406,4,Hippokampos
19,2014-01-09 13:39:25,2014-01-09 17:51:01,15096.0,36.048048,24.87957,2,Brew've Been Served
19,2014-01-09 21:12:01,2014-01-10 07:37:01,37500.0,36.087847,24.856337,33,Desafio Golf Course
19,2014-01-10 11:52:01,2014-01-10 13:51:01,7140.0,36.054483,24.899885,6,Katerina's Cafe
19,2014-01-10 13:54:22,2014-01-10 17:41:01,13599.0,36.048054,24.879573,2,Brew've Been Served
19,2014-01-10 17:52:35,2014-01-10 19:07:01,4466.0,36.087862,24.856361,33,Desafio Golf Course
19,2014-01-10 20:18:01,2014-01-10 23:57:01,13140.0,36.085443,24.860409,8,Shoppers' Delight
19,2014-01-11 00:22:01,2014-01-11 12:40:01,44280.0,36.087892,24.856291,33,Desafio Golf Course
19,2014-01-12 18:24:01,2014-01-12 19:36:01,4320.0,36.07666,24.857588,1,Guy's Gyros
19,2014-01-14 13:32:22,2014-01-14 17:46:01,15219.0,36.048051,24.879569,2,Brew've Been Served
19,2014-01-14 19:35:01,2014-01-14 21:09:01,5640.0,36.076674,24.85761,1,Guy's Gyros
19,2014-01-14 21:15:01,2014-01-15 07:07:01,35520.0,36.087902,24.856278,33,Desafio Golf Course
19,2014-01-15 12:19:25,2014-01-15 13:46:01,5196.0,36.06583,24.852389,4,Hippokampos
19,2014-01-15 13:54:25,2014-01-15 17:46:01,13896.0,36.048051,24.879575,2,Brew've Been Served
19,2014-01-15 19:53:01,2014-01-15 21:12:01,4740.0,36.076691,24.857616,1,Guy's Gyros
19,2014-01-16 11:59:25,2014-01-16 13:29:01,5376.0,36.06583,24.852391,4,Hippokampos
19,2014-01-16 13:37:25,2014-01-16 17:48:01,15036.0,36.048049,24.879571,2,Brew've Been Served
19,2014-01-18 15:36:01,2014-01-18 18:22:01,9960.0,36.087878,24.856289,33,Desafio Golf Course
19,2014-01-19 12:49:01,2014-01-19 13:11:01,1320.0,36.059773,24.858037,12,Gelatogalore
19,2014-01-19 15:25:01,2014-01-19 18:34:01,11340.0,36.087877,24.856287,33,Desafio Golf Course
20,2014-01-06 18:52:01,2014-01-06 20:21:01,5340.0,36.055787,24.902539,22,Abila Zacharo
20,2014-01-06 20:27:01,2014-01-07 07:13:01,38760.0,36.065887,24.901054,26,Kalami Kafenion
20,2014-01-07 07:18:35,2014-01-07 07:47:01,1706.0,36.05411,24.901193,6,Katerina's Cafe
20,2014-01-07 11:57:42,2014-01-07 13:44:01,6379.0,36.055755,24.902537,22,Abila Zacharo
20,2014-01-07 13:47:41,2014-01-07 17:30:01,13340.0,36.048048,24.87957,2,Brew've Been Served
20,2014-01-08 07:23:35,2014-01-08 07:56:01,1946.0,36.054086,24.901226,6,Katerina's Cafe
20,2014-01-08 12:05:25,2014-01-08 13:53:01,6456.0,36.065828,24.852398,4,Hippokampos
20,2014-01-08 14:01:25,2014-01-08 17:17:01,11736.0,36.048047,24.879569,2,Brew've Been Served
20,2014-01-09 12:22:05,2014-01-09 13:26:01,3836.0,36.051936,24.87083,9,Ouzeri Elian
20,2014-01-09 18:36:01,2014-01-09 19:59:01,4980.0,36.055791,24.902529,22,Abila Zacharo
20,2014-01-09 20:10:01,2014-01-10 07:01:01,39060.0,36.065892,24.901061,26,Kalami Kafenion
20,2014-01-10 13:36:41,2014-01-10 17:19:01,13340.0,36.048034,24.879572,2,Brew've Been Served
20,2014-01-10 20:00:01,2014-01-11 18:50:01,82200.0,36.065856,24.901031,26,Kalami Kafenion
20,2014-01-12 20:19:01,2014-01-13 07:16:01,39420.0,36.065852,24.901029,26,Kalami Kafenion
20,2014-01-14 07:15:35,2014-01-14 07:55:01,2366.0,36.054105,24.901209,6,Katerina's Cafe
20,2014-01-14 14:19:08,2014-01-14 15:56:01,5813.0,36.058559,24.857934,12,Gelatogalore
20,2014-01-14 16:02:02,2014-01-14 17:21:01,4739.0,36.048056,24.879569,2,Brew've Been Served
20,2014-01-14 17:26:53,2014-01-14 18:28:01,3668.0,36.065875,24.901057,26,Kalami Kafenion
20,2014-01-14 18:36:01,2014-01-14 20:20:01,6240.0,36.055776,24.902503,22,Abila Zacharo
20,2014-01-14 20:24:11,2014-01-15 07:21:01,39410.0,36.065886,24.901026,26,Kalami Kafenion
20,2014-01-15 13:41:26,2014-01-15 17:37:01,14135.0,36.048053,24.879574,2,Brew've Been Served
20,2014-01-15 19:22:01,2014-01-15 20:09:01,2820.0,36.055754,24.902527,22,Abila Zacharo
20,2014-01-15 20:13:01,2014-01-16 07:44:01,41460.0,36.065852,24.901076,26,Kalami Kafenion
20,2014-01-16 13:53:41,2014-01-16 17:28:01,12860.0,36.04805,24.879567,2,Brew've Been Served
20,2014-01-17 07:25:07,2014-01-17 08:03:01,2274.0,36.054652,24.88979,17,Coffee Cameleon
20,2014-01-17 08:08:32,2014-01-17 12:05:01,14189.0,36.048055,24.879572,2,Brew've Been Served
20,2014-01-17 12:14:27,2014-01-17 13:33:01,4714.0,36.076657,24.857621,1,Guy's Gyros
20,2014-01-17 13:42:26,2014-01-17 17:28:01,13535.0,36.048028,24.879568,2,Brew've Been Served
20,2014-01-17 18:37:01,2014-01-17 19:32:01,3300.0,36.055729,24.902522,22,Abila Zacharo
21,2014-01-06 17:53:01,2014-01-06 19:29:01,5760.0,36.063364,24.896142,3,Frydos Autosupply n' More
21,2014-01-07 13:50:15,2014-01-07 17:23:01,12766.0,36.04805,24.87957,2,Brew've Been Served
21,2014-01-07 21:23:01,2014-01-08 07:35:01,36720.0,36.060437,24.905659,16,Albert's Fine Clothing
21,2014-01-08 13:35:15,2014-01-08 17:22:01,13606.0,36.048047,24.87957,2,Brew've Been Served
21,2014-01-09 07:44:46,2014-01-09 08:00:02,916.0,36.06361,24.885914,23,Hallowed Grounds
21,2014-01-09 08:07:08,2014-01-09 11:16:01,11333.0,36.048032,24.87957,2,Brew've Been Served
21,2014-01-09 11:30:01,2014-01-09 12:24:01,3240.0,36.080636,24.846804,18,Abila Airport
21,2014-01-09 12:30:34,2014-01-09 13:46:01,4527.0,36.059726,24.857997,12,Gelatogalore
21,2014-01-09 13:52:15,2014-01-09 17:42:01,13786.0,36.04805,24.879569,2,Brew've Been Served
21,2014-01-09 18:44:01,2014-01-09 20:21:01,5820.0,36.054499,24.89995,6,Katerina's Cafe
21,2014-01-09 20:24:01,2014-01-10 07:24:01,39600.0,36.060368,24.905679,16,Albert's Fine Clothing
21,2014-01-10 11:48:01,2014-01-10 12:12:01,1440.0,36.063205,24.900167,3,Frydos Autosupply n' More
21,2014-01-10 12:18:55,2014-01-10 13:50:01,5466.0,36.051945,24.870821,9,Ouzeri Elian
21,2014-01-10 20:11:01,2014-01-11 03:20:01,25740.0,36.060387,24.905593,16,Albert's Fine Clothing
21,2014-01-11 20:24:55,2014-01-12 18:46:01,80466.0,36.063341,24.896138,3,Frydos Autosupply n' More
21,2014-01-12 18:50:01,2014-01-12 20:14:01,5040.0,36.054488,24.89988,6,Katerina's Cafe
21,2014-01-13 07:53:08,2014-01-13 12:17:01,15833.0,36.048047,24.87957,2,Brew've Been Served
21,2014-01-13 13:43:22,2014-01-13 17:35:01,13899.0,36.048052,24.879572,2,Brew've Been Served
21,2014-01-13 21:32:01,2014-01-13 23:00:01,5280.0,36.060385,24.905595,16,Albert's Fine Clothing
21,2014-01-14 03:20:01,2014-01-14 03:30:01,600.0,36.078208,24.872123,7,Daily Dealz
21,2014-01-14 06:38:01,2014-01-14 07:11:01,1980.0,36.060385,24.905632,16,Albert's Fine Clothing
21,2014-01-14 19:26:01,2014-01-14 21:17:01,6660.0,36.063271,24.852311,4,Hippokampos
21,2014-01-14 21:36:01,2014-01-15 07:23:01,35220.0,36.060346,24.905619,16,Albert's Fine Clothing
21,2014-01-15 11:13:01,2014-01-15 12:25:01,4320.0,36.058956,24.892827,21,Coffee Shack
21,2014-01-15 13:52:26,2014-01-15 17:30:01,13055.0,36.048049,24.879573,2,Brew've Been Served
21,2014-01-16 08:10:08,2014-01-16 11:15:01,11093.0,36.048051,24.879569,2,Brew've Been Served
21,2014-01-16 11:30:01,2014-01-16 12:19:01,2940.0,36.069491,24.841546,15,Jack's Magical Beans
21,2014-01-16 13:47:15,2014-01-16 17:45:01,14266.0,36.04805,24.87957,2,Brew've Been Served
21,2014-01-17 12:43:45,2014-01-17 13:44:01,3616.0,36.065832,24.852419,4,Hippokampos
21,2014-01-17 13:52:25,2014-01-17 17:38:01,13536.0,36.04805,24.87957,2,Brew've Been Served
21,2014-01-17 21:37:01,2014-01-18 18:35:01,75480.0,36.060382,24.905597,16,Albert's Fine Clothing
21,2014-01-19 18:41:01,2014-01-19 19:46:01,3900.0,36.054973,24.901769,22,Abila Zacharo
22,2014-01-07 12:27:25,2014-01-07 13:28:01,3636.0,36.065835,24.852396,4,Hippokampos
22,2014-01-07 13:36:25,2014-01-07 17:37:01,14436.0,36.048053,24.879575,2,Brew've Been Served
22,2014-01-08 08:00:23,2014-01-08 08:17:02,999.0,36.054021,24.901211,6,Katerina's Cafe
22,2014-01-08 13:45:15,2014-01-08 17:35:01,13786.0,36.048053,24.87957,2,Brew've Been Served
22,2014-01-08 17:39:16,2014-01-08 18:29:01,2985.0,36.058452,24.901016,29,General Grocer
22,2014-01-08 18:40:01,2014-01-08 20:16:01,5760.0,36.051951,24.870834,9,Ouzeri Elian
22,2014-01-08 20:24:01,2014-01-09 07:37:01,40380.0,36.058477,24.901028,29,General Grocer
22,2014-01-10 12:10:26,2014-01-10 13:46:01,5735.0,36.065839,24.852409,4,Hippokampos
22,2014-01-10 13:54:25,2014-01-10 17:43:01,13716.0,36.048048,24.879572,2,Brew've Been Served
22,2014-01-10 17:47:16,2014-01-11 18:24:01,88605.0,36.058478,24.901029,29,General Grocer
22,2014-01-11 20:19:08,2014-01-12 12:55:01,59753.0,36.058499,24.900987,29,General Grocer
22,2014-01-12 13:51:01,2014-01-12 15:31:01,6000.0,36.052858,24.868623,9,Ouzeri Elian
22,2014-01-12 18:42:58,2014-01-12 19:51:01,4083.0,36.059781,24.858003,12,Gelatogalore
22,2014-01-12 20:01:01,2014-01-13 07:30:01,41340.0,36.058467,24.901007,29,General Grocer
22,2014-01-13 19:55:45,2014-01-13 20:45:01,2956.0,36.055776,24.902565,22,Abila Zacharo
22,2014-01-15 13:35:22,2014-01-15 17:53:01,15459.0,36.048054,24.879572,2,Brew've Been Served
22,2014-01-15 21:07:01,2014-01-16 07:20:01,36780.0,36.058473,24.901057,29,General Grocer
22,2014-01-18 11:13:01,2014-01-18 13:22:01,7740.0,36.052956,24.84942,25,Ahaggo Museum
22,2014-01-18 13:31:38,2014-01-18 18:42:01,18623.0,36.077107,24.876201,30,Frank's Fuel
23,2014-01-06 12:28:25,2014-01-06 13:23:01,3276.0,36.065829,24.852395,4,Hippokampos
23,2014-01-06 13:31:25,2014-01-06 16:45:01,11616.0,36.048047,24.879572,2,Brew've Been Served
23,2014-01-06 17:12:01,2014-01-06 17:30:01,1080.0,36.067744,24.871529,11,U-Pump
23,2014-01-06 20:21:01,2014-01-07 07:45:01,41040.0,36.058492,24.901009,29,General Grocer
23,2014-01-07 13:45:22,2014-01-07 17:28:01,13359.0,36.048047,24.87957,2,Brew've Been Served
23,2014-01-07 18:36:01,2014-01-07 19:55:01,4740.0,36.055821,24.902548,22,Abila Zacharo
23,2014-01-07 20:05:01,2014-01-08 07:34:01,41340.0,36.058472,24.901055,29,General Grocer
23,2014-01-08 12:02:16,2014-01-08 13:42:01,5985.0,36.059723,24.858014,12,Gelatogalore
23,2014-01-08 13:48:15,2014-01-08 17:28:01,13186.0,36.04803,24.87957,2,Brew've Been Served
23,2014-01-08 18:45:01,2014-01-08 20:19:01,5640.0,36.055809,24.902534,22,Abila Zacharo
23,2014-01-09 19:38:09,2014-01-10 07:21:01,42172.0,36.058442,24.901057,29,General Grocer
23,2014-01-10 07:57:12,2014-01-10 12:15:01,15469.0,36.048059,24.879569,2,Brew've Been Served
23,2014-01-10 12:23:26,2014-01-10 13:31:01,4055.0,36.065835,24.852414,4,Hippokampos
23,2014-01-10 13:39:25,2014-01-10 17:30:01,13836.0,36.048048,24.879574,2,Brew've Been Served
23,2014-01-13 13:26:22,2014-01-13 17:14:01,13659.0,36.048049,24.879571,2,Brew've Been Served
23,2014-01-14 12:25:05,2014-01-14 13:43:01,4676.0,36.051949,24.870791,9,Ouzeri Elian
23,2014-01-15 20:00:58,2014-01-16 07:10:01,40143.0,36.058471,24.901019,29,General Grocer
23,2014-01-16 12:08:23,2014-01-16 13:30:01,4898.0,36.054475,24.899877,6,Katerina's Cafe
23,2014-01-16 13:33:22,2014-01-16 17:19:01,13539.0,36.048049,24.87957,2,Brew've Been Served
23,2014-01-17 13:31:41,2014-01-17 17:12:01,13220.0,36.04805,24.879572,2,Brew've Been Served
23,2014-01-17 20:22:01,2014-01-18 12:44:01,58920.0,36.058505,24.901063,29,General Grocer
23,2014-01-18 13:48:01,2014-01-18 15:14:01,5160.0,36.065852,24.849832,4,Hippokampos
23,2014-01-18 19:23:01,2014-01-19 12:50:01,62820.0,36.058517,24.901043,29,General Grocer
23,2014-01-19 12:57:01,2014-01-19 13:29:01,1920.0,36.051951,24.870809,9,Ouzeri Elian
23,2014-01-19 13:56:01,2014-01-19 15:32:01,5760.0,36.054957,24.901793,22,Abila Zacharo
23,2014-01-19 15:39:01,2014-01-19 18:16:01,9420.0,36.05845,24.901028,29,General Grocer
24,2014-01-06 07:44:53,2014-01-06 08:07:01,1328.0,36.054053,24.901208,6,Katerina's Cafe
24,2014-01-06 12:32:25,2014-01-06 13:59:01,5196.0,36.065836,24.852404,4,Hippokampos
24,2014-01-06 14:07:25,2014-01-06 17:39:01,12696.0,36.048028,24.879568,2,Brew've Been Served
24,2014-01-06 21:15:01,2014-01-07 07:21:01,36360.0,36.062507,24.898872,3,Frydos Autosupply n' More
24,2014-01-07 07:29:01,2014-01-07 08:02:01,1980.0,36.054112,24.901221,6,Katerina's Cafe
24,2014-01-07 11:33:01,2014-01-07 12:31:01,3480.0,36.050198,24.900437,6,Katerina's Cafe
24,2014-01-07 14:14:22,2014-01-07 17:55:01,13239.0,36.048052,24.879569,2,Brew've Been Served
24,2014-01-08 08:10:53,2014-01-08 08:22:01,668.0,36.054073,24.90122,6,Katerina's Cafe
24,2014-01-08 14:08:41,2014-01-08 17:44:01,12920.0,36.048052,24.879573,2,Brew've Been Served
24,2014-01-08 20:03:01,2014-01-08 23:00:01,10620.0,36.0625,24.89881,3,Frydos Autosupply n' More
24,2014-01-08 23:53:01,2014-01-09 03:30:01,13020.0,36.072142,24.874607,20,Roberts and Sons
24,2014-01-09 06:36:01,2014-01-09 07:42:01,3960.0,36.06246,24.898842,3,Frydos Autosupply n' More
24,2014-01-09 12:42:01,2014-01-09 13:59:01,4620.0,36.076665,24.857646,1,Guy's Gyros
24,2014-01-09 14:08:26,2014-01-09 17:40:01,12695.0,36.048052,24.879574,2,Brew've Been Served
24,2014-01-09 21:22:01,2014-01-10 07:50:01,37680.0,36.062509,24.898809,3,Frydos Autosupply n' More
24,2014-01-10 07:54:50,2014-01-10 08:19:01,1451.0,36.054088,24.901218,6,Katerina's Cafe
24,2014-01-10 14:04:25,2014-01-10 17:52:01,13656.0,36.048047,24.879572,2,Brew've Been Served
24,2014-01-10 18:02:01,2014-01-10 19:27:01,5100.0,36.062473,24.898853,3,Frydos Autosupply n' More
24,2014-01-10 22:20:01,2014-01-11 12:54:01,52440.0,36.062481,24.89878,3,Frydos Autosupply n' More
24,2014-01-11 17:24:01,2014-01-13 07:32:01,137280.0,36.062444,24.898842,3,Frydos Autosupply n' More
24,2014-01-13 11:46:01,2014-01-13 12:31:01,2700.0,36.076674,24.857633,1,Guy's Gyros
24,2014-01-13 12:35:14,2014-01-13 13:22:01,2807.0,36.067728,24.871486,11,U-Pump
24,2014-01-13 13:27:13,2014-01-13 17:57:01,16188.0,36.04805,24.879572,2,Brew've Been Served
24,2014-01-14 07:51:12,2014-01-14 08:18:01,1609.0,36.073335,24.864194,14,Chostus Hotel
24,2014-01-14 08:31:18,2014-01-14 11:19:01,10063.0,36.048048,24.879571,2,Brew've Been Served
24,2014-01-14 11:52:01,2014-01-14 12:17:01,1500.0,36.058967,24.892788,21,Coffee Shack
24,2014-01-14 14:12:16,2014-01-14 17:46:01,12825.0,36.048063,24.879573,2,Brew've Been Served
24,2014-01-14 19:02:01,2014-01-14 20:41:01,5940.0,36.054971,24.901848,22,Abila Zacharo
24,2014-01-15 07:47:52,2014-01-15 08:05:01,1029.0,36.05406,24.901231,6,Katerina's Cafe
24,2014-01-15 11:24:47,2014-01-15 12:24:01,3554.0,36.063212,24.900111,3,Frydos Autosupply n' More
24,2014-01-15 14:17:26,2014-01-15 17:34:01,11795.0,36.048052,24.879569,2,Brew've Been Served
24,2014-01-16 17:25:15,2014-01-16 17:47:01,1306.0,36.048047,24.87957,2,Brew've Been Served
24,2014-01-17 08:22:32,2014-01-17 12:21:01,14309.0,36.048052,24.879572,2,Brew've Been Served
24,2014-01-17 14:06:23,2014-01-17 17:12:01,11138.0,36.048057,24.879572,2,Brew've Been Served
24,2014-01-17 17:24:04,2014-01-17 17:42:01,1077.0,36.048058,24.879572,2,Brew've Been Served
24,2014-01-17 21:17:01,2014-01-18 18:39:01,76920.0,36.06247,24.898816,3,Frydos Autosupply n' More
24,2014-01-19 14:06:01,2014-01-19 18:32:01,15960.0,36.062463,24.898817,3,Frydos Autosupply n' More
24,2014-01-19 18:34:23,2014-01-19 20:36:01,7298.0,36.055829,24.90256,22,Abila Zacharo
25,2014-01-06 07:45:42,2014-01-06 07:55:01,559.0,36.054677,24.889818,17,Coffee Cameleon
25,2014-01-06 08:00:32,2014-01-06 12:32:01,16289.0,36.048052,24.879574,2,Brew've Been Served
25,2014-01-06 14:04:22,2014-01-06 17:39:01,12879.0,36.048048,24.879569,2,Brew've Been Served
25,2014-01-06 19:14:01,2014-01-06 21:24:01,7800.0,36.054964,24.901819,22,Abila Zacharo
25,2014-01-06 21:33:01,2014-01-07 07:48:01,36900.0,36.059459,24.894813,21,Coffee Shack
25,2014-01-07 07:50:42,2014-01-07 08:04:01,799.0,36.054671,24.889797,17,Coffee Cameleon
25,2014-01-07 08:09:32,2014-01-07 12:31:01,15689.0,36.048053,24.879573,2,Brew've Been Served
25,2014-01-07 12:33:05,2014-01-07 13:34:01,3656.0,36.051946,24.87083,9,Ouzeri Elian
25,2014-01-07 19:50:01,2014-01-07 20:14:01,1440.0,36.054499,24.899931,6,Katerina's Cafe
25,2014-01-08 07:49:42,2014-01-08 08:02:01,739.0,36.054675,24.889767,17,Coffee Cameleon
25,2014-01-08 08:07:32,2014-01-08 12:29:01,15689.0,36.048052,24.879571,2,Brew've Been Served
25,2014-01-08 12:32:23,2014-01-08 13:48:01,4538.0,36.054492,24.899944,6,Katerina's Cafe
25,2014-01-08 13:51:22,2014-01-08 17:39:01,13659.0,36.048051,24.879572,2,Brew've Been Served
25,2014-01-08 18:50:01,2014-01-08 20:31:01,6060.0,36.054506,24.899916,6,Katerina's Cafe
25,2014-01-09 08:10:33,2014-01-09 12:13:01,14548.0,36.048053,24.879571,2,Brew've Been Served
25,2014-01-09 14:05:26,2014-01-09 17:26:01,12035.0,36.048051,24.87957,2,Brew've Been Served
25,2014-01-10 07:54:42,2014-01-10 08:17:01,1339.0,36.054667,24.889817,17,Coffee Cameleon
25,2014-01-10 08:22:32,2014-01-10 12:17:01,14069.0,36.04805,24.87957,2,Brew've Been Served
25,2014-01-10 14:00:22,2014-01-10 17:22:01,12099.0,36.048052,24.879571,2,Brew've Been Served
25,2014-01-10 23:44:01,2014-01-11 12:39:01,46500.0,36.059471,24.894838,21,Coffee Shack
25,2014-01-12 16:05:01,2014-01-12 18:35:01,9000.0,36.059465,24.894792,21,Coffee Shack
25,2014-01-13 07:55:41,2014-01-13 08:19:01,1400.0,36.054656,24.889786,17,Coffee Cameleon
25,2014-01-13 08:24:32,2014-01-13 12:21:01,14189.0,36.048053,24.879572,2,Brew've Been Served
25,2014-01-13 13:50:41,2014-01-13 17:22:01,12680.0,36.048052,24.879568,2,Brew've Been Served
25,2014-01-13 20:35:01,2014-01-14 07:39:01,39840.0,36.059475,24.89482,21,Coffee Shack
25,2014-01-14 08:02:32,2014-01-14 12:36:01,16409.0,36.048053,24.87957,2,Brew've Been Served
25,2014-01-14 13:42:15,2014-01-14 17:21:01,13126.0,36.04805,24.879572,2,Brew've Been Served
25,2014-01-15 07:09:42,2014-01-15 07:54:01,2659.0,36.054675,24.889805,17,Coffee Cameleon
25,2014-01-15 07:59:32,2014-01-15 12:08:01,14909.0,36.048053,24.879571,2,Brew've Been Served
25,2014-01-15 12:11:42,2014-01-15 13:52:01,6019.0,36.055801,24.902489,22,Abila Zacharo
25,2014-01-15 13:55:41,2014-01-15 17:26:01,12620.0,36.048049,24.879571,2,Brew've Been Served
25,2014-01-16 08:11:12,2014-01-16 12:32:01,15649.0,36.048054,24.879569,2,Brew've Been Served
25,2014-01-16 17:47:41,2014-01-16 19:13:01,5120.0,36.059446,24.894815,21,Coffee Shack
25,2014-01-17 08:12:32,2014-01-17 12:21:01,14909.0,36.048053,24.879573,2,Brew've Been Served
25,2014-01-17 19:57:01,2014-01-17 21:05:01,4080.0,36.054467,24.899958,6,Katerina's Cafe
25,2014-01-17 21:11:01,2014-01-18 12:38:01,55620.0,36.059416,24.894771,21,Coffee Shack
25,2014-01-19 12:44:08,2014-01-19 13:34:01,2993.0,36.076628,24.857607,1,Guy's Gyros
25,2014-01-19 16:38:01,2014-01-19 18:46:01,7680.0,36.059461,24.894806,21,Coffee Shack
25,2014-01-19 18:56:28,2014-01-19 19:59:01,3753.0,36.052835,24.868611,9,Ouzeri Elian
26,2014-01-06 07:45:08,2014-01-06 12:00:01,15293.0,36.048047,24.879571,2,Brew've Been Served
26,2014-01-06 13:43:41,2014-01-06 17:36:01,13940.0,36.048051,24.879571,2,Brew've Been Served
26,2014-01-06 21:57:01,2014-01-07 07:30:01,34380.0,36.072979,24.884012,19,Unknown
26,2014-01-07 07:33:39,2014-01-07 07:48:01,862.0,36.063665,24.885907,23,Hallowed Grounds
26,2014-01-07 07:55:08,2014-01-07 12:03:01,14873.0,36.048048,24.879567,2,Brew've Been Served
26,2014-01-07 12:09:16,2014-01-07 13:37:01,5265.0,36.059796,24.858023,12,Gelatogalore
26,2014-01-07 13:43:16,2014-01-07 17:40:01,14205.0,36.048055,24.87957,2,Brew've Been Served
26,2014-01-07 19:30:01,2014-01-07 21:27:01,7020.0,36.054484,24.89989,6,Katerina's Cafe
26,2014-01-07 21:56:01,2014-01-08 07:02:01,32760.0,36.072959,24.883996,19,Unknown
26,2014-01-08 07:47:08,2014-01-08 12:08:01,15653.0,36.04805,24.879572,2,Brew've Been Served
26,2014-01-08 13:45:22,2014-01-08 17:48:01,14559.0,36.048051,24.879568,2,Brew've Been Served
26,2014-01-09 07:14:40,2014-01-09 07:44:01,1761.0,36.063691,24.885874,23,Hallowed Grounds
26,2014-01-09 07:51:08,2014-01-09 12:01:01,14993.0,36.04803,24.879569,2,Brew've Been Served
26,2014-01-09 14:07:26,2014-01-09 17:31:01,12215.0,36.04805,24.879568,2,Brew've Been Served
26,2014-01-09 21:30:04,2014-01-10 07:14:01,35037.0,36.072947,24.883996,19,Unknown
26,2014-01-10 07:17:40,2014-01-10 07:52:01,2061.0,36.063667,24.885914,23,Hallowed Grounds
26,2014-01-10 07:59:09,2014-01-10 11:56:01,14212.0,36.048022,24.879573,2,Brew've Been Served
26,2014-01-11 03:20:01,2014-01-11 12:48:01,34080.0,36.072972,24.884031,19,Unknown
26,2014-01-11 13:33:47,2014-01-11 16:07:01,9194.0,36.063295,24.852292,4,Hippokampos
26,2014-01-11 20:04:01,2014-01-12 12:50:01,60360.0,36.07298,24.884,19,Unknown
26,2014-01-12 15:31:01,2014-01-13 07:14:01,56580.0,36.072942,24.884011,19,Unknown
26,2014-01-13 07:55:08,2014-01-13 12:12:01,15413.0,36.04805,24.879571,2,Brew've Been Served
26,2014-01-13 17:39:34,2014-01-13 19:23:01,6207.0,36.072905,24.884018,19,Unknown
26,2014-01-13 20:44:01,2014-01-14 07:11:01,37620.0,36.072979,24.883979,19,Unknown
26,2014-01-14 07:53:08,2014-01-14 12:20:01,16013.0,36.04805,24.879569,2,Brew've Been Served
26,2014-01-15 08:08:08,2014-01-15 12:00:01,13913.0,36.04805,24.879572,2,Brew've Been Served
26,2014-01-15 14:05:22,2014-01-15 17:43:01,13059.0,36.048052,24.879571,2,Brew've Been Served
26,2014-01-16 07:59:08,2014-01-16 11:58:01,14333.0,36.048049,24.87957,2,Brew've Been Served
26,2014-01-16 14:11:26,2014-01-16 17:52:01,13235.0,36.048052,24.879573,2,Brew've Been Served
26,2014-01-16 17:57:34,2014-01-17 07:02:01,47067.0,36.072971,24.884009,19,Unknown
26,2014-01-17 07:08:01,2014-01-17 07:33:01,1500.0,36.063661,24.885887,23,Hallowed Grounds
26,2014-01-17 07:40:08,2014-01-17 12:15:01,16493.0,36.048048,24.879575,2,Brew've Been Served
26,2014-01-17 13:52:15,2014-01-17 17:33:01,13246.0,36.048048,24.879569,2,Brew've Been Served
26,2014-01-17 20:19:01,2014-01-18 18:17:01,79080.0,36.072922,24.884023,19,Unknown
26,2014-01-18 20:07:01,2014-01-19 12:32:01,59100.0,36.072936,24.884042,19,Unknown
26,2014-01-19 12:38:04,2014-01-19 14:06:01,5277.0,36.054479,24.899911,6,Katerina's Cafe
27,2014-01-06 07:59:08,2014-01-06 12:17:01,15473.0,36.048047,24.879572,2,Brew've Been Served
27,2014-01-06 14:08:15,2014-01-06 17:24:01,11746.0,36.048051,24.879572,2,Brew've Been Served
27,2014-01-06 17:28:50,2014-01-06 19:00:01,5471.0,36.069276,24.884208,0,Kronos Mart
27,2014-01-06 19:06:01,2014-01-06 21:03:01,7020.0,36.054455,24.899905,6,Katerina's Cafe
27,2014-01-07 08:04:08,2014-01-07 12:25:01,15653.0,36.048027,24.879569,2,Brew've Been Served
27,2014-01-07 12:34:27,2014-01-07 14:06:01,5494.0,36.076667,24.857622,1,Guy's Gyros
27,2014-01-07 14:15:27,2014-01-07 17:18:01,10954.0,36.048057,24.87957,2,Brew've Been Served
27,2014-01-07 19:20:01,2014-01-07 20:52:01,5520.0,36.054441,24.899921,6,Katerina's Cafe
27,2014-01-08 08:00:08,2014-01-08 12:14:01,15233.0,36.048049,24.879569,2,Brew've Been Served
27,2014-01-08 12:22:26,2014-01-08 13:54:01,5495.0,36.06583,24.852408,4,Hippokampos
27,2014-01-08 14:02:25,2014-01-08 17:09:01,11196.0,36.04805,24.879573,2,Brew've Been Served
27,2014-01-09 08:19:08,2014-01-09 12:30:01,15053.0,36.048051,24.879572,2,Brew've Been Served
27,2014-01-10 07:27:26,2014-01-10 07:49:01,1295.0,36.063681,24.885936,23,Hallowed Grounds
27,2014-01-10 07:56:08,2014-01-10 12:25:01,16133.0,36.048047,24.87957,2,Brew've Been Served
27,2014-01-11 18:50:01,2014-01-11 20:38:01,6480.0,36.05446,24.899902,6,Katerina's Cafe
27,2014-01-12 13:11:44,2014-01-12 13:58:01,2777.0,36.065837,24.852382,4,Hippokampos
27,2014-01-12 14:07:01,2014-01-12 18:50:01,16980.0,36.069297,24.884206,0,Kronos Mart
27,2014-01-12 18:58:01,2014-01-12 19:50:01,3120.0,36.054445,24.899924,6,Katerina's Cafe
27,2014-01-12 19:55:21,2014-01-13 07:25:01,41380.0,36.069229,24.884245,0,Kronos Mart
27,2014-01-13 07:54:08,2014-01-13 12:37:01,16973.0,36.04805,24.879572,2,Brew've Been Served
27,2014-01-13 12:40:23,2014-01-13 13:54:01,4418.0,36.054458,24.899889,6,Katerina's Cafe
27,2014-01-13 13:57:22,2014-01-13 17:13:01,11739.0,36.048028,24.87957,2,Brew've Been Served
27,2014-01-14 08:21:08,2014-01-14 12:28:01,14813.0,36.048049,24.879569,2,Brew've Been Served
27,2014-01-14 13:54:25,2014-01-14 17:11:01,11796.0,36.048024,24.879573,2,Brew've Been Served
27,2014-01-14 20:48:01,2014-01-15 07:36:01,38880.0,36.069244,24.884219,0,Kronos Mart
27,2014-01-15 07:38:26,2014-01-15 08:08:01,1775.0,36.063669,24.885935,23,Hallowed Grounds
27,2014-01-15 08:15:08,2014-01-15 12:15:01,14393.0,36.048049,24.879573,2,Brew've Been Served
27,2014-01-15 18:56:21,2014-01-15 19:55:01,3520.0,36.054498,24.899869,6,Katerina's Cafe
27,2014-01-16 07:08:01,2014-01-16 07:51:01,2580.0,36.06365,24.885872,23,Hallowed Grounds
27,2014-01-16 07:58:08,2014-01-16 12:20:01,15713.0,36.048046,24.879571,2,Brew've Been Served
27,2014-01-16 12:28:25,2014-01-16 13:49:01,4836.0,36.06583,24.852377,4,Hippokampos
27,2014-01-16 13:57:25,2014-01-16 17:19:01,12096.0,36.048049,24.879573,2,Brew've Been Served
27,2014-01-16 17:23:51,2014-01-16 19:10:01,6370.0,36.069216,24.884232,0,Kronos Mart
27,2014-01-16 19:15:21,2014-01-16 20:54:01,5920.0,36.054487,24.899903,6,Katerina's Cafe
27,2014-01-17 08:14:08,2014-01-17 12:28:01,15233.0,36.048053,24.879571,2,Brew've Been Served
27,2014-01-17 14:08:15,2014-01-17 17:12:01,11026.0,36.048049,24.879568,2,Brew've Been Served
27,2014-01-19 13:10:01,2014-01-19 14:27:01,4620.0,36.054469,24.899943,6,Katerina's Cafe
28,2014-01-06 18:40:01,2014-01-06 19:54:01,4440.0,36.058858,24.897653,21,Coffee Shack
28,2014-01-06 20:01:01,2014-01-07 07:36:01,41700.0,36.072891,24.875769,20,Roberts and Sons
28,2014-01-07 19:13:01,2014-01-07 20:16:01,3780.0,36.056109,24.866517,9,Ouzeri Elian
28,2014-01-09 18:19:01,2014-01-09 19:48:01,5340.0,36.056214,24.866684,9,Ouzeri Elian
28,2014-01-12 20:01:01,2014-01-12 23:21:01,12000.0,36.062601,24.897163,3,Frydos Autosupply n' More
28,2014-01-13 06:32:01,2014-01-13 07:24:01,3120.0,36.072688,24.875539,20,Roberts and Sons
28,2014-01-14 17:11:01,2014-01-14 19:12:01,7260.0,36.073032,24.875197,20,Roberts and Sons
28,2014-01-17 06:13:01,2014-01-17 07:33:01,4800.0,36.073353,24.875369,20,Roberts and Sons
28,2014-01-17 18:37:01,2014-01-17 20:08:01,5460.0,36.055803,24.866762,9,Ouzeri Elian
28,2014-01-19 12:23:01,2014-01-19 12:39:01,960.0,36.073202,24.875962,20,Roberts and Sons
28,2014-01-19 15:32:01,2014-01-19 18:21:01,10140.0,36.073173,24.875773,20,Roberts and Sons
29,2014-01-06 08:01:38,2014-01-06 12:38:22,16604.0,36.048049,24.879571,2,Brew've Been Served
29,2014-01-06 19:23:47,2014-01-06 20:35:57,4330.0,36.054524,24.899953,6,Katerina's Cafe
29,2014-01-07 07:57:18,2014-01-07 12:30:21,16383.0,36.048053,24.879571,2,Brew've Been Served
29,2014-01-07 12:36:36,2014-01-07 14:02:06,5130.0,36.05974,24.857994,12,Gelatogalore
29,2014-01-07 14:08:20,2014-01-07 17:19:52,11492.0,36.048048,24.879572,2,Brew've Been Served
29,2014-01-08 08:01:35,2014-01-08 12:21:47,15612.0,36.048055,24.879573,2,Brew've Been Served
29,2014-01-08 12:30:11,2014-01-08 13:31:52,3701.0,36.065835,24.852396,4,Hippokampos
29,2014-01-08 13:40:16,2014-01-08 17:25:38,13522.0,36.048046,24.879568,2,Brew've Been Served
29,2014-01-08 19:10:01,2014-01-08 20:46:55,5814.0,36.054482,24.899942,6,Katerina's Cafe
29,2014-01-08 20:53:01,2014-01-09 07:03:21,36620.0,36.059483,24.894797,21,Coffee Shack
29,2014-01-09 07:54:17,2014-01-09 12:43:04,17327.0,36.048054,24.879571,2,Brew've Been Served
29,2014-01-09 14:20:00,2014-01-09 17:15:50,10550.0,36.048032,24.879568,2,Brew've Been Served
29,2014-01-09 18:32:01,2014-01-09 19:35:35,3814.0,36.05446,24.899924,6,Katerina's Cafe
29,2014-01-10 07:53:49,2014-01-10 12:40:49,17220.0,36.048053,24.879572,2,Brew've Been Served
29,2014-01-10 14:07:42,2014-01-10 17:12:16,11074.0,36.048051,24.879572,2,Brew've Been Served
29,2014-01-11 18:42:01,2014-01-11 20:24:55,6174.0,36.054979,24.901838,22,Abila Zacharo
29,2014-01-11 20:29:01,2014-01-11 22:11:01,6120.0,36.059466,24.894798,21,Coffee Shack
29,2014-01-12 13:35:01,2014-01-12 16:11:28,9387.0,36.052843,24.868642,9,Ouzeri Elian
29,2014-01-12 16:22:01,2014-01-12 18:43:39,8498.0,36.059451,24.894878,21,Coffee Shack
29,2014-01-13 07:08:05,2014-01-13 07:41:16,1991.0,36.054629,24.889808,17,Coffee Cameleon
29,2014-01-13 07:46:47,2014-01-13 12:42:02,17715.0,36.048053,24.879571,2,Brew've Been Served
29,2014-01-13 13:00:01,2014-01-13 13:55:25,3324.0,36.054481,24.899966,6,Katerina's Cafe
29,2014-01-13 13:58:46,2014-01-13 17:13:02,11656.0,36.048046,24.879572,2,Brew've Been Served
29,2014-01-13 17:17:43,2014-01-13 18:39:01,4878.0,36.059463,24.894817,21,Coffee Shack
29,2014-01-14 07:43:10,2014-01-14 12:32:12,17342.0,36.048049,24.879569,2,Brew've Been Served
29,2014-01-14 13:49:41,2014-01-14 17:36:35,13614.0,36.048053,24.879568,2,Brew've Been Served
29,2014-01-14 18:54:01,2014-01-14 20:24:11,5410.0,36.054512,24.8999,6,Katerina's Cafe
29,2014-01-15 08:00:28,2014-01-15 12:41:50,16882.0,36.048048,24.879569,2,Brew've Been Served
29,2014-01-15 13:09:01,2014-01-15 14:00:19,3078.0,36.063449,24.851004,4,Hippokampos
29,2014-01-15 19:17:01,2014-01-15 21:24:02,7621.0,36.054487,24.899924,6,Katerina's Cafe
29,2014-01-15 21:50:01,2014-01-16 07:15:35,33934.0,36.059454,24.894781,21,Coffee Shack
29,2014-01-16 07:45:22,2014-01-16 12:25:12,16790.0,36.048052,24.879572,2,Brew've Been Served
29,2014-01-16 18:48:34,2014-01-16 19:52:42,3848.0,36.054501,24.899963,6,Katerina's Cafe
29,2014-01-17 07:28:01,2014-01-17 07:42:21,860.0,36.054681,24.889823,17,Coffee Cameleon
29,2014-01-17 07:47:52,2014-01-17 12:32:24,17072.0,36.048052,24.879573,2,Brew've Been Served
29,2014-01-17 13:46:23,2014-01-17 17:27:10,13247.0,36.04805,24.879571,2,Brew've Been Served
29,2014-01-18 18:45:34,2014-01-18 19:59:02,4408.0,36.054461,24.899944,6,Katerina's Cafe
29,2014-01-18 20:01:03,2014-01-19 18:25:16,80653.0,36.059503,24.894799,21,Coffee Shack
30,2014-01-06 14:26:22,2014-01-06 17:22:01,10539.0,36.04805,24.879569,2,Brew've Been Served
30,2014-01-06 20:13:01,2014-01-07 07:37:01,41040.0,36.058472,24.901032,29,General Grocer
30,2014-01-07 07:39:23,2014-01-07 08:24:01,2678.0,36.054093,24.90122,6,Katerina's Cafe
30,2014-01-07 13:03:50,2014-01-07 14:12:01,4091.0,36.051934,24.870808,9,Ouzeri Elian
30,2014-01-07 18:44:01,2014-01-07 20:21:01,5820.0,36.054982,24.901876,22,Abila Zacharo
30,2014-01-08 07:47:23,2014-01-08 08:11:01,1418.0,36.054072,24.901237,6,Katerina's Cafe
30,2014-01-08 20:59:55,2014-01-09 07:46:01,38766.0,36.058444,24.901108,29,General Grocer
30,2014-01-09 07:48:23,2014-01-09 08:02:01,818.0,36.054043,24.901196,6,Katerina's Cafe
30,2014-01-09 14:02:41,2014-01-09 17:34:01,12680.0,36.048049,24.879571,2,Brew've Been Served
30,2014-01-10 14:17:26,2014-01-10 17:29:01,11495.0,36.048053,24.879571,2,Brew've Been Served
30,2014-01-10 20:12:58,2014-01-11 12:52:01,59943.0,36.058446,24.901021,29,General Grocer
30,2014-01-11 15:22:01,2014-01-11 18:52:01,12600.0,36.058468,24.901031,29,General Grocer
30,2014-01-12 12:26:01,2014-01-12 13:35:01,4140.0,36.055773,24.902521,22,Abila Zacharo
30,2014-01-12 19:19:01,2014-01-13 07:48:01,44940.0,36.058477,24.901033,29,General Grocer
30,2014-01-13 08:28:12,2014-01-13 12:27:01,14329.0,36.048057,24.879571,2,Brew've Been Served
30,2014-01-13 12:31:01,2014-01-13 14:14:01,6180.0,36.055756,24.902494,22,Abila Zacharo
30,2014-01-13 14:17:41,2014-01-13 17:39:01,12080.0,36.048049,24.87957,2,Brew've Been Served
30,2014-01-13 17:43:16,2014-01-13 19:05:01,4905.0,36.058426,24.90097,29,General Grocer
30,2014-01-13 21:01:01,2014-01-14 07:36:01,38100.0,36.058516,24.901036,29,General Grocer
30,2014-01-14 14:09:27,2014-01-14 17:30:01,12034.0,36.048059,24.879569,2,Brew've Been Served
30,2014-01-14 19:06:01,2014-01-14 20:53:01,6420.0,36.054967,24.901829,22,Abila Zacharo
30,2014-01-15 12:27:26,2014-01-15 14:24:01,6995.0,36.06583,24.852371,4,Hippokampos
30,2014-01-15 14:32:25,2014-01-15 17:17:01,9876.0,36.048048,24.879571,2,Brew've Been Served
30,2014-01-15 17:21:16,2014-01-16 07:35:01,51225.0,36.05849,24.901038,29,General Grocer
30,2014-01-17 14:01:41,2014-01-17 17:39:01,13040.0,36.048052,24.879572,2,Brew've Been Served
30,2014-01-18 15:13:01,2014-01-18 18:43:01,12600.0,36.058498,24.901007,29,General Grocer
30,2014-01-18 19:04:01,2014-01-18 20:14:02,4201.0,36.060363,24.856594,12,Gelatogalore
30,2014-01-18 20:34:01,2014-01-19 13:10:01,59760.0,36.058513,24.900988,29,General Grocer
30,2014-01-19 13:26:01,2014-01-19 14:23:01,3420.0,36.063433,24.850995,4,Hippokampos
30,2014-01-19 15:15:01,2014-01-19 19:02:01,13620.0,36.058466,24.900997,29,General Grocer
31,2014-01-17 08:06:09,2014-01-17 12:15:01,14932.0,36.048056,24.879571,2,Brew've Been Served
31,2014-01-18 14:01:01,2014-01-19 13:15:01,83640.0,36.070733,24.895204,32,Brewed Awakenings
31,2014-01-19 18:45:28,2014-01-19 19:46:01,3633.0,36.055769,24.902477,22,Abila Zacharo
32,2014-01-06 07:05:24,2014-01-06 07:45:01,2377.0,36.067503,24.873357,11,U-Pump
32,2014-01-06 07:53:30,2014-01-06 12:12:01,15511.0,36.048053,24.879572,2,Brew've Been Served
32,2014-01-06 13:10:26,2014-01-06 18:07:01,17795.0,36.04805,24.87957,2,Brew've Been Served
32,2014-01-06 18:13:47,2014-01-06 20:01:01,6434.0,36.072155,24.874616,20,Roberts and Sons
32,2014-01-06 20:12:01,2014-01-06 21:15:01,3780.0,36.076655,24.85761,1,Guy's Gyros
32,2014-01-06 21:24:01,2014-01-07 07:15:01,35460.0,36.072134,24.874604,20,Roberts and Sons
32,2014-01-07 07:54:30,2014-01-07 12:03:01,14911.0,36.048056,24.879573,2,Brew've Been Served
32,2014-01-07 12:06:42,2014-01-07 13:18:01,4279.0,36.055765,24.902524,22,Abila Zacharo
32,2014-01-07 13:21:41,2014-01-07 17:56:01,16460.0,36.04805,24.879574,2,Brew've Been Served
32,2014-01-07 18:02:48,2014-01-07 19:33:01,5413.0,36.072156,24.874618,20,Roberts and Sons
32,2014-01-07 20:59:01,2014-01-08 07:19:01,37200.0,36.072151,24.874608,20,Roberts and Sons
32,2014-01-08 07:42:30,2014-01-08 11:56:01,15211.0,36.048052,24.879572,2,Brew've Been Served
32,2014-01-09 07:59:30,2014-01-09 11:59:01,14371.0,36.048053,24.879569,2,Brew've Been Served
32,2014-01-09 13:33:22,2014-01-09 18:09:01,16539.0,36.04805,24.87957,2,Brew've Been Served
32,2014-01-09 18:15:48,2014-01-09 19:40:01,5053.0,36.072159,24.874613,20,Roberts and Sons
32,2014-01-10 13:16:41,2014-01-10 17:49:01,16340.0,36.048031,24.879569,2,Brew've Been Served
32,2014-01-10 17:55:48,2014-01-10 19:26:01,5413.0,36.072128,24.874605,20,Roberts and Sons
32,2014-01-11 13:37:01,2014-01-11 15:49:01,7920.0,36.065866,24.849813,4,Hippokampos
32,2014-01-11 15:54:54,2014-01-11 18:05:01,7807.0,36.072176,24.874614,20,Roberts and Sons
32,2014-01-12 16:11:01,2014-01-12 18:05:01,6840.0,36.07216,24.874607,20,Roberts and Sons
32,2014-01-12 18:15:01,2014-01-12 19:54:01,5940.0,36.076655,24.857668,1,Guy's Gyros
32,2014-01-13 06:59:01,2014-01-13 07:31:01,1920.0,36.067528,24.873347,11,U-Pump
32,2014-01-13 13:13:15,2014-01-13 17:59:01,17146.0,36.04805,24.879572,2,Brew've Been Served
32,2014-01-13 18:05:48,2014-01-13 19:32:01,5173.0,36.072171,24.874615,20,Roberts and Sons
32,2014-01-13 23:00:01,2014-01-14 07:12:01,29520.0,36.072145,24.874598,20,Roberts and Sons
32,2014-01-14 07:58:30,2014-01-14 11:55:01,14191.0,36.048054,24.87957,2,Brew've Been Served
32,2014-01-14 11:58:23,2014-01-14 13:21:01,4958.0,36.054461,24.899935,6,Katerina's Cafe
32,2014-01-14 13:24:22,2014-01-14 17:47:01,15759.0,36.048051,24.879573,2,Brew've Been Served
32,2014-01-15 07:55:30,2014-01-15 12:02:01,14791.0,36.048057,24.879569,2,Brew've Been Served
32,2014-01-15 13:17:26,2014-01-15 17:48:01,16235.0,36.048055,24.879568,2,Brew've Been Served
32,2014-01-15 19:39:02,2014-01-15 21:50:01,7859.0,36.076679,24.857633,1,Guy's Gyros
32,2014-01-15 21:58:01,2014-01-16 07:17:01,33540.0,36.072156,24.874623,20,Roberts and Sons
32,2014-01-16 07:20:24,2014-01-16 07:42:01,1297.0,36.067523,24.873346,11,U-Pump
32,2014-01-16 12:27:27,2014-01-16 13:28:01,3634.0,36.076658,24.85763,1,Guy's Gyros
32,2014-01-16 13:37:26,2014-01-16 18:01:01,15815.0,36.048047,24.879569,2,Brew've Been Served
32,2014-01-16 18:07:48,2014-01-17 07:32:01,48253.0,36.072163,24.874616,20,Roberts and Sons
32,2014-01-17 12:16:16,2014-01-17 13:21:01,3885.0,36.059722,24.858016,12,Gelatogalore
32,2014-01-17 13:27:15,2014-01-17 17:53:01,15946.0,36.048051,24.879571,2,Brew've Been Served
32,2014-01-18 13:11:19,2014-01-18 15:42:01,9042.0,36.05288,24.868587,9,Ouzeri Elian
32,2014-01-18 19:13:01,2014-01-19 12:31:01,62280.0,36.072169,24.874617,20,Roberts and Sons
32,2014-01-19 12:51:01,2014-01-19 18:31:01,20400.0,36.08958,24.860705,33,Desafio Golf Course
33,2014-01-06 07:30:53,2014-01-06 07:46:01,908.0,36.054063,24.901205,6,Katerina's Cafe
33,2014-01-08 13:28:07,2014-01-08 17:22:01,14034.0,36.04805,24.87957,2,Brew've Been Served
33,2014-01-08 19:14:01,2014-01-08 20:24:01,4200.0,36.05581,24.902548,22,Abila Zacharo
33,2014-01-08 20:31:01,2014-01-09 07:05:01,38040.0,36.062444,24.898826,3,Frydos Autosupply n' More
33,2014-01-09 07:51:12,2014-01-09 12:14:01,15769.0,36.048055,24.879572,2,Brew've Been Served
33,2014-01-09 13:49:26,2014-01-09 17:39:01,13775.0,36.048049,24.879571,2,Brew've Been Served
33,2014-01-09 17:44:38,2014-01-10 07:12:01,48443.0,36.062465,24.898807,3,Frydos Autosupply n' More
33,2014-01-10 13:20:07,2014-01-10 17:15:01,14094.0,36.04805,24.87957,2,Brew've Been Served
33,2014-01-12 12:41:36,2014-01-12 13:51:01,4165.0,36.063423,24.851014,4,Hippokampos
33,2014-01-13 19:23:01,2014-01-13 20:44:01,4860.0,36.055811,24.902573,22,Abila Zacharo
33,2014-01-13 20:48:01,2014-01-14 07:24:01,38160.0,36.062466,24.898814,3,Frydos Autosupply n' More
33,2014-01-14 13:39:07,2014-01-14 17:25:01,13554.0,36.048055,24.87957,2,Brew've Been Served
33,2014-01-15 07:24:53,2014-01-15 07:45:01,1208.0,36.054045,24.901249,6,Katerina's Cafe
33,2014-01-15 13:29:27,2014-01-15 17:24:01,14074.0,36.048057,24.879568,2,Brew've Been Served
33,2014-01-16 07:38:53,2014-01-16 08:04:01,1508.0,36.05412,24.901229,6,Katerina's Cafe
33,2014-01-16 13:28:08,2014-01-16 17:33:01,14693.0,36.048048,24.879572,2,Brew've Been Served
33,2014-01-16 17:38:38,2014-01-16 18:48:01,4163.0,36.062437,24.89883,3,Frydos Autosupply n' More
33,2014-01-17 14:09:07,2014-01-17 17:41:01,12714.0,36.048056,24.879573,2,Brew've Been Served
33,2014-01-17 21:05:01,2014-01-19 17:50:01,161100.0,36.062494,24.898804,3,Frydos Autosupply n' More
33,2014-01-19 18:13:01,2014-01-19 20:18:01,7500.0,36.055771,24.902575,22,Abila Zacharo
34,2014-01-06 13:33:26,2014-01-06 17:14:01,13235.0,36.04805,24.879573,2,Brew've Been Served
34,2014-01-07 07:07:01,2014-01-07 07:42:01,2100.0,36.054073,24.901207,6,Katerina's Cafe
34,2014-01-07 13:44:25,2014-01-07 17:27:01,13356.0,36.048048,24.879574,2,Brew've Been Served
34,2014-01-07 19:01:01,2014-01-07 20:12:01,4260.0,36.055801,24.902518,22,Abila Zacharo
34,2014-01-08 13:26:27,2014-01-08 17:32:01,14734.0,36.048053,24.879569,2,Brew've Been Served
34,2014-01-09 13:28:15,2014-01-09 17:19:01,13846.0,36.048049,24.879573,2,Brew've Been Served
34,2014-01-10 07:26:48,2014-01-10 08:02:01,2113.0,36.054088,24.901231,6,Katerina's Cafe
34,2014-01-10 13:33:27,2014-01-10 13:55:01,1294.0,36.048053,24.879574,2,Brew've Been Served
34,2014-01-10 14:50:02,2014-01-10 17:27:01,9419.0,36.048056,24.879573,2,Brew've Been Served
34,2014-01-11 14:18:01,2014-01-11 18:11:01,13980.0,36.077147,24.876193,30,Frank's Fuel
34,2014-01-13 20:21:01,2014-01-14 07:07:01,38760.0,36.067713,24.902472,26,Kalami Kafenion
34,2014-01-14 13:39:22,2014-01-14 17:11:01,12699.0,36.048049,24.879573,2,Brew've Been Served
34,2014-01-15 07:36:01,2014-01-15 08:02:01,1560.0,36.054085,24.901192,6,Katerina's Cafe
34,2014-01-15 13:39:42,2014-01-15 17:32:01,13939.0,36.048057,24.87957,2,Brew've Been Served
34,2014-01-15 21:24:02,2014-01-16 07:41:01,37019.0,36.067731,24.902489,26,Kalami Kafenion
34,2014-01-17 08:07:12,2014-01-17 12:04:01,14209.0,36.048027,24.879571,2,Brew've Been Served
34,2014-01-17 13:37:26,2014-01-17 17:12:01,12875.0,36.048049,24.879575,2,Brew've Been Served
34,2014-01-17 20:06:01,2014-01-18 13:11:01,61500.0,36.067635,24.902512,26,Kalami Kafenion
34,2014-01-18 13:23:46,2014-01-18 18:21:01,17835.0,36.052939,24.849426,25,Ahaggo Museum
34,2014-01-19 13:29:01,2014-01-19 15:54:01,8700.0,36.05497,24.901822,22,Abila Zacharo
35,2014-01-06 06:30:33,2014-01-06 07:05:02,2069.0,36.067528,24.873362,11,U-Pump
35,2014-01-06 13:52:41,2014-01-06 18:16:01,15800.0,36.048048,24.879572,2,Brew've Been Served
35,2014-01-07 06:39:33,2014-01-07 06:58:01,1108.0,36.067509,24.873355,11,U-Pump
35,2014-01-07 13:44:16,2014-01-07 18:15:01,16245.0,36.048058,24.879572,2,Brew've Been Served
35,2014-01-07 18:22:24,2014-01-07 20:20:01,7057.0,36.076235,24.874651,30,Frank's Fuel
35,2014-01-07 20:23:18,2014-01-07 21:23:01,3583.0,36.076656,24.857647,1,Guy's Gyros
35,2014-01-07 21:26:19,2014-01-08 06:23:01,32202.0,36.076237,24.874685,30,Frank's Fuel
35,2014-01-08 06:46:01,2014-01-08 06:54:01,480.0,36.067506,24.873363,11,U-Pump
35,2014-01-08 06:58:52,2014-01-08 12:18:01,19149.0,36.048048,24.879569,2,Brew've Been Served
35,2014-01-08 18:05:01,2014-01-08 19:45:01,6000.0,36.076253,24.874651,30,Frank's Fuel
35,2014-01-08 23:00:01,2014-01-09 06:36:01,27360.0,36.076235,24.874659,30,Frank's Fuel
35,2014-01-09 06:56:01,2014-01-09 06:59:01,180.0,36.067516,24.873366,11,U-Pump
35,2014-01-09 07:06:41,2014-01-09 12:42:01,20120.0,36.048055,24.87957,2,Brew've Been Served
35,2014-01-09 12:54:01,2014-01-09 13:36:01,2520.0,36.063411,24.850973,4,Hippokampos
35,2014-01-09 19:35:35,2014-01-09 20:42:01,3986.0,36.076648,24.857628,1,Guy's Gyros
35,2014-01-09 20:48:01,2014-01-10 06:21:01,34380.0,36.076239,24.874698,30,Frank's Fuel
35,2014-01-10 06:40:01,2014-01-10 07:02:01,1320.0,36.067515,24.873351,11,U-Pump
35,2014-01-10 13:52:26,2014-01-10 18:16:01,15815.0,36.048052,24.879573,2,Brew've Been Served
35,2014-01-10 18:29:01,2014-01-10 20:05:01,5760.0,36.076254,24.874676,30,Frank's Fuel
35,2014-01-11 14:01:06,2014-01-11 17:24:01,12175.0,36.052954,24.849402,25,Ahaggo Museum
35,2014-01-11 18:01:01,2014-01-12 12:45:01,67440.0,36.07627,24.874691,30,Frank's Fuel
35,2014-01-12 17:57:01,2014-01-13 06:46:01,46140.0,36.076236,24.874645,30,Frank's Fuel
35,2014-01-13 06:49:01,2014-01-13 06:59:01,600.0,36.06754,24.873365,11,U-Pump
35,2014-01-13 07:06:40,2014-01-13 12:18:01,18681.0,36.04805,24.879572,2,Brew've Been Served
35,2014-01-13 13:44:41,2014-01-13 17:54:01,14960.0,36.048051,24.879572,2,Brew've Been Served
35,2014-01-13 19:51:01,2014-01-13 20:36:01,2700.0,36.076682,24.857607,1,Guy's Gyros
35,2014-01-14 07:00:01,2014-01-14 07:09:01,540.0,36.067524,24.873346,11,U-Pump
35,2014-01-14 07:17:30,2014-01-14 12:37:01,19171.0,36.048055,24.87957,2,Brew've Been Served
35,2014-01-14 13:42:15,2014-01-14 18:01:01,15526.0,36.048048,24.879572,2,Brew've Been Served
35,2014-01-14 18:11:01,2014-01-14 19:09:01,3480.0,36.07625,24.87466,30,Frank's Fuel
35,2014-01-14 20:30:01,2014-01-15 06:24:01,35640.0,36.076259,24.874685,30,Frank's Fuel
35,2014-01-15 06:41:01,2014-01-15 07:10:01,1740.0,36.067538,24.873335,11,U-Pump
35,2014-01-15 07:18:30,2014-01-15 12:31:01,18751.0,36.048053,24.879572,2,Brew've Been Served
35,2014-01-15 12:41:50,2014-01-15 13:41:01,3551.0,36.059784,24.858001,12,Gelatogalore
35,2014-01-15 13:47:15,2014-01-15 17:58:01,15046.0,36.04805,24.879568,2,Brew've Been Served
35,2014-01-15 22:33:01,2014-01-16 07:00:01,30420.0,36.076238,24.874663,30,Frank's Fuel
35,2014-01-16 07:23:30,2014-01-16 12:40:01,18991.0,36.048055,24.879574,2,Brew've Been Served
35,2014-01-16 13:43:15,2014-01-16 17:58:01,15286.0,36.04805,24.879572,2,Brew've Been Served
35,2014-01-16 20:56:19,2014-01-17 06:13:01,33402.0,36.076239,24.874645,30,Frank's Fuel
35,2014-01-17 06:57:52,2014-01-17 12:29:01,19869.0,36.048054,24.879574,2,Brew've Been Served
35,2014-01-17 12:37:26,2014-01-17 13:40:01,3755.0,36.065828,24.852407,4,Hippokampos
35,2014-01-17 13:48:26,2014-01-17 18:14:01,15935.0,36.048055,24.87957,2,Brew've Been Served
35,2014-01-17 18:23:01,2014-01-17 19:23:01,3600.0,36.076232,24.874642,30,Frank's Fuel
35,2014-01-17 21:59:01,2014-01-18 13:05:01,54360.0,36.076247,24.874674,30,Frank's Fuel
35,2014-01-18 16:08:17,2014-01-18 18:22:01,8024.0,36.07623,24.874664,30,Frank's Fuel
101,2014-01-06 10:03:33,2014-01-06 10:18:37,904.0,36.064047,24.841405,28,Maximum Iron and Steel
101,2014-01-06 10:32:33,2014-01-06 12:06:01,5608.0,36.058522,24.880887,10,Carlyle Chemical Inc.
101,2014-01-06 13:23:01,2014-01-06 14:07:49,2688.0,36.048057,24.879575,2,Brew've Been Served
101,2014-01-06 15:53:30,2014-01-07 08:12:37,58747.0,36.048041,24.879571,2,Brew've Been Served
101,2014-01-07 09:56:11,2014-01-07 10:06:37,626.0,36.054175,24.908116,13,Stewart and Sons Fabrication
101,2014-01-07 10:12:46,2014-01-07 12:06:37,6831.0,36.058411,24.885504,24,Nationwide Refinery
101,2014-01-09 08:29:01,2014-01-09 09:27:01,3480.0,36.050914,24.825933,5,Bean There Done That
101,2014-01-09 09:55:22,2014-01-09 10:42:37,2835.0,36.054153,24.908164,13,Stewart and Sons Fabrication
101,2014-01-09 12:57:04,2014-01-10 07:02:25,65121.0,36.048044,24.879568,2,Brew've Been Served
101,2014-01-10 08:17:42,2014-01-10 09:13:49,3367.0,36.058553,24.880914,10,Carlyle Chemical Inc.
101,2014-01-10 10:06:03,2014-01-10 10:42:37,2194.0,36.058458,24.885534,24,Nationwide Refinery
101,2014-01-10 11:00:01,2014-01-10 12:12:37,4356.0,36.05416,24.908163,13,Stewart and Sons Fabrication
101,2014-01-10 12:49:50,2014-01-10 13:13:01,1391.0,36.048073,24.879571,2,Brew've Been Served
101,2014-01-10 13:39:02,2014-01-13 07:30:37,237095.0,36.048042,24.879573,2,Brew've Been Served
101,2014-01-13 13:07:01,2014-01-13 14:12:37,3936.0,36.048057,24.879573,2,Brew've Been Served
101,2014-01-13 18:16:07,2014-01-13 18:39:01,1374.0,36.058535,24.880905,10,Carlyle Chemical Inc.
101,2014-01-14 09:03:45,2014-01-14 09:54:37,3052.0,36.050955,24.825894,5,Bean There Done That
101,2014-01-14 10:05:58,2014-01-14 11:06:01,3603.0,36.054159,24.908085,13,Stewart and Sons Fabrication
101,2014-01-14 11:11:01,2014-01-14 13:03:01,6720.0,36.058439,24.885514,24,Nationwide Refinery
101,2014-01-14 13:06:04,2014-01-16 07:54:37,154113.0,36.048053,24.879574,2,Brew've Been Served
101,2014-01-16 09:54:11,2014-01-16 11:13:13,4742.0,36.054139,24.908095,13,Stewart and Sons Fabrication
104,2014-01-06 11:34:27,2014-01-06 12:16:54,2547.0,36.050954,24.825975,5,Bean There Done That
104,2014-01-06 12:23:21,2014-01-06 13:23:23,3602.0,36.04806,24.879569,2,Brew've Been Served
104,2014-01-06 13:29:51,2014-01-06 15:53:30,8619.0,36.050925,24.82593,5,Bean There Done That
104,2014-01-06 16:45:01,2014-01-07 10:44:31,64770.0,36.048053,24.879573,2,Brew've Been Served
104,2014-01-07 11:10:01,2014-01-07 12:31:48,4907.0,36.051017,24.825927,5,Bean There Done That
104,2014-01-07 12:38:15,2014-01-07 13:44:52,3997.0,36.048055,24.879572,2,Brew've Been Served
104,2014-01-07 15:54:02,2014-01-08 10:54:15,68413.0,36.048056,24.879573,2,Brew've Been Served
104,2014-01-08 11:02:01,2014-01-08 12:46:59,6298.0,36.051002,24.825959,5,Bean There Done That
104,2014-01-08 13:01:01,2014-01-08 13:46:58,2757.0,36.048056,24.879571,2,Brew've Been Served
104,2014-01-08 15:52:55,2014-01-09 10:45:21,67946.0,36.048055,24.879571,2,Brew've Been Served
104,2014-01-09 11:16:01,2014-01-09 12:16:13,3612.0,36.050964,24.825967,5,Bean There Done That
104,2014-01-09 13:09:01,2014-01-09 15:51:17,9736.0,36.050901,24.825934,5,Bean There Done That
104,2014-01-09 16:23:22,2014-01-13 10:26:23,324181.0,36.048054,24.879573,2,Brew've Been Served
104,2014-01-13 11:16:01,2014-01-13 12:14:56,3535.0,36.050967,24.825946,5,Bean There Done That
104,2014-01-13 12:21:23,2014-01-13 13:40:24,4741.0,36.048057,24.879571,2,Brew've Been Served
104,2014-01-13 17:17:28,2014-01-14 10:34:16,62208.0,36.048053,24.879568,2,Brew've Been Served
104,2014-01-14 11:01:01,2014-01-14 12:38:03,5822.0,36.050912,24.825943,5,Bean There Done That
104,2014-01-14 13:03:01,2014-01-14 13:56:07,3186.0,36.048059,24.87957,2,Brew've Been Served
104,2014-01-14 14:02:35,2014-01-14 15:35:04,5549.0,36.050909,24.825937,5,Bean There Done That
104,2014-01-14 15:49:06,2014-01-15 10:12:38,66212.0,36.048053,24.879573,2,Brew've Been Served
104,2014-01-15 12:34:27,2014-01-15 13:38:45,3858.0,36.04803,24.87957,2,Brew've Been Served
104,2014-01-15 15:57:46,2014-01-16 10:55:54,68288.0,36.048059,24.879571,2,Brew've Been Served
104,2014-01-16 11:11:01,2014-01-16 12:46:51,5750.0,36.050982,24.825944,5,Bean There Done That
105,2014-01-07 09:19:13,2014-01-07 09:56:11,2218.0,36.058534,24.880937,10,Carlyle Chemical Inc.
105,2014-01-07 10:06:37,2014-01-07 11:44:45,5888.0,36.058453,24.885499,24,Nationwide Refinery
105,2014-01-07 13:18:01,2014-01-07 14:35:51,4670.0,36.058523,24.880888,10,Carlyle Chemical Inc.
105,2014-01-07 14:38:05,2014-01-07 15:54:02,4557.0,36.048033,24.879569,2,Brew've Been Served
105,2014-01-07 16:25:22,2014-01-08 08:48:17,58975.0,36.048045,24.879571,2,Brew've Been Served
105,2014-01-08 08:58:12,2014-01-08 09:44:23,2771.0,36.058557,24.880908,10,Carlyle Chemical Inc.
105,2014-01-08 09:45:15,2014-01-08 11:31:01,6346.0,36.058462,24.885521,24,Nationwide Refinery
105,2014-01-08 14:31:25,2014-01-08 15:52:55,4890.0,36.048052,24.879572,2,Brew've Been Served
105,2014-01-08 17:07:01,2014-01-09 08:46:00,56339.0,36.04804,24.87957,2,Brew've Been Served
105,2014-01-09 09:27:01,2014-01-09 09:55:22,1701.0,36.058568,24.880917,10,Carlyle Chemical Inc.
105,2014-01-09 10:17:26,2014-01-09 11:34:33,4627.0,36.058442,24.885525,24,Nationwide Refinery
105,2014-01-09 14:31:05,2014-01-09 15:47:27,4582.0,36.048053,24.879569,2,Brew've Been Served
105,2014-01-09 15:51:17,2014-01-09 16:23:22,1925.0,36.058504,24.880905,10,Carlyle Chemical Inc.
105,2014-01-09 16:25:36,2014-01-14 08:42:03,404187.0,36.048043,24.879574,2,Brew've Been Served
105,2014-01-14 09:54:37,2014-01-14 11:55:57,7280.0,36.058463,24.885545,24,Nationwide Refinery
105,2014-01-14 15:56:01,2014-01-14 16:17:16,1275.0,36.058519,24.880917,10,Carlyle Chemical Inc.
105,2014-01-14 16:19:30,2014-01-15 08:53:43,59653.0,36.048043,24.879569,2,Brew've Been Served
105,2014-01-15 09:03:01,2014-01-15 09:36:19,1998.0,36.058534,24.880896,10,Carlyle Chemical Inc.
105,2014-01-15 10:08:04,2014-01-15 11:58:36,6632.0,36.058451,24.885522,24,Nationwide Refinery
105,2014-01-15 14:32:52,2014-01-15 15:51:19,4707.0,36.04805,24.87957,2,Brew've Been Served
105,2014-01-15 15:53:34,2014-01-15 17:04:01,4227.0,36.058561,24.88088,10,Carlyle Chemical Inc.
105,2014-01-15 17:06:16,2014-01-16 08:49:14,56578.0,36.048042,24.879573,2,Brew've Been Served
105,2014-01-16 09:26:25,2014-01-16 09:54:11,1666.0,36.058551,24.880915,10,Carlyle Chemical Inc.
105,2014-01-16 10:22:20,2014-01-16 11:32:26,4206.0,36.058458,24.885496,24,Nationwide Refinery
105,2014-01-16 11:49:53,2014-01-16 13:24:47,5694.0,36.054473,24.899925,6,Katerina's Cafe
106,2014-01-07 13:24:01,2014-01-07 14:20:29,3388.0,36.07439,24.845949,15,Jack's Magical Beans
106,2014-01-07 14:35:51,2014-01-07 15:03:31,1660.0,36.054154,24.908131,13,Stewart and Sons Fabrication
106,2014-01-07 15:22:27,2014-01-07 16:28:03,3936.0,36.058428,24.885479,24,Nationwide Refinery
106,2014-01-07 17:04:01,2014-01-08 08:17:33,54812.0,36.048044,24.87957,2,Brew've Been Served
106,2014-01-08 10:17:02,2014-01-08 11:30:38,4416.0,36.054171,24.908129,13,Stewart and Sons Fabrication
106,2014-01-08 11:40:01,2014-01-09 12:31:15,89474.0,36.048059,24.879573,2,Brew've Been Served
106,2014-01-09 15:17:21,2014-01-09 16:33:05,4544.0,36.058429,24.8855,24,Nationwide Refinery
106,2014-01-09 17:06:01,2014-01-14 12:28:17,415336.0,36.048051,24.879572,2,Brew've Been Served
106,2014-01-14 13:20:01,2014-01-14 14:19:08,3547.0,36.074397,24.845928,15,Jack's Magical Beans
106,2014-01-14 15:35:04,2014-01-14 16:34:10,3546.0,36.058433,24.885492,24,Nationwide Refinery
106,2014-01-14 16:37:13,2014-01-15 08:38:14,57661.0,36.048051,24.879572,2,Brew've Been Served
106,2014-01-15 08:53:43,2014-01-15 10:08:04,4461.0,36.058458,24.88555,24,Nationwide Refinery
106,2014-01-16 12:45:44,2014-01-16 13:24:47,2343.0,36.050963,24.825924,5,Bean There Done That
107,2014-01-06 09:06:36,2014-01-06 10:03:33,3417.0,36.058461,24.885473,24,Nationwide Refinery
107,2014-01-06 10:18:37,2014-01-06 11:34:27,4550.0,36.054141,24.908109,13,Stewart and Sons Fabrication
107,2014-01-06 11:38:46,2014-01-07 08:48:40,76194.0,36.048046,24.879572,2,Brew've Been Served
107,2014-01-07 10:44:31,2014-01-07 11:35:41,3070.0,36.054131,24.908135,13,Stewart and Sons Fabrication
107,2014-01-07 14:25:08,2014-01-07 15:22:27,3439.0,36.064098,24.841368,28,Maximum Iron and Steel
107,2014-01-07 15:46:53,2014-01-08 08:58:12,61879.0,36.051551,24.880025,2,Brew've Been Served
107,2014-01-08 09:44:23,2014-01-08 10:17:02,1959.0,36.058463,24.885539,24,Nationwide Refinery
107,2014-01-08 10:54:15,2014-01-08 11:58:09,3834.0,36.054171,24.908164,13,Stewart and Sons Fabrication
107,2014-01-08 14:29:11,2014-01-08 15:20:06,3055.0,36.064049,24.841395,28,Maximum Iron and Steel
107,2014-01-09 08:47:01,2014-01-09 10:17:26,5425.0,36.058436,24.885519,24,Nationwide Refinery
107,2014-01-09 10:42:37,2014-01-09 11:43:24,3647.0,36.05416,24.908171,13,Stewart and Sons Fabrication
107,2014-01-09 11:51:01,2014-01-09 13:24:54,5633.0,36.055079,24.880437,10,Carlyle Chemical Inc.
107,2014-01-09 15:02:55,2014-01-09 15:17:21,866.0,36.064066,24.841378,28,Maximum Iron and Steel
107,2014-01-09 15:47:27,2014-01-10 09:03:45,62178.0,36.051559,24.880007,2,Brew've Been Served
107,2014-01-10 09:13:49,2014-01-10 10:06:03,3134.0,36.058436,24.885496,24,Nationwide Refinery
107,2014-01-10 10:42:37,2014-01-10 11:55:06,4349.0,36.054167,24.908149,13,Stewart and Sons Fabrication
107,2014-01-13 09:01:49,2014-01-13 10:19:08,4639.0,36.058444,24.885527,24,Nationwide Refinery
107,2014-01-14 09:34:59,2014-01-14 10:05:58,1859.0,36.05844,24.885519,24,Nationwide Refinery
107,2014-01-14 10:34:16,2014-01-14 11:59:01,5085.0,36.054145,24.908088,13,Stewart and Sons Fabrication
107,2014-01-15 09:36:19,2014-01-15 10:17:21,2462.0,36.058471,24.885528,24,Nationwide Refinery
107,2014-01-15 11:05:01,2014-01-15 11:49:01,2640.0,36.054171,24.908137,13,Stewart and Sons Fabrication
107,2014-01-15 13:40:19,2014-01-15 14:13:35,1996.0,36.065271,24.833103,28,Maximum Iron and Steel
107,2014-01-15 15:26:03,2014-01-15 15:51:19,1516.0,36.058596,24.880893,10,Carlyle Chemical Inc.
107,2014-01-16 08:52:43,2014-01-16 10:22:20,5377.0,36.058468,24.885522,24,Nationwide Refinery
107,2014-01-16 10:55:54,2014-01-16 11:49:53,3239.0,36.0542,24.908149,13,Stewart and Sons Fabrication
107,2014-01-16 11:54:12,2014-01-17 08:58:56,75884.0,36.048045,24.879573,2,Brew've Been Served
107,2014-01-17 11:03:01,2014-01-17 11:34:57,1916.0,36.054147,24.908146,13,Stewart and Sons Fabrication
107,2014-01-17 11:39:16,2014-01-17 11:53:01,825.0,36.04807,24.879571,2,Brew've Been Served
